47
e79eb9
4000
4000
4000
4000
4000
4000
4000
4000
4000
4000
4000
4000
4000
4000
4000
4000
4000
4000
4000
4000
4000
4000
4000
4000
4000
4000
4000
4000
4000
4000
4000
4000
4000
4000
4000
4000
4000
4000
4000
4000
4000
4000
4000
4000
4000
4000
4000
4000
4000
4000
4000
4000
4000
4000
4000
4000
4000
4000
4000
4000
4000
4000
4000
4000
4000
4000
4000
4000
4000
4000
4000
4000
4000
4000
4000
4000
4000
4000
4000
4000
4000
4000
4000
4000
4000
4000
4000
4000
4000
4000
4000
4000
4000
4000
4000
4000
4000
4000
4000
4000
4000
4000
4000
4000
4000
4000
4000
4000
4000
4000
4000
4000
4000
4000
4000
4000
4000
4000
4000
4000
4000
4000
4000
4000
4000
4000
4000
4000
4000
4000
4000
4000
4000
4000
4000
4000
4000
4000
4000
4000
4000
4000
4000
4000
4000
4000
4000
4000
4000
4000
4000
4000
4000
4000
4000
4000
4000
4000
4000
4000
4000
4000
4000
4000
4000
4000
4000
4000
4000
4000
4000
4000
4000
4000
4000
4000
4000
4000
4000
4000
4000
4000
4000
4000
4000
4000
4000
4000
4000
4000
4000
4000
e79eb9
402a
402a
402a
402a
402a
402a
402a
402a
402a
402a
402a
402a
402a
402a
402a
402a
402a
402a
402a
402a
402a
402a
402a
402a
402a
402a
402a
402a
402a
402a
402a
402a
402a
402a
402a
402a
402a
402a
402a
402a
402a
402a
402a
402a
402a
402a
402a
402a
402a
402a
402a
402a
402a
402a
402a
402a
402a
402a
402a
402a
402a
402a
402a
402a
402a
402a
402a
402a
402a
402a
402a
402a
402a
402a
402a
402a
402a
402a
402a
402a
402a
402a
402a
402a
402a
402a
402a
402a
402a
402a
402a
402a
402a
402a
402a
402a
402a
402a
402a
402a
402a
402a
402a
402a
402a
402a
402a
402a
402a
402a
402a
402a
402a
402a
402a
402a
402a
402a
402a
402a
402a
402a
402a
402a
402a
402a
402a
402a
402a
402a
402a
402a
402a
402a
402a
402a
402a
402a
402a
402a
402a
402a
402a
402a
402a
402a
402a
402a
402a
402a
402a
402a
402a
402a
402a
402a
402a
402a
402a
402a
402a
402a
402a
402a
402a
402a
402a
402a
402a
402a
402a
402a
402a
402a
402a
402a
402a
402a
402a
402a
402a
402a
402a
402a
402a
402a
402a
402a
402a
402a
402a
402a
e79eb9
505402a
505402a
505402a
505402a
505402a
505402a
505402a
505402a
505402a
505402a
505402a
505402a
505402a
505402a
505402a
505402a
505402a
505402a
505402a
505402a
505402a
505402a
505402a
505402a
505402a
505402a
505402a
505402a
505402a
505402a
505402a
505402a
505402a
505402a
505402a
505402a
505402a
505402a
505402a
505402a
505402a
505402a
505402a
505402a
505402a
505402a
505402a
505402a
505402a
505402a
505402a
505402a
505402a
505402a
505402a
505402a
505402a
505402a
505402a
505402a
505402a
505402a
505402a
505402a
505402a
505402a
505402a
505402a
505402a
505402a
505402a
505402a
505402a
505402a
505402a
505402a
505402a
505402a
505402a
505402a
505402a
505402a
505402a
505402a
505402a
505402a
505402a
505402a
505402a
505402a
505402a
505402a
505402a
505402a
505402a
505402a
505402a
505402a
505402a
505402a
505402a
505402a
505402a
505402a
505402a
505402a
505402a
505402a
505402a
505402a
505402a
505402a
505402a
505402a
505402a
505402a
505402a
505402a
505402a
505402a
505402a
505402a
505402a
505402a
505402a
505402a
505402a
505402a
505402a
505402a
505402a
505402a
505402a
505402a
505402a
505402a
505402a
505402a
505402a
505402a
505402a
505402a
505402a
505402a
505402a
505402a
505402a
505402a
505402a
505402a
505402a
505402a
505402a
505402a
505402a
505402a
505402a
505402a
505402a
505402a
505402a
505402a
505402a
505402a
505402a
505402a
505402a
505402a
505402a
505402a
505402a
505402a
505402a
505402a
505402a
505402a
505402a
505402a
505402a
505402a
505402a
505402a
505402a
505402a
505402a
505402a
505402a
505402a
505402a
505402a
505402a
505402a
e79eb9
80004080
80004081
80004082
80004083
80004084
80004085
80004086
80004087
80004088
80004089
8000408a
8000408b
8000408c
8000408d
8000408e
8000408f
80004090
80004091
80004092
80004093
80004094
80004095
80004096
80004097
80004098
80004099
8000409a
8000409b
8000409c
8000409d
8000409e
8000409f
800040a0
800040a1
800040a2
800040a3
800040a4
800040a5
800040a6
800040a7
800040a8
820040a9
840040aa
870040ab
890040ac
8b0040ad
8e0040ae
900040af
920040b0
950040b1
970040b2
990040b3
9c0040b4
9e0040b5
a00040b6
a20040b7
a50040b8
a70040b9
a90040ba
ac0040bb
ae0040bc
b00040bd
b30040be
b50040bf
b70040c0
ba0040c1
bc0040c2
be0040c3
c00040c4
c30040c5
c50040c6
c70040c7
ca0040c8
cc0040c9
ce0040ca
d10040cb
d30040cc
d50040cd
d80040ce
da0040cf
dc0040d0
df0040d1
e10040d2
e30040d3
e50040d4
e80040d5
ea0040d6
ec0040d7
ef0040d8
f10040d9
f30040da
f60040db
f80040dc
fa0040dd
fd0040de
ff0040df
10040e0
30040e1
60040e2
80040e3
a0040e4
d0040e5
f0040e6
110040e7
140040e8
160040e9
180040ea
1b0040eb
1d0040ec
1f0040ed
210040ee
240040ef
260040f0
280040f1
2b0040f2
2d0040f3
2f0040f4
320040f5
340040f6
360040f7
390040f8
3b0040f9
3d0040fa
400040fb
420040fc
440040fd
460040fe
490040ff
4b004000
4d004001
50004002
52004003
54004004
57004005
59004006
5b004007
5e004008
60004009
6200400a
6400400b
6700400c
6900400d
6b00400e
6e00400f
70004010
72004011
75004012
77004013
79004014
7c004015
7e004016
7f004017
7f004018
7f004019
7f00401a
7f00401b
7f00401c
7f00401d
7f00401e
7f00401f
7f004020
7f004021
7f004022
7f004023
7f004024
7f004025
7f004026
7f004027
7f004028
7f004029
7f00402a
7f00402b
7f00402c
7f00402d
7f00402e
7f00402f
7f004030
7f004031
7f004032
7f004033
7f004034
7f004035
7f004036
7f004037
7f004038
7f004039
7f00403a
7f00403b
7f00403c
7f00403d
7f00403e
7f00403f
e79eb9
7f00403f
7f00403e
7f00403d
7f00403c
7f00403b
7f00403a
7f004039
7f004038
7f004037
7f004036
7f004035
7f004034
7f004033
7f004032
7f004031
7f004030
7f00402f
7f00402e
7f00402d
7f00402c
7f00402b
7f00402a
7f004029
7f004028
7f004027
7f004026
7f004025
7f004024
7f004023
7f004022
7f004021
7f004020
7f00401f
7f00401e
7f00401d
7f00401c
7f00401b
7f00401a
7f004019
7f004018
7f004017
7e004016
7c004015
79004014
77004013
75004012
72004011
70004010
6e00400f
6b00400e
6900400d
6700400c
6400400b
6200400a
60004009
5e004008
5b004007
59004006
57004005
54004004
52004003
50004002
4d004001
4b004000
490040ff
460040fe
440040fd
420040fc
400040fb
3d0040fa
3b0040f9
390040f8
360040f7
340040f6
320040f5
2f0040f4
2d0040f3
2b0040f2
280040f1
260040f0
240040ef
210040ee
1f0040ed
1d0040ec
1b0040eb
180040ea
160040e9
140040e8
110040e7
f0040e6
d0040e5
a0040e4
80040e3
60040e2
30040e1
10040e0
ff0040df
fd0040de
fa0040dd
f80040dc
f60040db
f30040da
f10040d9
ef0040d8
ec0040d7
ea0040d6
e80040d5
e50040d4
e30040d3
e10040d2
df0040d1
dc0040d0
da0040cf
d80040ce
d50040cd
d30040cc
d10040cb
ce0040ca
cc0040c9
ca0040c8
c70040c7
c50040c6
c30040c5
c00040c4
be0040c3
bc0040c2
ba0040c1
b70040c0
b50040bf
b30040be
b00040bd
ae0040bc
ac0040bb
a90040ba
a70040b9
a50040b8
a20040b7
a00040b6
9e0040b5
9c0040b4
990040b3
970040b2
950040b1
920040b0
900040af
8e0040ae
8b0040ad
890040ac
870040ab
840040aa
820040a9
800040a8
800040a7
800040a6
800040a5
800040a4
800040a3
800040a2
800040a1
800040a0
8000409f
8000409e
8000409d
8000409c
8000409b
8000409a
80004099
80004098
80004097
80004096
80004095
80004094
80004093
80004092
80004091
80004090
8000408f
8000408e
8000408d
8000408c
8000408b
8000408a
80004089
80004088
80004087
80004086
80004085
80004084
80004083
80004082
80004081
80004080
e79eb9
4000
7004001
f40040fe
13004003
e80040fc
20004005
db0040fa
2c004007
cf0040f8
39004009
c20040f6
4500400b
b60040f4
5100400d
a90040f2
5e00400f
9d0040f0
6a004011
900040ee
77004013
840040ec
7f004015
800040ea
7f004017
800040e8
7f004019
800040e6
7f00401b
800040e4
7f00401d
800040e2
7f00401f
800040e0
7f004021
800040de
7f004023
800040dc
4000
fa0040ff
d004002
ee0040fd
19004004
e10040fb
26004006
d50040f9
32004008
c80040f7
3f00400a
bc0040f5
4b00400c
b00040f3
5800400e
a30040f1
64004010
970040ef
71004012
8a0040ed
7d004014
800040eb
7f004016
800040e9
7f004018
800040e7
7f00401a
800040e5
7f00401c
800040e3
7f00401e
800040e1
7f004020
800040df
7f004022
800040dd
7f004024
4000
7004001
f40040fe
13004003
e80040fc
20004005
db0040fa
2c004007
cf0040f8
39004009
c20040f6
4500400b
b60040f4
5100400d
a90040f2
5e00400f
9d0040f0
6a004011
900040ee
77004013
840040ec
7f004015
800040ea
7f004017
800040e8
7f004019
800040e6
7f00401b
800040e4
7f00401d
800040e2
7f00401f
800040e0
7f004021
800040de
7f004023
800040dc
4000
fa0040ff
d004002
ee0040fd
19004004
e10040fb
26004006
d50040f9
32004008
c80040f7
3f00400a
bc0040f5
4b00400c
b00040f3
5800400e
a30040f1
64004010
970040ef
71004012
8a0040ed
7d004014
800040eb
7f004016
800040e9
7f004018
800040e7
7f00401a
800040e5
7f00401c
800040e3
7f00401e
800040e1
7f004020
800040df
7f004022
800040dd
7f004024
4000
7004001
f40040fe
13004003
e80040fc
20004005
db0040fa
2c004007
cf0040f8
39004009
c20040f6
4500400b
b60040f4
5100400d
a90040f2
5e00400f
9d0040f0
6a004011
900040ee
77004013
840040ec
7f004015
800040ea
7f004017
800040e8
7f004019
800040e6
7f00401b
800040e4
7f00401d
800040e2
7f00401f
800040e0
7f004021
800040de
7f004023
800040dc
4000
fa0040ff
d004002
ee0040fd
19004004
e10040fb
26004006
1e79ea9
407f
407f
407f
407f
407f
407f
407f
407f
407f
407f
407f
407f
407f
407f
407f
407f
407f
407f
407f
407f
407f
407f
407f
407f
407f
407f
407f
407f
407f
407f
407f
407f
407f
407f
407f
407f
407f
407f
407f
407f
407f
407f
407f
407f
407f
407f
407f
407f
407f
407f
407f
407f
407f
407f
407f
407f
407f
407f
407f
407f
407f
407f
407f
407f
407f
407f
407f
407f
407f
407f
407f
407f
407f
407f
407f
407f
407f
407f
407f
407f
407f
407f
407f
407f
407f
407f
407f
407f
407f
407f
407f
407f
407f
407f
407f
405a
405a
405a
405a
405a
405a
405a
405a
405a
405a
405a
405a
405a
405a
405a
405a
405a
405a
405a
405a
405a
405a
405a
405a
405a
405a
405a
405a
405a
405a
405a
405a
405a
405a
405a
405a
405a
405a
405a
405a
405a
405a
405a
405a
405a
405a
405a
405a
405a
405a
405a
405a
405a
405a
405a
405a
405a
405a
405a
405a
405a
405a
405a
405a
405a
405a
405a
405a
405a
405a
405a
405a
405a
405a
405a
405a
405a
405a
405a
405a
405a
405a
405a
405a
405a
405a
405a
405a
405a
405a
405a
405a
405a
405a
405a
405a
405a
a56fad
7f0c6a52
80ec3a06
80c6bd56
7f5f6b27
7f48b896
80e9c1e0
8094a01f
80fe2e46
80a6fd29
80e99b83
7f4dbe47
80a78f7b
80c93e6f
7f559fa8
7f5ee1ab
7f26b8db
809003c9
7f7eaca8
7f68304f
80e12951
80e73d29
7f719439
7f5a3036
80af40d9
7f0fe3ff
80d7ab07
7f488a38
80fd9604
7f2008ce
80a55994
808bebcc
7f1b4d87
7f160ed2
7f10553c
7f685e47
7f1f0f30
80a44224
809e2b76
7f12c76a
80df5108
80c37e2c
7f32a249
80beb265
80f2c31c
7f0c7df0
7f2070d1
808055f5
80adda9b
80d130ad
7f76f846
80fed342
80c56105
7f16fb2e
80b0e7aa
7f6a3fa1
80b81790
7f13ed84
80dc8316
808374dc
7f7187c7
7f5bd860
80f4abbe
7f2ef525
7f02d2a9
80cf40fb
7f487fe0
80d2e604
7f72e783
80ad775c
80c2cf16
7f2df680
80cea042
7f7c55a7
7f7835dc
809da022
80bf1988
80c34caa
7f28a0d9
7f152e7c
7f29d510
7f13d3f7
80a2147f
7f44091f
80ffe21e
7f5a3c20
7f31f35c
7f56f975
80b5df89
80bb407e
80ffdf45
80be770b
7f619cc1
7f2177ee
80dc7a81
80ad6afa
80b819df
80ddfd5d
7f0669db
7f1516bd
808e4aad
80bc43ee
7f548ac6
80e21366
80e5f668
80cf0310
80872454
7f6893d7
80d67a5e
7f36fafa
7f258da7
80a9315c
80c76d7f
8089d0c0
8086f76c
80eb01b9
7f0e5152
80f2178c
8097c331
80a4c084
7f2a8be9
7f26fcd9
7f4be033
80d44c22
7f133d65
80f5c47b
7f001e07
7f4b3fd4
7f2d14a0
7f60bc50
7f6da559
7f63e5b0
809acab1
80bc63c7
7f5747b5
7f22a023
7f772571
80f3746a
80b9aaa9
7f0c0289
8099fc80
7f5dc60d
80c7c5b2
80b5e04c
80c8453e
80e72c86
7f79ec2c
80e75561
7f68ada3
7f325649
80adeaad
80ee7e33
7f4874cc
80d36e8f
80c0c03d
808279e3
80f7a6bf
7f405c32
808f0a52
7f2d641f
80c68297
80b67bed
7f0ef2e6
7f25cc54
7f545553
8081e09b
80ad1a0a
7f730954
80efb749
7f5b8699
7f1140b4
80d1cb9a
7f2dbe99
80b87a54
80d4cb6c
809d7ce8
80a60a12
7f45fff5
80b2a9b0
80e48b72
80e8e17a
7f2a03d9
7f7c92eb
809aff00
7f074271
7f7f2a50
7f67742a
7f6ce0cb
7f4c9d42
7f11f020
7f6fba61
80b82bb4
80db20d8
727135
d40e4c
849d6c
8ed2c6
3de52a
29e927
cfe6de
8401d3
382b7e
a3c1a1
95002f
ba060f
30e920
d6bf62
507d9e
d5996c
51be63
6247e
7c832c
3d31e8
c40fe2
737038
5a86b1
253cdb
97dc52
976fef
afe9bb
35881c
7a8ab1
f2f2f
974cd2
22390b
ace96
6cc61
1521cf
4fc952
627f91
ff5d3b
1c62c2
7a39ca
40e4f6
46be62
d7c5a3
b58044
d3fcd8
4cec92
55b183
641692
80ff83
efc584
e4f458
244e48
b3dad7
ea1029
ba438a
d32560
e88cd1
f5ae61
cb0673
d307d6
5bcae2
b60a6c
b662a0
ae27e8
1e80e3
a4d628
c0c410
81cf3b
6816ce
8f488b
fa1681
45ca5c
461267
bd660
3d776a
a201b0
cc2427
392ad4
ec37f7
7054d0
aca915
e74424
c370b1
5f9041
47fbc2
ff5a6d
178796
40f7b2
f7f01b
ca4199
7abc23
a9d8b3
536824
37af7b
76681a
d9b923
a35e5b
bfc899
cd5a0b
32e1f7
5efbad
89ca80
7e824f
c81bbd
ef92ec
c019fa
81de18
c0d308
7d43ce
7004f8
212c
acae05
24ceb2
78005d
7795d
3e142b
6b409e
d72107
10d9e1
ac598a
50256f
44b797
bb6c0d
7271b1
7271f4
7e363a
489956
1c6569
9cd042
32537a
65bd28
13f50c
e78f27
c44158
be444e
c242a1
547793
4ec70b
e4df93
fbd088
b23e7e
a06492
2e0e94
c689d5
4d6008
804f1a
567f47
a37ab1
1d7a72
6cd23d
744a7
bfa48b
44baba
5f18d0
ef7eab
60a270
474923
d700e1
b83a37
d3d3c
877d67
7ada8b
a41ad
b12051
1da92e
88a5b1
bb50bf
7f9c62
bf4128
343bb8
91acdb
1fd363
80a103
a2b42b
60a453
32667b
f2c855
c1d30b
1382d6
8534f8
7c5864
4ee9ca
1cb40f
1504d1
3196b3
5b2ba1
efe254
c279cc
2103f3
e4f2ec
9372fc
48b173
c90c04
a8c077
7f1570a9
7f16ef69
7f079df0
80f77faa
7f45ae21
7f786236
80e22560
7f1dd337
809c1c7f
7f5064c6
7f2438e7
80ccbfb0
80e50aff
80b4349d
80a1be22
8082e239
80926d60
80ab3440
7f3dfe28
80c28b65
80fda006
7f60cdbd
80898501
80f31828
7f554eca
80d81645
80b84534
7f5f1809
7f3c6d8d
80a06af2
80e067f4
8081ca43
7f0f3535
7f535f36
7f5028cb
7f10102a
7f1ddc4d
80f002d7
808be0a5
80ff0cf7
80efad0b
7f5fa3a4
80f1d131
80c1cfea
7f67c1ea
8098e4c8
7f19ac6f
80c618f5
80da046a
80da3cb3
80e286f3
7f6692bc
7f08cde6
7f51287c
80d9543c
7f613de2
7f3041b7
7f37c315
7f27e212
7f186e61
8081d5e7
7f0998a6
7f53a005
7f617293
80fa45e9
7f7b2508
8099f41c
80bda25c
808eaedb
7f593fed
7f0f25ca
80c3998a
7f24ffc7
7f691f68
80fd59ef
7f019bb5
7f58b66e
80fa692a
80ab3e54
7f7b0689
7f2b6e5f
7f2d6421
80998e9f
80f35cdc
809f7f71
80a0887a
80aa9f3b
7f18bba0
80d241e0
808d9067
8090ad7a
7f38d9b5
7f011ef5
7f5c5be4
80c6d32c
7f14517c
80a92de9
808c3908
7f5da9aa
80810ac7
7f7d8067
808f96c2
7f60881e
7f47769e
7f7d2ecd
7f45adb4
7f17df2b
808ce0fd
808445f6
80b53ee6
80937028
8092612c
7f46df40
7f378544
7f475fc4
7f47b1b7
80b7f37e
808ff01d
7f27cb95
7f70b212
809b694f
8082f9a7
80bfc30e
80e115eb
7f7bf266
7f50913d
80d1b584
7f1bed6d
7f2897da
80c40193
7f15d622
7f78db5d
7f666742
7f5eb1f5
80db4982
8085d655
7f29e367
808546e0
80d84937
80be76f5
7f07c6f9
80aed8df
808c069d
7f749a19
80c3f41a
8083e6c6
8095f00c
7f67b325
8083521b
808d994c
808ca83e
80b396ab
7f053a3e
80ffb92a
8099bb2c
7f403838
80ebf3b1
7f74402c
80d2d006
808491a2
7f26fa33
80e65ec3
8000dc77
80b199fc
809e8608
80bb3ad7
808b2b2c
800032c6
7f5bc482
808a1466
7f29998c
80ad48b6
7f02410f
7f7c9836
80fb8912
7f4406fe
7f2d5db5
7f1cfab2
7f092042
8086f04a
7f0f94b9
7f314335
80aa51dd
808d649b
7f6c53b1
7f408bc3
80817d48
7f7feff1
80ffc2e6
7f687959
7f6821ca
80c7df67
bcd8eb
7f29a8e1
7f55c8eb
808d62de
80b700ff
7f26bf9e
80f3250b
7f720987
7f4c1bfd
80eb8895
80a193fe
808fd666
80d215de
7f6ae69d
80d20383
80d49fca
7f78e7bc
7f52bc78
80d06aef
7f4f2867
809d3666
8097d05a
7f60cada
80ca4d8f
7f6c6517
80b512c6
80b90ce9
80fc16bb
7f55856c
80c597e0
7f3d7016
80ad5e03
80bddd6a
7f6b39ee
7f1404dc
7f066057
7f075a33
7f0c14b9
80e337d4
80bc2120
80fae161
80d58bcb
80c05e49
7f661ac9
7f0de62d
80e83781
7f6f30cb
7f0ec009
80f98177
80f09df8
7f10bd63
80e7d4b5
7f4566c0
7f3d06c6
80b47e5d
80916470
7f438e9c
7f3f4a17
80803d8f
80971e08
7f71bac8
7f0fe679
809c3443
80d6931c
7f6c0f32
80d89939
7f5f5b64
80decbaa
80a7569f
7f2a3671
7f54e2ac
7f20039a
8095d926
7f437ef4
3a46
808f61c1
80bb359e
80a1396e
8091fbef
80ce303f
8094d0a5
80873b5a
80ac6ef8
7f047d6b
7f3c8d48
7f4316e6
8080211b
7f3a7ec3
7f2135e6
7f14e13a
80828ea9
7f33c841
80e32a39
7f2bcf63
80b59bb7
7f4db3dc
7f2e601d
80e1a05e
7f58c29d
7f0f4bb8
80dda484
80bfa654
7f4b3a30
2e3b
7f39982f
7f5972e2
7f77c1e7
80e4b80c
7f4a6136
7f427f1b
7f2a7893
7f079d5e
7f138c1a
7f7b2623
80a54a31
7f63a933
7f253494
7f12ba1b
80c140bb
7f1a1a2e
7f45fa1f
7f2892de
7f02771d
8092ec1e
7f7bfc11
8095cefb
80b7b2d3
7f19e094
80e86ecf
7f181d95
80aa6f6b
80c7735b
80a0b8af
7f6eee2f
7f634a50
80f03554
7f2d5f14
7f1d4eee
7f25337c
809722db
80de1847
7f6b91fd
7f4e5063
80a47633
7f7c7b25
7f4a00ca
80d990c1
80e244e2
80ac7ec4
8089834b
7f7393e7
7f1ea308
7f166d22
7f7c2d3e
80f578d8
7f71f299
7f52896f
80c1639c
7f402bec
809f5314
808414b4
80a609c3
7f114f8d
80d9ac18
809353e9
808bf95b
7f0e8f1b
7f48d750
7f4cb3be
7f237920
7f567280
8095ab03
80acbcfb
7f33855c
7f115cc4
7f78498c
80ee687c
7f4bc0ca
80f35bb5
80b6e902
80f31a58
7f07bb59
80e7e72e
7f754ac0
80929232
7f3d2a65
80ad4070
7f7f29b3
7f203e8b
7f601222
809fced9
80b041e1
7f6e7084
c2fb27
811cd32
e2c4401d
ecd9fc5b
1d3a4364
e1b9ba0
d19444a
f1e2578c
1e3cf8d6
204fb6d
e1c3e047
274ebd8a
f9f2cce2
911a2d9
d3a6ded4
f8f1519e
397348be
2e5caaf7
356abe95
142834ba
c18e289
2a54ba41
1225f35b
3972c372
2d5b3ae6
d3a5c0a8
70e8686
faf4281a
d5aa31cb
366c0f02
dbb79f68
3972a5b0
1e3befdf
fbf749ed
f6ed5be5
20406f42
fbf6ab3b
2d5a6251
c487ead0
ffffc02e
162c2bf9
faf4bd3c
d9b14f6d
1121fdeb
2345143a
debb9db0
3e7d1dd8
efdd6168
24486f7f
3d792939
f5e980e7
d9b1a0fb
e0c02457
289f
e7cf13a0
132703c6
ce9c6a63
3e7c8679
ecd8f3a0
c3862323
1e3b3b63
c080bc6c
316278b5
2f5e3319
2142cf93
d9b27e09
c1829c47
b160149
c68ce4eb
254bc409
387172d3
3c77bab5
ce9c378d
1c381cad
ce9ceeaa
eedb2027
307ba73
3b762908
33662da9
d3a65964
dab58364
eedbfca2
33660cff
ce9c83c7
1d3ab815
eedcbdc5
2048781
c78f5e81
e5ca64ed
c488c097
ecd84592
f7ee65b9
9129295
c4886574
f3e649dc
e0c1861f
21418f86
1d3ba225
f8f03f05
356a3b0c
c58a9912
f0e01613
fcf83b42
faf479ca
f1e3558f
f4e7a8b9
fcf8b2dd
810f8ea
152a1a51
c9922103
12244102
c18a11b
316244ac
a13fe82
e6cdb15e
2e5bc3c3
e6cb7a5a
c68d798b
f5ea1d34
32645034
4078bfc
f5ea85fe
14281f2e
33670581
3061cd72
d4a949eb
3d7acaad
e4c8532a
e9d1c6b0
10309ba
f3e6cf26
408ee85
d09f9ead
e9d25f4a
2e5c83cc
1b368f7a
efde11dd
e1c39069
3163b22e
274d1876
274f8e19
c8906a55
e1c19b0
b15bbc1
3c77d098
c891b302
d9b2826b
1b36b48c
376ec36e
29526212
18306876
172d6438
3973875f
2245fd7c
d8af486d
dab5a179
1e3cdb91
29530eca
e5c9afd9
193237db
60d43a3
2049d53
e6cc5dc9
108b3
d2a4c829
e6cc5642
172e8b63
f7ed6344
cb9616fa
376ea420
e6cc4114
f5e97f0c
dcb84021
c387f939
f4e78be6
2b55dbe8
60be0e3
3b763418
70fe04a
23463eb8
d1a293c9
d1beb36
fefc6129
e1ba6c3
f6eca3d3
31624965
e7ceae23
c78f5c80
2c589918
ebd598ee
c68c2dbf
80f7e19
f8ef8fbd
94dae0
80e3ca95
7f0529a6
809fccd9
7f60f1ca
7f373256
7f57933b
7f3481b4
80b95b6e
80add993
80fa02bf
80c04152
7f219bae
7f17acb2
7f7af1c7
7f42fec7
7f1a9fd8
7f29f36d
7f434e93
7f0b85b7
7f479703
7f299e4f
80e94e8d
7f33cdc7
80dc4343
80c26356
7f4cb610
7f72782e
80bac0ce
7f019197
80fd52f8
80c2611e
80deba42
80c7029e
b5de
7f61eb02
80f61487
80bde245
80e20a0b
80ac0ef1
7f29288f
80e9d77c
7f77c9c7
80cde33e
80ee68d3
80b28a0e
808c806e
80b34bb4
809c2ef8
7f4083e4
8092404d
80e1dbbd
7f14d754
80d4949b
7f31543d
808866b9
80e7c160
7f14f5a2
7f7d759d
7f6973cf
7f67539f
80aa7c63
80a9e052
80e107e8
80c125b3
7f6b1ec1
7f4275c0
7f6b8eb8
7f7dd98e
809f3d60
7f4e0118
7f4b9803
80e19b74
80f582ce
809f67e0
7f0b62b8
7f2ceeaa
80c70f71
8091ef4c
7f527516
80c060f2
80f4c28a
7f5527e3
7f684082
80a860d6
7f2afc00
7f26e8c4
7f5cc3a4
7f20e9fa
7f530bef
809a6e53
80b3d7a5
808b6e1d
80d03408
7f0a52a8
80d2100d
7f42b5b2
80f5b778
7f27ef0f
80b306e8
7f6a5f9f
7f1670ea
7f0a071b
7f04c4b2
7f139e15
80f71d75
80aef7fd
80c4fe1d
80fc746c
808b4ca8
80dacd31
80a641e9
7f30a642
80a41c68
7f0c6125
8089ffe6
7f493f5c
7f15a12b
7f2e5aad
80dc19a7
809eee99
7f67ee70
80a6c60a
80cb00dd
80f66df6
7f3fe259
80845368
7f2b7d20
8099047a
7f08869e
7f7397b6
80d548a3
7f3217c8
7f6e086a
80b59232
80a05937
7f765014
80b42dc7
80b58972
80d3463a
80861c35
80b6ec3e
7f787269
80e9868a
809c8d51
7f6bae65
7f68e3c6
7f2cd41a
7f1a590d
7f60b10c
7f02bd60
80e6af0a
7f40d1f0
80c1dac6
7f1cb005
7f581620
7f65b6ae
7f7399e5
7f6e3a86
7f12dadc
7f57544e
80e66dda
80a5d4bc
7f221bb0
80aee25f
80d3664c
80b1e2bf
80f0005a
80da7bfd
80e64276
80ec4c18
808e32c2
7f703eb0
808bd158
7f11262e
7f047796
80a5eaaa
7f2bc7ce
7f085694
7f48f7e7
80ae71e3
80adfd63
808f86de
7f0d2170
7f7bca02
80a67c2c
80de64be
7f25fbdf
7f2e575c
7f6a94c8
80e0b064
80d7d23a
80baa339
82cde4
80aa957f
80c6a255
7f398d8e
7f228cb1
80b81486
7f420fbb
808dc0ee
7f369b1e
80b1f8e7
7f1d1061
80f3bd70
80a3f678
7f3d7239
80c870ec
80bd21c2
80f6f5a4
809981b9
8090720e
80cc0110
80cac712
80ac099d
7f096869
80e2f184
7f3409d3
8054668a
7f4158a5
7ff8a6db
806b8b77
80ac26c0
80af7531
80ac5386
803853a2
80a5d9d6
7f173cdf
7f43b763
7f1187ff
7f11c9de
7ffea69f
80ab65ed
7f36d3e2
7f2381ed
7f71a955
7f1c5348
7f36324c
80c4da98
80a5f2b2
7f090080
8011821f
7f18e6fd
7f67720d
80f72b09
80abb075
7fe4454c
80a6f418
7f7232c2
80c5c6ea
7f226163
80e56adf
8014ab2d
80843c54
7f5966f1
7f707d51
7f69afac
7f45136a
802d648e
7f19a0b0
80d26b91
80af96d5
80bcab98
80aa1157
80004aab
7f5c26e4
7f584a2b
7fc17460
80a46bda
80aa6a97
803d508d
7f77a097
80980042
7f37c187
80e5f56e
80a1c6fc
80b87216
7f780e2f
80d308fb
80acafdf
7f7cdb88
80964b1c
80925237
809aee71
809ac6e2
80c9b2aa
80fbb710
80abd911
80f7db2e
7f5c7f26
80fc798b
80d2ebda
7f5bf368
7f62a80c
80e2f3ec
80d428f7
80869ae4
7f72698a
80980b6a
7fe3c5ac
7f398693
8093da5d
80d6b77d
7f7ff519
7f182817
7f0c0eb8
80e930c8
7f06a2eb
7f2a0ea3
80aca2da
7f0110fe
7f22d390
8084c4d0
80de65c3
808ed2bb
808d6ec7
80d28016
80d0a85b
7f566e54
7f36be0b
7fd09a8c
8085bd5f
80ccf469
80eb4af0
fa300d
7f0a93e9
80eb9d0a
7f464e0d
7f6b74a6
80c85138
7f1596ef
80d4b30d
8091c64e
8003b16d
7f6402e5
7f26512d
80d431c7
80951b4a
7f08cd83
7f0cb395
7f19b7d2
7f7c21d6
80bc075b
8088f0d0
80eb827d
7f7ca20c
7f574963
7f7e6f5b
7f3d1ec7
7f396e45
7f09de8a
7f6ebef0
808c8da4
7f7df0c7
7f1d7229
7f6cc514
80d6bd11
7f4e7f51
80afb02b
7f32ddae
8092ec66
80bfe055
80ecd6e9
80acaa31
80975cd0
7f44f029
80850610
80fc4581
80858852
80815530
7f550e68
7f5afec7
7f35f34b
80970742
8010977d
7f2b50bc
7f31fa2e
7fd36c3c
7f7e4cf9
7f768fd4
8041b56c
7fc18382
7f2c78e8
7f5bcf2f
808a4fa5
7f502f8a
270b68
521099
246a87
d7abba
d2f3c5
a050c7
e4cde3
4fd601
918e01
b7f175
223560
c49a23
ea253f
d6561f
f5266
33382e
8f622d
fdffa0
9f4d2b
afc34e
39a078
ca2c7f
5bf641
95cf2f
c7fc11
e7e6c5
fa5954
368b63
27a7f3
75d275
90e46b
991aec
1027e9
27e29e
be2f8d
91d8fd
45fa99
108021
137b46
676eb0
1d8e23
b090a3
ef1a6a
6f1587
6dfab2
d398d8
cf1226
539895
ecb36
436d3e
460203
1492b2
7bb36a
66d24
d031b1
bdffa4
c28573
1e00af
5208e1
e92f30
ecd696
f14c23
3e39b8
a4a45d
fcccdf
9a82e5
7e1209
a0c900
ed1aa8
536c42
e03ae2
ff4ed5
d1a5a0
9810fe
6f2bb8
f5e8d9
9175d9
503fcc
2379e8
65e8f7
aeddd5
8622e
23a9b8
c7b2d8
cee1d
302d9d
41c5db
1d129a
83f63f
fcaae1
98a7ee
9bf5ef
d3d07e
fb734f
7cd49c
4df028
2108a6
197109
e0b81f
f9ccce
d32fb4
7e756d
9e7c1b
b39bea
1e628f
2d87cb
883b83
1dfa1f
3f7855
cd7647
1bd028
4c83fa
1f96e9
82a151
c58bb5
7dd869
b0de80
a720ad
3617cb
5b00e
88e674
e28869
b44caa
8449e0
25cd61
c50cf0
5877d1
13a2db
9f1860
3ef1cf
d034b5
ea6669
d834a0
8b9e12
377ed2
4784c5
9912bd
dd1462
fff1
e1d4ef
53302a
d64a1d
6f6048
6d62e5
21d3af
cc62e1
8cc27a
2179ac
ca8841
14da69
24f29b
1ecab1
6e436c
e0e780
30044a
cfb748
2474ee
fc973
7cb8dd
559689
dc6ab4
cb18f9
a01943
695e51
2ec81b
661883
6c06ba
666c70
88141b
eb0041
40252
a9eeda
d33470
860c1a
400e8b
f97c0b
67c04c
69bb22
f7f5a
c80449
8bafc4
8c655c
d93bcf
f12958
59fa4
af54ec
7e9f52
253c71
df2831
f9bb2d
295e1
6bb2d4
116995
255cb0
8084c846
80db20b1
80907191
809e5703
7f220845
80e5238d
80e7d04c
808205c3
7f4267f9
7f3ea4e8
80b6a02c
80c42b62
80c9990e
80c25695
80e98356
80ca4ee3
80fa7d72
80a28a49
80d31aa4
7f5a078f
80dde817
808bfe75
7f5fdc4f
80f3ddcd
80d6f581
7f583ff0
7f1c59ca
7f415b9c
808ad8b4
80d9811d
80f8dd1f
7f53e6a1
80df6734
7f7c4ea1
7f5b6a2e
80c63862
7f097758
80ffec80
7f78cc3e
7f184411
80ce3b4a
7f3c132c
7f49ed04
80c20538
80d15a28
80c4d440
7f42fecc
80e72ceb
80b0f59c
809844ca
7f6d4b49
80ddc087
7f2ef648
7f694782
80c8face
7f65aaa7
7f771170
7f6c9dc2
809f6459
7f5d1da2
80daf90f
80e60766
80cbf99a
80bcabfb
80ac1530
8092abfd
7f095e05
80cd6ae5
7f22fa88
80ca1cc3
80c87c2b
80e89f6c
7f473509
809a294f
7f766495
80b7a07c
80f48649
7f7cd419
7f442bdc
7f56a776
7f68f8b2
7f6dd4e4
7f5407aa
80f0739c
7f53564b
7f2e6d62
80f87405
80e88540
7f2d1003
7f2405b0
7f6281ad
80c5e493
7f5b3f6b
7f3839d4
80cdba2c
80a2a996
809d9d4b
80b44ffb
80bb297d
80e0bc76
80a5dbd4
80d54d7c
7f32fd5b
7f56dc0e
7f682b33
7f2471f2
7f536599
7f2bb70d
7f4080f0
7f6fd474
7f3b944d
80c0cef1
80e8b38d
80bbea41
7f294bfc
80ae81e5
80b1b308
7f4870e7
80ac7412
80c63af1
80a342dd
80872097
7f251be5
80c5720a
80a4e9e5
80a92265
80c4d587
7f21b679
7f78791a
80ae43c6
80eede6d
7f321c3c
7f334263
7f591d32
8099c8a6
808500db
7f1be708
80e23e57
80ac1bf8
80bc47ab
80d912e0
80e813f8
7f0f7160
80b8f5be
80820140
80ab90f3
80c36f64
80edbdbc
7f554e0c
7f0d0df1
809cc191
808cfbcd
7f1b3777
7f24a7a8
80ab88fe
80be4a67
8089f9bc
7f7f7918
80d5a713
7f7f927c
7f4fd243
7f3d83d1
80c68b67
8085fcf0
7f52d6c8
808b2059
80eb82ce
7f30faa2
7f03b132
7f12dd46
7f50f34e
8081056a
7f5e11f7
80ba7e9f
7f0baa37
7f18079c
7f2f31e8
7f2d4cc2
80a95161
80fd862c
7f66c5ec
7f41b665
80eaa277
80d923ba
80d8376e
7f473547
80f8e6ec
80e9ace8
80bfb31a
80fdb2f9
80b500fc
7f79d467
1bc87b
caa788
b20154
62d8f4
d9c1b5
afc6db
81d72b
1a441c
16f6eb
4dda9
3a3411
95d5ea
5ede4
93dc9e
735164
45cfbe
823a4f
ba1293
e3cd6e
1867f5
4b5db8
760d4f
4a3e63
a4903f
995c97
21fd3c
6cb2dc
24f4de
96457b
749b86
727192
7c996e
b8c213
79c1a8
b7370d
86a2a9
33965e
f83f93
7cc027
5224f4
61e692
bc801c
548fc4
ba679
8ac109
d02689
1abcde
699b15
345126
6a5c82
7e5e40
d2e238
e2808e
cd97e0
988c95
ef3251
1ec203
18d3b5
5821d2
7128b3
6a4a3d
475120
e0a02b
c07517
e7f636
847d22
bd5c49
199f1b
a598eb
e28d32
1189f
c1bff8
cacb2a
381b43
d27c0d
a10b0a
8bf931
b26b28
6524aa
9565a0
e6c46e
12c07
539f5f
8de020
e6e34c
4a8a1a
95deb7
93b6c7
bfe0ba
4765e9
c655ab
c590e
15909a
8c8b65
fcaee1
2e8a7e
f50936
8de66f
e84472
9df7a
845a1a
850f5b
2bd615
153f4
715ff0
3b10a5
165f68
ae6770
7a15db
e06e5b
ecad20
b410a
16c464
91b238
a2ea53
8d62a2
bcfd75
6355cf
edbcea
f9f23b
ca15a5
5e35a4
9cd875
7c4133
912825
6da906
6ee4e0
38efc2
d685a3
b85c3
391d88
db72be
c29a0a
dc1cdc
9a449c
7aa3be
a23433
e48263
a04156
a950d0
f6a7
c66ad7
1c8670
b59dd9
8f3278
6e6a8e
69b6e4
96554
ba572b
4ec9d1
1ba729
a8b023
8da59c
cb613b
f62a5f
ebe7e9
a4323f
b86cb8
fd7350
5b28ee
9231c3
9d2ac4
1f7d2
24588
a35585
5ffd63
ece682
8807e5
6789fa
14cf0f
eb5644
20fe58
74ecd6
3ac467
6caad2
fda66d
d864d0
4d919b
672399
8882bd
ee3ebb
509ffc
c0daf8
7988c5
2d4499
c212be
bf53bf
d21d5a
469a8
fe0fc2
dc4170
d3a423
f1d18c
fd5466
808b2d2d
80f4a1d2
80bf2baa
7f5ebaa5
80a19904
808454b3
80a81f93
80ffa53a
7f0afb91
7f28bb90
80993154
80e9f426
7f011db7
80c51058
7f5f17ec
80f37663
80cebab5
80843a63
7f2024d6
7f6ef4ba
80fe5c18
7f4b55b3
7f199d7d
7f56de05
7f5a79c9
80a35522
8093ed58
7f4a9ef4
80ece615
7f313087
7f4d6569
7f2a1845
80ddc271
7f6975d8
7f13791a
80911496
80c5d9f0
7f12c905
7f4dcbc4
7f5b107f
7f02efba
80e3f3de
808227e6
80d1ed92
80c1ce1c
80e7d078
80fbac88
7f644d5f
80cdb97c
80b9f5b9
80aa8a0c
7f33ce33
7f7f4bee
80e3eb6e
7f63cc16
80fdcea8
80f2f856
7f1c21f0
80812a96
7f349fc0
7f42d79b
7f5db0e1
80e01c48
7f6156b0
808b4c8b
7f02e9c9
7f60dc2c
80e0a312
7f4bf980
7f73a19e
7f524a8b
7f4e6af9
809bbc3b
80ce5420
80d94f28
7f3d3893
7f2de518
7f627590
7f2caa83
7f3f2e23
7f7a6033
7f1ad6c5
7f40e391
80aea7ce
7f316a05
7f11e8bd
80a16696
7f20098d
80d8ae99
7f32a4f0
8081868e
80bdca2e
7f60b149
80d6db38
80a4d5ec
7f47bc43
7f2386b9
80eb16ff
80a7b0ff
80b14133
7f3d2695
7f0a2f94
7f51bdbd
7f3a641a
80cbc23f
7f488a8a
7f1213a6
7f696b34
80b84f1b
7f65f3f9
7f0cf558
7f04dd76
80e2a588
80c087f9
7f6fb0ed
7f4ef1ce
80f4ea13
80ca552f
80f51194
7f071485
80e61bf6
7f1b4a76
7f1fc0cd
7f536188
7f3e83d0
80f84290
7f704e85
7f27e2eb
7f2bcc08
809106b3
808afb41
80ebf4d0
7f3790a0
7f4508fa
7f55b794
8097a440
80ca574b
7f5970a2
7f37379a
80be376e
7f3837ea
7f2e081d
80c520bc
80abc413
7f538a3d
80bb1654
7f1b44b0
7f43f249
7f7437ac
7f53694d
7f560929
7f54c1ec
8096eb39
7f192f20
7f3b14dd
80bbbc2e
80f96e7a
7f0f27fa
7f250d3d
80af0d13
7f34b50d
7f54b709
80de225c
7f6dbe61
7f2d7822
7f44738e
7f692025
7f1e2cae
80f7d868
7f7594f3
7f50da5e
7f214a29
7f1f9369
7f06528d
7f518777
80a5f281
7f1b32a3
7f144c25
80896ea6
80cc4997
7f1613b3
7f21455c
8098aea6
7f617f2f
7f7c9d86
7f1ee75a
7f6b001a
80d89db0
8082f130
80be0b5c
809e6016
7f57edaf
2ccfe6
8ac5bb0d
9cce6fa1
80980a5c
80a8ff84
2010248a
d2e9c62e
7f7a52f6
809e1365
809d05d6
7f73edc6
582c0c44
7f751bd1
7f4d6c60
d4ea826a
7f5c8183
3a1de68f
eaf5a14c
7f754b97
80b2a355
9ecf2669
80817e3b
804916b
7f7e00c1
80a2ea6d
80b17d4e
542a65a4
aad58601
7f65a3fe
2c16bfd0
4e272dc4
d6ebca8d
7f796808
a6d393ed
e8f44261
88c4cefb
22110061
9ecff4a5
80b2bc15
7f421b08
80b1005a
7f615703
86c3d5bb
d0e89bc3
4e271145
eef7c45e
201f15c
3c1e38eb
cae5ddd5
7f508ca9
7f7186f5
90c8bca1
140a0b6c
7f4ebe6a
3219819d
f0f89879
7f65054d
a050c72
7f48ae98
80876dbe
e6f3d539
3a1d77d5
7f755bd3
80bf8985
7f66aeda
50288c29
feff4ef9
80b1354c
7f60feef
2c1609d8
221167f6
4e278b9a
7f4c7662
7f73cb71
7f526132
808d7c89
ecf6f303
7f633e4b
743a6535
80bb348c
7f651112
7f6264eb
80a91980
4e27e8ce
1c0e4745
80bae734
2a15ba9f
4a259264
8082f32a
7f7e3903
f4fa90e3
80aa4888
26136a9d
e2f125ff
7f711563
50281bf3
f6fb6909
3e1faa68
c06781f
a0d0dccf
8cc64c2c
7239cf30
80c054aa
d8ec19ad
7f7629f6
808af887
d2e9cf4b
7f688f63
72390d7a
b4dac0b1
783cc26c
7f595baa
683484aa
80ba39ca
8cc65c5d
809f2c60
80bb3cd9
bcdefa39
c6e3a95b
7038a0f5
809c033a
40204eb5
7f5d03c0
a8d439ca
7f71449b
d8eca0f1
96cb83fa
80ab2156
361b9574
4623420a
8093f54c
7f573fe1
7f62f1d6
c2e1b3e6
7f55b786
88c40a91
aed7cbcf
c0e0af76
c0e0a0c0
98ccef58
8083a734
160b3bb0
4c2637ba
7f7f0aa9
7f6c0dd8
7f760051
542ad68e
8091eb90
6e377709
daed745a
7f746ae5
4e278700
8089fce0
80996493
8097a6c6
5c2ea905
3a1d8d38
12091b3f
8ec750ef
80aa091f
6031556
c6e3039d
e4f27518
4422fabe
98cc84ce
7f4ff140
7f602a48
f8fce5fa
7f4cefaa
f0f8a46d
1a0d6b57
7f71e322
52294cdf
daed6303
7f4a8a07
542af652
809604ac
80bdb362
7f5d16d2
c6e355cf
9cced413
301841ba
7239ec40
160b3b08
badd2f3b
7f4775a6
7f6e9858
8cc696d5
7a3d146c
7f7557dc
d4ea0124
28148f55
361b787e
f04f63
7f2d2e3a
7f77453a
7f430c2b
7f6285d6
80cc885d
7f124ae3
80d28fde
80882958
80f001a0
7f1d3f96
7f2a0fa6
7f369dd4
7f690960
80cb8052
7f398ebd
7f7b26d5
80eb14ce
80fabc2f
7f28080d
80ca612d
80afc2f8
7f35a3b2
7f30054f
7f6bc0ca
7f04d983
7f6399f9
80a2ccca
80e8c661
80ad4bb0
7f591d65
7f0692c7
7f504dde
7f0a3d27
80a5753a
7f121efe
80dfb63f
7f3f66d3
80c2e1b2
80a5eaf7
7f7ee511
7f08fa87
80cbe33f
7f5c7752
80ce688c
80d7e2a6
7f082f8e
80ecb742
7f1c9393
7f75ab73
80eaeab0
7f418920
80c2fe24
7f39bab4
7f517671
80f3923c
80d6843d
80e0c534
80ebfcd0
7f06192f
7f2969b2
80e0cb32
8085dac1
7f24fff5
80f5edee
7f564688
80957b25
80c00595
7f4874be
80e1ecd5
808e3d84
80d87f2d
7f11b480
7f1e0685
7f5940b5
80ca266b
808a18c4
7f058d27
80d2e43a
80c04a60
80e3c8c4
80d1dd36
80adce37
809211ae
7f31f760
7f48ce0e
7f179685
8085f8ac
80ec1557
7f5cb682
80adcf16
80c739e5
7f54e90c
80ab8440
7f0eff9e
7f140853
7f0b3ef8
80c3b61b
7f2285e7
7f116854
80ff18a8
7f39793d
8081b16d
7f2b9937
7f0e3830
7f70963a
7f11f2ee
809218ce
80d1006f
7f56fc2d
80da2705
8089f4da
7f2b75e7
7f7dbd47
7f6c394a
7f434410
80f0ce26
80dd1fae
7f7fa8d8
7f1b0a50
80fb7158
7f364fab
7f53c87f
80ea89b3
80bc0c87
7f3f10ec
80ce8538
7f19ea8d
80fbdbd2
7f12c7f3
80b8f256
80f01dd5
7f7e01ea
7f44624d
7f09bcc7
80d47f9a
7f06a7aa
80a8bc0a
80b97ec6
80c41bf3
80bc35ef
7f067ee5
7f0b7091
7f15d3c3
80c05b67
80dc00f0
7f386761
7f5cd13d
7f5b7d28
8082a30b
80ab22e4
7f56e06d
7f755f70
80c203e1
80826a98
7f3e676c
809092ca
7f3ed78e
7f273374
808cde67
7f3adc66
80c00fb4
80bc44d0
7f104bde
80ceaa84
7f7be28c
7f67b0ad
7f77450e
80dbf1e0
7f7456b4
7f016b10
80affa94
80b3a76c
809ad172
7f770649
809cd27c
7f16c32d
7f1a14f5
80c0a039
80f44102
80fe0160
80c7d470
7f184579
80fcf686
7f7f43af
7f149410
7f28adcc
80b62f37
80bdf16a
7f0b45c4
80bc1d80
7f3e31c9
80ebe0d2
57a468
98fb10
c2e711
29a59e
c0b5c6
656374
c8e9de
8679d6
339677
797be7
1d613a
64d470
b09a70
1e7a99
5c5b1c
acbdbb
cd0610
223bac
d58eaf
5ec0cb
1ee4f3
289c68
bd8d85
d9b80f
da984b
7d298f
dd312
30a8a3
14fe95
c4933d
eb0bb7
292e8a
c2b3e6
1b950f
6a249f
a6de67
f05fd8
8f8b54
e48e6e
93344d
25ac0c
c97c5a
9195a0
f9edab
65752e
52fa4e
317b62
cf35f9
8efcc0
545948
182176
c049be
4c0ba6
361196
15d241
bf24f7
6eaf67
92d263
908ed4
3ad39f
cda733
236297
d0eed9
494e6
7a57d5
879438
ca5560
3d5dbe
4a1caf
19cc12
99785e
acb6a7
ac4a07
6fe33
a259dd
bee84d
b435de
c246fd
34dd1
5c3e6
6e57ff
791f20
4f4aff
ca0629
9b0ba3
bae12b
f6b880
a759aa
3e7082
d245d9
68dce
1841a5
e9cbe6
caa510
c12d0c
2f20a7
100df
cbb19b
d4186d
2c42bf
aa1625
8d8ad9
ab2aa3
5a6619
adb50e
3e86ea
c2b13e
c5c033
993c02
a61489
f0237f
35a8f4
d5882
5eda34
cdd9ff
91f297
ff7552
7c3e47
8df677
ee7ebc
f68215
789802
2dc2c1
3a1549
998938
2a06bf
ebeb14
bef57f
42fb5f
bcd5b9
e4f0d7
75bdf7
d1b0d
e7ca05
9f1fbf
eaf6a7
89ad59
42488
38a09c
f62de8
9aea42
b5c740
fe702
f504c8
418aa6
fbf70e
4321f3
bdfb6a
70da97
8e3611
a14bc7
696d03
ad1998
31ef4b
11bfa6
d63445
610917
32f105
8ae475
4f6852
a471dc
aeb468
d67c4b
43eafe
f43885
563db5
dd5a3a
a25497
12a5ea
b47253
14d8
762cec
85606d
199e6d
9d806f
63f417
80d5ad
dda86d
47508f
b9e1fe
a181aa
5a912c
5ceec1
3336ad
606190
798ee7
49dfda
2d0a53
495498
655d8e
29f8ce
f8a826
31e843
d2bca0
d580bb
e0c284
64955e
e1b49e
5f617b
68c4b0
ba52e4
36936a
9a0d8c
5c0ded
c12ca0
1044d6
19228d
1a30ef
664ee9
d76530
1d75d2
b89206
d41b8
89621b
566858
6715a8
e6f178
545854
2678
1b73af
55a974
f55051
41c6e4
bb9866
bb1a28
e12352
811b87
890bd2
f50b7a
1e9503
813840
d2bc96
ad0af6
d010
800334
f4d499
d5dc7d
7971e4
1d7a59
3178ff
cc2997
2e10e5
c48b8d
4a186d
45731c
742f2f
86c09f
61a4f4
325c58
4b8b7
e1db62
f68935
524265
a39089
88f356
3785ae
ecc654
6400d6
85a240
6f49e3
4b76c2
4242a7
a1937b
2f237b
b40565
127cc4
761483
ee7534
37b5b2
5b602f
b931f6
9e3679
1069bf
e04974
16905f
1ddb46
740bf
31c9be
5d23d6
6be50a
dd994f
e899a1
476f80
1dd69d
2acde4
76c5eb
70c459
8e1f41
8bb554
ef5b4
5df2a5
828993
9bd49b
e7920c
eac29a
852e88
7e8abb
4aae1d
c9221
ccf503
cecded
75d81d
fe3a5e
8f768b
7733dd
c3574b
f65fbd
ade9b
bec66d
a0413e
bfd747
45f0f5
e2cd09
dad235
ed70ba
b2e15
556d51
80fc18
d201c4
c9abb5
81b7a7
23f8e4
93be23
b9fe5b
b97b52
65223b
d564af
a4dda7
a7276a
5fef2
88ace0
596fba
6f422e
2ebb24
c1aeac
ca4bda
6609ba
43af1f
c9190
a24c16
4dc9ac
7555d1
76188f
ee6134
6bd274
68bb50
fe40ca
14b156
782421
f78e8c
c6f744
9995c
c6064c
6bb000
8b0883
1585a4
bcc6cc
73ee7b
e57f22
5dafd0
eca920
3580fa
3f8930
4fa12d
b8ba49
1b3e89
796ae8
8a6397
1a960f
706357
41668
76c6f7
3702d7
26ad12
4691e7
a6b834
f75a12
77db05
893c57
176a33
a387fd
2dbecc
bef616
75a288
5a91fd
1cb1a5
1c9ebe
80d9639e
741d136d
808ca759
7f7d29c4
84e15d7d
7f6ad4b6
80ad5bfd
7f416416
7f3ef734
7f7ef74c
7f485a20
f8fef639
8082c7fe
7f3d64e3
7f2f7565
50148f6a
80cfeb0f
80a4da48
809f75a8
7f5ef458
7f720572
781e5e5c
7f57c0f4
9ce74136
808e2e21
8ce3b2da
ecfb83a1
7f6793b6
8095c316
7f7e98f7
7f7f7153
80b64280
7f6ae9ac
808cdeab
80a2791c
80d1ad0d
54155119
80a0b89f
e0f88534
7f6cf150
80d004f0
80cf8b7d
809fa7c8
7f5529cc
7f7d0228
80ac903e
80d2d063
7f2b9976
808bc2c4
7f4e7c85
8085ea2f
8ce3ab5b
380ef32e
80a66d5b
50143958
8086586d
7f7e30c8
80a78122
7f540b0f
80abc01b
1c0709d2
7f640bb5
80a7bd48
7f6b37c8
7f5c93d3
7f392ab6
8082f13e
80ad6ab1
a0e82840
808a6788
80d8e6a1
7f386c11
ccf360b9
809f9096
340d759d
c034d42
b8eec511
7f56de41
7f7a71b1
b8eea49f
7f446fb1
781e0081
8095523f
80ca8f5e
808ff340
7f6cbea7
24099c10
7f303aca
80d7db69
7f36dc09
80dfc08c
80bd6573
e4f90059
80c1943c
80a45653
7f4625f4
f0fc38d7
7f5bce8c
5816a8f2
8089e642
80bf2e56
80d4b18f
7f2fe8fa
7f6613b6
7f76db2a
7f49c471
d8f624c4
b0ec4b82
80d6be8f
7f707b6b
80d6acaf
80d18803
80d28166
7f239b0f
54158d1e
7f633e2d
7f500216
300cb1a9
7f57ff87
7f3feb83
7f311e8d
7f5542e0
2c0b24a4
7f5b65f3
7f7f86f8
808f1bcf
80be352a
7f3de8fa
c0f05a41
b0ec6ff7
80ad19a6
7f5695e6
80888cf1
80cede12
80d2db1a
809c3611
7f670ccf
80ba01d4
80a17144
80c88a1b
80af9e0a
809163e1
80b306ca
7f4b6bdd
80d1e3b0
808b5a0e
80a61abb
7f4c0004
80c0ac2d
280a487c
80dbb250
7f2567e1
808103e4
8ce36832
7f4cfb44
7f617222
808f1e4f
80a0a270
7f7315f2
641938ff
808a34de
340d1e13
7f325a15
808b3a96
c8f2952a
8080823b
6018ce53
7f4eae14
80dc70c5
88e271fc
fcffb88d
808c9a0f
80bd17ca
7f3c41bb
7f7c6d78
300c0fb8
64190d48
7f3ec20f
7f7960c0
200836c0
7f782b96
7f634f6f
7f5d9c82
7f5836f4
7f3ae710
80cc7763
7f40505e
280ab308
7f7e9ff4
7f36a53e
808cba85
481214d9
d781b8
80078d07
80e075b3
802b9c36
7ff698ce
7f01c7d3
7fee4325
807557ce
803ba7ff
80a3ab1d
80f18a44
7f7fec8b
7f74c5ed
8022a274
7f812618
80c52bf9
7f38b8c8
7f25c49e
7fa3405b
7f943349
801729af
7fd993a9
803b72d6
80653ae5
806cc17e
80534ce8
7f9c0121
7f6d97f7
8091c364
80225bec
7fae7453
7fd76e60
7f68d0e3
80ffda66
8006bc1b
7f313f1b
7facb4d3
80dd69b4
7f724c58
7fd69adc
805ad550
80ea35a4
7f2c3204
807a68af
8084be0c
804bc50a
802139dd
80434795
809d5efa
7fbe645c
80e265d2
7f323b77
7f83bd9f
7f1b7057
7f6e7307
7f5adef4
7f97240c
803930e8
7ffc9ea9
808c9750
804c8f6a
7f8b7b51
80f1815b
7f5ff8ce
7f2f281d
804776c8
7fada9ef
7f739abd
804a1592
80470c81
7fec5f28
7fee3a27
80dc39d4
80579051
7fab5516
7fceeb9d
80bc0b85
7f2e6f00
80833fb9
7f130225
800f35e2
80ebcb7e
802d488b
7f0f050c
8039e146
808b8b6e
808de529
7fce4027
7f61622b
801734cb
7fd8336e
7fe09190
805ca54e
7fc5c7c1
7f719ddd
7f13fbcc
7f757c44
7f91819c
80387aee
7f8a6b04
7f795943
800209aa
7fa585f9
7ff994ec
806210ca
7f0d2b7f
80b1a363
80b0ef51
7f1ac7fe
800171ce
7fc6e3d2
80160daa
8046238c
7fb0e3da
7f9c4d66
8065be48
7f44bc82
805450de
80365894
80b8649f
80a5f92d
7ff87d7d
7fa00a04
80d5f402
7fd8dd9f
7f7b0336
802bf124
80622edc
80adc153
7f77a99c
802db718
7fbc2021
7fa7a8ab
7f619090
800b31a2
801f19ba
8009ae32
7f3d6531
7f316e51
7fc8e4f8
803e03ed
7ff8c08a
80028604
80fdbf1b
809f4289
7f264915
80a37e85
807aa658
80a64edd
7f5e7534
801a9309
7f052705
7f3a0a3f
806e9b1a
7f704835
7f09ada7
805044e9
7f59576e
7fe2d384
80a2309c
80e73be7
7f3294ec
801ec267
7f2de097
7f13e09b
805540c6
80f6a271
808874f7
80d87cc8
7feee1a6
7f4f5234
804c8d1d
80d0d356
7ff10a05
7f98f2ab
7f6e84fd
80a26f98
7fef5c06
801fce77
7f50fbf4
7f47f5b2
7f1d6474
80288e03
80d95cb4
80f78612
7f374041
7fd73865
807c9941
7f75625c
80928f6a
80ef9c54
7f567252
8024be15
a3eb20
7f69660b
7f3a6d4c
80b8d8ed
80d4a0b5
80804e19
7f03dbe0
7f0ef8ea
80a2de93
7f2ee609
80ecba1a
7f2a495b
80c55d60
80901973
7f57f40b
7f47f8d2
7f0df55f
7f6d6dde
7f2dffba
808366a4
80ad2919
80a590f3
80a0fc90
7f7da39b
7f343ee8
80947172
80fafbf1
7f51c0ac
7f4d116a
7f3299a4
7f0d6e7b
808b1c86
7f46d2b6
7f718ee4
80d5be4a
80cd9aa2
80f60f99
7f582cf2
7f28b4c9
80b859e7
809691ee
80962d27
7f294a2d
7f0149ce
7f228173
7f257ce5
80bdcce7
80a286b8
80d5f7df
80a363ab
7f065e9d
7f7e2577
7f36c8d9
7f54eea2
7f2d4c65
80fbda1f
808c28a6
80f4a80a
80e8af31
7f64487e
7f145a25
80f04527
7f7741c0
80def38e
80eda220
80b737ed
7f6cf154
80bdf036
7f247d23
808b3690
80bcc845
7f640dba
80be7a74
7f7c04a6
7f070485
80f09b7b
7f4f33ee
80cf97ef
7f1fb0be
7f5e4777
7f38c220
80bf9e1c
80a5b478
7f0cd30a
80d6c0d6
7f087b6c
7f75f195
80ebd95f
7f3af791
80aa327a
80c2a5c4
80a488d6
80d057ce
7f7d90a9
7f60ed44
7f0c82e0
80a3ef95
7f224d66
7f5b7e50
80cb8339
80f7ff64
80a43fa5
7f3d657d
7f1b811f
80ef5de6
809940a6
808001db
7f7ffa19
80ca4431
7f7dfc9b
7f788812
80b405a7
7f135bcd
7f735a0c
80c3386e
80a72f06
808521d8
7f476b62
80b367b8
7f403ccc
8095ccee
7f46ae69
7f142a37
7f19fc1a
7f225d94
7f02b4a5
7f47e128
8095ca38
80d8bd46
80f0f65c
80fe9413
80ffb9a2
7f03ab74
80b634e2
80e69317
7f525a22
7f65f63c
80bfbe95
7f120063
7f5c64c6
7f28bed1
80cfe1bc
7f78e1a8
7f128ab3
7f3e4422
80c352bb
7f27d11c
7f166f5f
7f701cc7
80cd8f8c
7f185a6a
80b191d0
80c4b986
80a99e1a
80a9c9ec
80b9cb70
7f0a54e4
80edcc7e
7f2c635d
7f09be30
7f62348f
80933558
7f24cae1
80a88faa
809fa188
809c4d5c
7f1bdb02
7f616a66
7f7efb72
7f29c6f3
80dfdd62
7f68d466
80b53b14
7f3e26a7
80d332c3
7f57a5e7
808dc05e
80a10d94
7f557444
7f348e34
80b9c7d0
80aed814
80ef455e
7f71f3d2
80b75a59
7f0f3542
7f6c0013
8085c248
80cb153a
7f3e0c2f
7f769bf3
7f0bf539
7f4cc7ec
afb138
7fcbd194
7f4df384
80ad7a91
8050f276
806557f5
809504b3
80cea66f
8091cb0a
7faa92bb
80b949b4
7f73b3b7
7f7da6b9
7faf85da
7fcd6c72
7fd81545
7fbcada7
7f45a2e5
7f766174
7f9d087f
7f770442
7f9fb5d7
7f133d6a
7fb6f4b9
8051e223
7f3a998d
80cd75c2
7f142645
80918b5b
7f11b390
7fc8d2db
7fe9120a
7ff7da83
7fe74327
80f1b045
7feabd86
8098ba25
8037e713
7ffa370b
80ba9d43
7fb94078
80d6439a
80cc0ab3
80983fca
7f397509
802e43c6
7f9a1846
7f259092
800717d8
7f411559
802140c0
80228668
8059a30a
7f1edf05
80cfca49
8098a96b
801321c7
808b79f0
7fededf4
8028e55e
7fa85d5b
80eaea28
7fea4409
7fa63330
805a01d5
800ff348
80bd9b6b
7f2a89c4
7fd31437
802bf36d
8042be66
80ab8a5f
7fc4137f
7fe6c202
7f57ddc0
7fd5c7b8
7fb95820
7f03bbc9
7f3ba6f9
7f74b9e5
7fdb207f
7fb7e89c
7fcd5337
7f6bc1c3
805d957c
7f0db199
803c982c
7f24f6be
7f9c0936
80612587
7f13b1f4
80cf6ea6
80af05e0
7ff30d1e
8069802f
80bc089d
7fbd011a
8069f155
80228d2b
7f3cc9df
802de368
7f81f7e1
8099bf3f
80c3ed11
7f52e898
7f49201f
804cb74c
7f48a785
7f421a20
8041ef3d
806ec80f
8082b36a
7f5d90dd
804014dc
7f9781fc
7fec266a
7fa8333b
802f50dc
7f55cfef
7f0d1967
80297cfa
8018e127
80ff11c7
7fdf6f21
80430aaa
80aed56a
8079a65f
7f505517
7fc9117f
80a35acf
7f74360c
80b177ef
80e465a9
802367c5
7f43515f
7f112514
7f618385
7f0c3d2b
807219e4
80116ae5
7fb56e76
7ff15c53
80210ae5
80888b4a
7f601e24
801428a0
7f219cfd
80277793
7f104b3e
80929b08
8020e507
8053e612
80316884
7f9e5b31
7fd8ddce
809ca15f
7fc85c6b
8003d10f
80482ddb
808008a1
7f7a979b
80c3af33
80b2a761
80cc8413
7ffba6e4
80b07485
80d605de
7f19c6d7
80f58927
7f2f2343
801ee60a
7f598fc2
802f9172
7f891450
809acb34
80f3a929
80008e38
80a24ac4
806d33aa
80c21ec0
809a0019
80cabb73
7f91f8be
7f3d2f64
7f682f13
807c24b0
7ff1aebd
7fb4120a
7f7b96e6
8014e72e
7fec4e77
7f7d3f51
7f8d6f65
e34ff9
7f393220
80270de4
80452ef8
7f690b0f
7f7f4a5f
80f83990
805156f2
7f81084a
7fd1c8f1
80d37bdc
80364191
7f379ac6
7fc04848
80cdf05e
2b33fa02
7f529505
80345bbf
80f99b75
806bc71f
7f9b9d93
80fea858
42e90312
808e25ad
7f27d583
8056f425
7f9e7843
80848772
7f442548
809f12f0
7faee689
7f456a5f
7fe0e88b
8000f84a
7fd65448
806310c3
80578225
80e3f148
8048149a
7f4fc0b5
808c5efb
7f5fc3fb
7f950744
80a9a90f
8081f657
7f6d523b
8040886c
80bb9c60
80deb453
7f43370f
809e832f
8082f16b
7fffa1fe
7fa6c891
7f61eaa3
80f1c94a
803bd970
801efb46
7f0b5e56
7f321d5e
80b20ff6
7ff8a5fd
7f177436
7f84cfa3
7f5b6411
80ea24cc
7fc0d7d0
806f67eb
804e2a9c
809430aa
808d26e8
7f8194e8
80689823
80d84280
802340b1
7f5e3f6e
7faa81d0
7f213f30
7f6d7545
7f5d7447
7fbedcc1
8063905a
80c2c54d
665005c
7f392342
7fe0c0b8
7f0d3955
7f0d4753
7f8f023a
7fc5b895
800da766
80f04b9f
7fee6b6c
7f841544
7f067125
80bf6300
7f4497bb
80d5b671
7f329eb3
7f59082e
806f7ad6
8024a04c
7f57e2b2
80a03e98
7fae6551
7f9b99ff
e6b5de06
7f825d7a
80ff6eca
7f963b4b
8067b83f
807bce29
7f58cef7
8043368f
7fb18d95
80d65ac3
7fc96970
7f6790d3
809f4ddd
7fe14a71
7f7690e9
80089d4c
7fdd8201
8021d368
7f42abfd
7fdb5710
7f80f1d4
80b6df72
7f09e2e0
80ec47f6
80371fee
80829e1a
7fb34e45
7ff7300c
7f117862
7fae918d
7fc13e1f
7f14bec4
7f3f0b26
7fa2cfe1
7f88fbcc
7ff05717
7f17451b
7f9b2124
7f58f9c8
807b8c2e
147c0507
7fa3183e
80671ae2
8003689d
7f7bf282
80fd0397
8035d940
80e916c1
804e30d7
7f756320
7f79a593
80fe4bad
7f36224b
7fabbdaa
800c48d3
802d911e
92b9f90e
7fbe8c8d
80ee8057
7f61a692
7f01ade5
f991006c
7f54096e
80994eae
7f5bc9d6
80737e02
7f4f180e
80c26eea
80e2d355
7f887e42
7ff1e5eb
7f32e4dc
7f83d3f8
7feef2d5
7f8dfa96
7f840d29
8097ee3f
8018d321
80feeb18
80fdad0f
7fc088d8
7fd1b0cf
802558bd
7ffe0656
7f61265b
7f37735d
803516da
526e
807fc65c
80833ddd
7f795e2d
7f923951
807141c9
80d0b96e
7f06445b
800bd80a
7fdc171d
7fa89185
8003ad14
808b7cc3
80a17df1
7f51f196
7fc28eb6
80ab53d4
80476297
7f133f77
80e3b3ff
7f520238
7faeeba4
808c1590
7fc0db80
7f324a16
7f7b4ffc
80e44281
7fbe2a6d
7fab879d
7f388cbd
80d576c9
7fe8bbe5
7f50db0a
8001fa79
8006e537
806a4ecb
80949d3f
808229e8
80aaf71c
80b6e2fc
7f6fba87
80a104de
7f30eec7
80d6df24
7f68c7de
80cafc8f
80bac623
80f8e812
7f370dd6
7f18516b
7fe7290a
80632096
7f1703a2
7f51650f
80c5ff85
7f3dd6fa
80e8a579
7fd39f9c
806b70d5
7f60e21e
7ff3a992
7f39cb91
7f733ef0
7ff5a6f5
808c23c7
7f294515
7f5bb6d3
7f39d785
80c2b84a
7fa32e4a
80ad3db8
7f54b5d1
7f5e018b
80eacd6f
7f30afd7
8023ea25
80fa986d
7f987462
7fabbca4
7f3e0679
7f39d7d8
803839c0
8069a437
80221fe5
80673da1
7f9a5e42
7faf203b
7f285619
7f64f4bf
7fcc2540
7fd23163
7f689500
80fdd764
7f335918
80a84401
7fc1c590
80b7f06b
7f7ea4aa
bf04fe30
802cc27e
808d5fe1
800c8025
7f5ea709
80ff6dcd
806314a2
7f2c2608
7fad3458
7f01af81
801f0994
7f4a056a
7f7ca0bf
7ff2367d
7fa93c1e
8041a158
80853bde
80f2d9fa
7fa92c4e
7f5e94b7
80595bae
80b21f0a
7f7e63ed
80a17ee1
7f23c793
80b0c037
7fddb3a8
800aa25f
7f30f9bf
80eb6a8c
80b2025d
80d6a702
7f774036
7f5d4944
7f3383de
807262c4
7fe0544e
7f7f130d
80d2e766
7f28fdf6
80a2a33c
591017f3
7f489ec0
7fb83f74
80de34bf
7fc47c48
8097a60d
8037e151
7f399ff9
8064bd21
80ef2cfa
80bf1c09
7f7790ee
80ee5dc2
7fa66863
80ddc306
80124099
7fda8fbb
7f8bdf8c
809a1fad
80408123
80cfe63d
7f291c16
7f9e2a58
805cca7d
800c61ba
8090e607
807a9e68
7f294657
80bc5dd4
7f301b61
80ede0fe
7f44d4c8
7f2d03df
8090e257
7f803442
802a9e64
809f8954
7fe8f188
800025c2
7fd7b58a
80bc0cb4
7f635f6a
80955804
80f2a639
7f05da8c
80ae0437
80005fa6
7f3ddee7
7f796cee
7f546264
7f0a5c2b
7ffcef85
80b438af
7f6c2a1d
e1ade4
8095294d
80cd0de2
7f7c4e74
7f14fd40
809ebb98
80901017
808e2b17
7f44d950
7f0f85ca
7f545943
80ecce0c
7f6fff85
7f1cf5a7
8090e341
7f1705f0
80918b97
7f5d889c
8093c63c
809ee2ba
80a48952
80b678a2
80f749b1
7f48a743
7f4c5910
7f1a695b
80f394e7
7f36a015
7f393362
7f4dc252
80c51907
7f61176a
80970560
809c27ca
7f37b888
7f5990be
80b61253
80e70368
7f58b59f
7f2c304d
80b60782
7f39f99d
7f26a677
7f350858
80e4c5e7
7f712bd3
80fa7b10
7f56f869
7f644ed1
80f27780
80ddd611
80f39d96
80b9bcad
7f26e629
7f2ebc7f
7f146650
808df6f2
7f13d6bd
7f1443cd
80f6a447
7f2b179a
80da70f3
7f7c7a6d
7f09dd10
7f3ef98d
7f06adad
80ab1207
80dd24ba
808de930
80eb4ed7
80d4fbff
80c0b05c
7f4d9ae6
7f566aed
7f3b485d
7f5f069e
80d1f8bc
7f0da892
80d8d5d1
80e74af7
80a5218b
80ec6272
7f132ef2
7f09bbb7
7f45ff4e
7f718703
7f0e5e4d
80a52d5e
80a72fd6
80a17032
7f566b87
7f398b3d
80cd6b59
7f75ea6a
80c009b3
80e5611e
80fdbaab
7f21744f
80806c72
7f300b5e
7f1c7365
7f01a805
7f31375b
7f3d03e0
7f3a20d9
7f7898bb
80b7ed76
80c76b68
7f427b62
809b89d0
80883b3e
80d30717
7f17660e
80d697d9
80af9021
7f0bd368
8098283b
80ec8f27
80d66e43
80e07179
80ad304f
7f36e864
7f05919e
7f5cf6fd
80b8260d
80fca03b
80d02a7b
7f2d6a45
7f4fdfe4
808dca44
80bfa8f3
80a11f00
80805b9b
7f15e1a8
80a5c72e
7f6a39ff
7f6beef7
7f0307ab
80f277e7
7f35723c
80abc9aa
80de8655
80df8203
80db1aaa
80f01881
7f323acd
7f43f034
7f0dd1b5
80ec2636
7f5d0f7f
80c5121a
80a48987
8081b3a5
7f08a3de
7f542855
80c1162d
7f4dd790
809fdd16
7f645bfe
7f139019
80d67891
808d504a
7f433fc0
80b56938
7f5a4ab2
80955b64
8092fe1a
80b26432
7f011f32
7f7f6fe5
809d4d28
7f647222
80c9ed30
7f171c47
7f1804cb
7f2fdd32
80d188f0
80848c4e
809d4af3
80d900af
7f0946e1
7f5f334c
7f34ebea
80abd3e5
7f0b1a6b
80e0a5a7
7f331390
7f63152a
80dada63
80ca8e10
7f4f2473
7f6b156e
7f49957a
656ffc
c5e06e1
f7bc73ea
fad224d8
f39c7190
f6b2e532
524b9b4
f5a74c1d
f9c5246b
f6b1e0a9
c5eb009
211b81a
fcde474a
f6b39549
6313a94
facddd38
21186
fbd57f8a
20d3e81
f6ad0cb2
fde6086a
e6cebd6
f39b855a
318a618
f28e577a
f7bb1849
f6aef36a
f76113d
f9c56be0
fff5674b
f5a537c0
f8bdd8be
f7b6c9bd
f7b9d07a
4206e76
9452f56
c5d1e68
94978dc
fad19200
feed553c
a4eb9f0
f7b75633
458c7
944670d
f2921de0
b559ac4
84227f6
d65b9e4
f8c4af3f
7378b15
c5c3871
316b639
f4a3e81e
fcdf03c0
107d2bfe
fad20f44
f7b45c2
c5da17d
f28ec9e8
a52be01
f398ef64
fcdcb1a0
f7ba2cd3
f7b8896f
f8c0975e
631ccd7
fad279b8
f49f59b9
104d1c8
fbd61c34
fbd85528
f8bd9a1d
f0813169
73b405f
83d6cb7
d6aafc7
f9c4b8a2
f5ac1bb9
fad0072a
f1891ee4
f2926fb2
fefefd
108a12a
f8bf8037
f080fc74
f7b783c3
f18ae682
f186fa8e
7344d1e
94a847f
fbd98bce
fff71b5c
a516e3b
f7b53348
41e39d4
31b2845
a4e3dd1
feef6e36
f7bccc5c
f8c01c3e
7387b2e
633fb3b
e6f4609
f39727ff
fce3b20a
f7bb17d4
949c914
facdec07
fef2916f
f8c40ec7
f7b6c6e3
fbda1dc3
f9ca3b96
526480d
52b0a0e
841413d
fde5e2fb
fde75b0c
109ea3c
f8bd9baf
f7536e8
fcded85e
94bd1f8
f78a762
31c6ee8
633a829
d66e6d1
f7ba08be
f7b98004
f1853531
d674bee
fce04042
facc84ef
41e3e13
fde5f0db
b5af9cd
4d82f
b5b654f
f9c96554
94b3c18
f49f9f6b
f5ab1862
f6ae9163
f6ae52f6
e6d1ff6
31b6445
286f8
f6b0835a
8403ece
315e833
83cdaa3
f7b92b8f
f7bb48bf
fcde6bdc
f28d7a3d
f767f67
f399d45f
fad12e42
62c192b
f8c28d56
d6cfd30
f769866
f397e593
feed1ee9
f7489e0
41f9c4d
f8c3a464
f2916e43
a522c19
6321bcc
3141a3a
f3979a35
20c5125
31590cb
fff87dbb
fcdf44a6
52b959b
a4e9ad3
fde6da35
e6e5e1d
f39620dd
e6fb4f1
fde6f6d5
3171085
420e4be
a54d714
83f3b64
fce0432a
d691b59
f1842d72
7355653
c624290
62e6135
3bcfe0
a360b3
f80961
6bd461
d4c1ee
61ed5e
abb9e9
5d884e
aefb7b
2f2a8e
bec7c8
56d382
889435
994861
42e0fa
ee9179
403500
a0e9b4
cb9078
80e54e
7f55dc
dd7638
a07ba3
399de0
a2f876
db0346
c9faa
85e1b0
1aa262
f42c4c
2a770f
a46ffd
b9c443
838bf0
1098d
6ac07e
f17072
c57d4b
1d8ea3
7391a5
6571ff
21b261
327781
4b3033
cb242b
6304eb
d3f53
38f632
4d7df
bb05d4
238908
9c0ee0
60f5b4
38f899
473652
5c4ab8
63e0f4
2d3cff
38e938
e348ac
d66001
58090a
689a4d
8a4f6f
b32798
524abe
9ea473
17457e
113a5f
e92e05
2272b0
581ba1
cac361
5698d6
cdd1ee
61cd07
6c4e39
34e279
30b71a
a5ec7a
4ae7f5
6e6f9c
7d6773
95ede4
c83511
4ab472
561148
312bd3
ffe1bf
c3fe45
f45052
682679
3d8963
6d1b33
7eadd
3b7f52
20ad2a
a9da54
336729
1489ff
1c029
f2d7e4
a5e360
27b13a
23424b
2e2298
f93444
8cc632
943673
858526
49cdb8
baa6d
2aacc0
faa8e4
516b59
ecec4
b54dd8
a3f516
78cf1d
208761
2ee867
fad1aa
3ad103
42a5a2
2990a6
de19b9
3fbdd1
792c0d
46bf30
275b91
186849
b430cb
3621e2
7a901e
cf6676
2f278d
79776b
1dfc70
2843f
58b98c
253927
4c7826
c6d796
8a14f5
2e5eef
4de809
efea3f
723ec4
3cc464
f0884c
dc4b0c
74808f
f23ab8
fd8655
d72639
5ae85c
4221ab
c15af2
b314ec
d78ea3
ca986
14bd8a
498d97
5d491a
12f801
76b939
517f87
874c36
5cf321
efc550
938051
93b736
aadde3
4bbed8
5251ef
f80734
52df9b
9405bd
3f0b49
f30f68
41f5e
81ee08
dd7bae
f55b6d
837f7e
61ed9f
e264c8
976e10
8dfe06
2e0e9
9fc262
1dbb3
1ade51
d923fe
80b6eb2a
7f0aacf5
80997f59
80ed3dbe
80fec755
8090d84d
808155ca
7f253cdb
7f3dcca0
7fee577d
7f14adac
7f7004b1
80f7f79c
7f540839
809b4ec8
80e69c33
7f2a14ba
80b864b3
80b019ef
80bbd861
7f2e9b15
7f330fef
80b9fe19
7f550a6f
80ad8010
80e88cd8
80b6a8a8
7f57b1f6
80aa5685
808de532
7f7e0d71
7f660892
80d5b77c
80823358
80e6ed04
7f28311d
7f755525
7f71396a
7f3d493c
7f209506
80a997d2
8002a83e
7f1a2d27
80db242e
7f115f09
80d4bcff
7f7d1789
8083c965
80d31e5c
7f18de5d
7f7e6e8a
80f45513
7f07756f
7f66e5c9
7f7b65d6
80c1b5f0
7f25ca16
80c31548
80c00e4d
80c1657f
7f157d42
80a72a4f
80b4dcb9
80c91fa4
80a71c51
7f05efc9
80c4d020
80be19fb
80d890f5
80b3a8b6
7f2b70a7
80f25348
809250f5
7f5b1f4a
7f52acbc
7f3516aa
80ef9913
7f5abb4e
7f26e5cf
7f5ac7df
80dfa1f0
7f0e5a4a
8081462d
7f6e2206
80039522
80c54b98
7f0f6533
80b0d12a
800648a9
80a6a634
7f0c2867
80e65074
80a672e5
7f77cb99
7f2ae0b8
7f449bd7
7f73559e
7f5f5cb0
7f36dc36
80ef4541
8003449c
7f5c33d0
7f7406d4
80950978
7f35ffe1
7f2035f7
80bd45c1
7f440d7a
80a8d99b
7f5ab768
80cdf179
809a16a3
80b2ed35
80f3c546
80bb0338
7f34bc21
7f61c6e1
7f617b03
80a47bbd
80ab09e2
7f5072a7
80f12b2a
7f2c9753
80a9b6a4
80b5980c
809edb5f
800f7eb8
80dc95d5
7f112187
800aba59
7f3b47dd
7f788d38
7f06aff6
7f3a9c5a
80ef7506
7f12a145
809dbb5a
80c3babe
7f39cd34
7f214d32
7ff77a7d
7f1e00e1
80b3f9ae
7ffc7c2c
7f585bc2
809e086d
7f355d04
7f22c57b
80df0002
80cecdb6
7f662ddc
7f222588
80cb97e8
80b28748
7f4f2ddb
80d3b8be
7f2cf20a
80acfe4a
80e77c78
809fc46e
7f4dd0ec
7f58be5c
7f7cd46a
80c75e25
809f56fe
80b0ba9a
80ad0ebd
80a4eef9
80c67c30
7f4d21de
80d62ce2
7f5d5d12
80841e27
80c47e9e
7f374fa3
7ffe9cd5
7f112f9d
7f6643ac
80ebe887
7f4eaf7e
7f662cf1
80a61ca0
8086a870
7f75a691
7f2d6f03
80b9c095
7f002d21
80d6dc9a
7f5811d8
809e56ee
809de290
80ea6662
d36c3b
7f38de54
7f326dcd
7f4c4790
7f4033e7
7f52f13e
8083dfdf
7f7b6a23
80b3cc31
8098a3fd
7f7b1879
80c4e735
5815297f
80dbe8f0
d0f444fe
721dc326
809415b4
201dc4b
3b105cc0
2d0c3fd0
7f535da3
80b8c4b6
5f1693b0
bcee2b7d
80cbe7d8
80d94cf1
c0f0ef02
7f7365c8
7a1ea5ee
80cda0c8
46111d52
3b0d774a
80d9f944
89e32093
808cb928
c6f1e2b3
270a1cd2
80a968fd
7f2c810b
8091f818
8098e4a9
7f4d2717
80b00b89
7f3c182f
7f780ffe
8085a58c
80d45c64
80834461
7f43362a
7f541b78
7f2fb2f7
7f6039d6
80b65b0e
7f6fd318
7f524882
aceb6503
809abb11
80ce9c85
84e1f953
80d39924
c1f14bd1
7f60c390
80be3667
7f335883
80d94b7e
7f4dbcf5
80878688
80a56fc8
80dad9ad
7f3bea44
80b5a5f4
7f5e7c50
809df21f
80ca2c6e
370da0d9
7f39dd0c
7f56ee4d
7f4b2b6c
7f66db23
80a3f32b
130534e1
80a82391
781dc2b9
a8e77d70
7f24c3d1
809d598d
e3f91abe
2b0d9161
7f608a76
7f37dce9
80b82371
80b84bae
808a8fc8
7f52fdfd
7f5a2e29
7f7ee855
1a05733c
80c0d8b4
5415170d
7f2b751f
7f7e23cf
7f68c22d
7f403c69
d2f4eb8f
7f7dc17c
bdf03dc1
7f73358a
2508ca97
7f451edc
7f49ab5c
99e5c99d
809ccbbe
7f6765ad
6c1b03cc
7f486c3f
80d1f4ca
80b4d23f
98e60817
7f792362
2e0d3481
80a8185f
80d4811c
7f45c10d
5e1798e6
80c79942
80c08773
7f29a705
effc38e6
80ddb7d7
d4f5df09
83e2c15e
caf3aa1a
7f6ae91b
7f5a2aa5
80c473e5
80c0d400
f8fe0552
7f6d26f9
8083d252
7f48cfc1
7f5ae9b5
80a4df53
7f5321cf
7f52853c
809e6920
9ae6581f
8091fa87
300c0267
80a209b6
7f66d6fb
7f4e42eb
80dab217
7f74d174
a6ea20ab
7f747d4c
c0efd690
671bc259
7f7bfff2
80a9afd6
7f690f4a
e4f9025d
7f598161
809079a6
7f32ed06
8093e510
7f3d00ef
aceb064c
7f75137d
7f74929f
7f3dcad2
80b93880
7f22c62b
7f40d89a
80c10788
d2f44a25
80b0fc54
80907eca
80dce77c
80c7d98a
7f6ab896
7f469209
80b26bf7
8093db60
80caafca
7f6e24aa
80d95339
7f330cce
b5ed0e61
7f713c7f
390d3f67
7f4c5038
7f3223d7
7f460ee6
78f271
3139c5
88112f
7777f3
fb2138
485c60
bbaa9f
9c82d2
63af9e
487de8
4817e0
fad2fd
36898a
f541e2
d8e429
8d55c0
2e7124
216397
46442b
605f71
11d4f8
62e4
76f77c
b5cfe5
f1ba1f
5208a4
7ae069
e04198
961fcb
497e3e
233684
cc6b82
f13a97
586744
e8f8bf
dc0c75
81a8b0
a9d79d
b506c4
d3e26a
91765c
832f2f
257ee4
8d1ab9
69f2ef
ad1d3d
6cfa83
e64419
e6d40
ebdfe1
9a6b20
5cbbe8
ddcd49
933acf
b4929e
70ef6a
8450c7
d7cbbb
1b94c9
e15d7c
fa731f
28a745
ba4dc4
3c310d
3b1d9
4ccca
bc3f89
11588f
1cb10c
4ec85a
52c0b0
aed410
6b06bd
56a535
dd773c
3962df
443852
14218f
ca646b
9b4944
36272a
664c26
7ead99
f83483
97e169
60d2b7
6bbc2e
5cc101
eac61b
cbf712
3fb9b7
4bab54
4eee65
bd8750
722355
235fc7
26bfa3
33f671
ff206f
8ca82d
60e935
eaba9
fe63a6
467b26
17958a
d26393
f7b861
cff659
197192
af393f
1cc0b1
18e228
c04af5
fabdd9
5717c3
ad273f
9f75cb
baaeb
28e30a
cb14c2
c1ec5b
c45290
ddb810
92500f
c8fda
13fcbf
f22342
c77452
5937d0
c381a0
3179fc
85e9b7
7cf3a6
fd0c17
ea8cc6
befc9c
2a2393
77ee66
9a7207
47980c
259e24
5d0e88
6d01f2
a7880c
35a4cd
c0555b
8d8aa9
c88d91
87854f
89920c
bc3e79
b2e72c
7aa097
d69d45
574006
211864
e46676
9868b3
461e64
aba1cb
a368e2
61a11d
19e543
4df73
eca824
5a9e4b
c93503
8e1a6e
d678f5
e3264a
d7621a
537488
d5afa4
372240
c08d3b
b5a341
b4fd79
5020de
6ad58e
2e58ec
40d1fd
ac619d
a18248
1aa18d
8ac4e7
1e3f63
c3592b
920239
f8e537
f13336
7ae792
b2d2e0
544eb0
30426b
66b705
b92128
505fa5
c76215
4b5eec
ffcb954d
ce14d8
fc1553
15b8ccc
39ef58
60737
52a327
fa210
ffcca25d
aed238
cdafba
d7c0be
ffc468c9
ffc2ba4e
172efd2
b983e2
81fa6
f2c952
69f9db
f7313d
ff91b537
b08af9
e6b330
1ca2d6
5e8365
ffed7592
1cba35
e23b39
4d3fc6
ff87ce1a
763ff0
1772a7a
1791e9
452096
54b413
60ec24
e4fa67
1743070
fffe5ead
ffe86b80
88ec99
6b742
9e9b1a
400e
192f93
944f08
2ce680
b84505
2dc2ea
ea257c
c7741
293545
213b3
375ce0
c0ebbc
ebb04a
b05e08
d69ec0
fdbc3c
18c3de
e9ce8d
8d590d
2ce946
1791776
ff0d987c
74820d
15b848e
ffe7825a
1a8f3d
a2ed75
1cc899a
5d149
ffa55ba0
a4f004
c782da
fffa6e8a
c59935
241e65
ecb7a6
17a2b68
b3278
fa3745
b3fbcd
4fbc1e
1fc8eb
898e5
29fe4c
166b1d9
29e548
e5b84d
908baf
3e5128
129ae9c
d0b5dc
bc73ea
1304a62
f7fa1f
ff854dd1
3a711c
8ffa39
e233ab
3ea9ec
e85b55
d05972
ff115a91
ff9143f0
314deb
633d2
1432d7d
ff9732c1
17d3560
d3ebbb
19edf4
c9f320
ff8c70b6
e02b55
71931c
166b191
ffbd8079
f70427
3a0cc4
fdac51
68dcef
5df26
bc1c05
2ee5fe
e7c6b1
17b1120
fffa8850
3cc9c4
1ec756c
3aca51
14b3a73
3745dc
a8a6af
814e64
799547
98ffe5
2b170
13c535b
9d3a65
512b33
c814fd
c8c921
592baa
ec52ff
97dde6
174f89e
33efb1
16bbff4
383924
e52fb4
814b1e
f6195d
4dd8d5
1348c7
1200c1
ff4274
1749b8f
97b7d2
ed3257
d0f7b7
3853c
bbe757
394ed3
60258
994b2c
13ce61
1663b7f
134a8aa
ff96e061
148e54
efc4cc
54aa2b
248546
16bc7e1
f5dc38
ffd5883c
49fbd4
6342b1
1b02fe
3827c9
34530f
ff82d10d
282c78
af4e3e
bbe016
d34ae9
1818429b
e4e4e935
f2f2ed0b
6060f89f
54545332
d0d0bba9
3a3ad4df
e2e297a9
90997ea
2a2a8e3b
3f3f5807
8686ee7b
2b2b4e8c
676701fd
dddd42b5
3838f6e4
20206364
1010b420
e7e715a9
c3c38bbf
4646e29f
3030f17e
5a5ad7a5
baba891b
8686e06a
e6e6b9b4
8989ae04
4d4d59b2
70749be
e3e36d5d
46466f5c
fbfba316
3d3dcc8e
32321b68
cfcf1d78
45459b03
8a8ace7a
6c6c238d
98987564
d7d71986
cbcb7a4f
dede65a0
8083513
4d4dfbf7
6767effd
1f1f1026
67676bf6
505059ce
5555ec6c
8f8fdf21
c0c0f730
cdcd324b
4e4efa32
13131fa9
fcfc7fdd
3c3c689a
a2a210c7
303a571
93935daa
b3b31187
d0d02227
adada874
6b6b7abc
eded5352
1a1a58e5
c7c757e3
45452d43
bcbcc979
c3c39f5c
eaea08eb
a2a23f90
6e6ef3ab
7074c55
92926c02
8e8e9de1
e8e81eff
10107e7a
66662179
7b7bef46
404d687
dede26c3
e9e90329
e4e494a2
b1b180c9
3d3df922
a5a5d789
9999a0e1
93936b8d
606023dc
bebe8482
4b4b23e3
1b1b08b2
8282d580
9a9ac4e1
d2d25168
d1d13a1f
e3e3ff87
a8a8453b
575795d6
3434e676
a0ac76b
9a9a24a3
8f8f09bf
1313e065
4a4a8c2b
86866d4c
13138d68
4f4f59ff
9b9bf284
4f4f70ee
3636a641
d8d86caa
70709568
58587463
999987e9
8d8d61be
2b2bd43c
bbbb34cb
a1a166de
c1c1b996
8f8f91c0
7272df6a
10109a2f
5454727b
7575012a
71713cc0
303a63b
dbdb838a
e2e28471
eaea421f
b7b704c6
5454400f
f4f496c5
fefee1ec
82821723
8f8f98f3
ecec1d42
2222d745
7272a254
141424bf
55558737
e4e486e7
89894c54
c9c9ea42
b2b2b13b
d6d6435f
9393ee96
b2b29001
e3e3e3f6
bababe9a
9e9efa0c
babab05d
2020c09f
8d8df0a4
d0d7b6a
767647e9
c8c81461
4f4f457f
53533cdb
bcbce833
26261e18
e7e76d6c
3838adc4
ababaa7f
46465116
7474ce42
d6d62ec2
8f8fc753
a9a9df49
2e2e443e
9f9f9fd4
b1b11448
a6a6d5a7
84841817
45457f6c
c3c3c23f
66668f67
f5f53b5a
b9b92ee3
f9f98c70
6969efce
cbcb1061
d0d5446
87877ba2
87871407
d2d28c67
f7f756e0
4545a48a
7979483b
51519572
b6b6b752
2d2d886a
89203a
7f375c7a
7f5dce3a
7f1395ac
8086c3fc
808ae027
7f77a792
8093d6bc
80bc4230
7f2cc39f
80fe495d
7f313bae
7f7b1763
80b59569
80c77a9a
80ef9b78
80d91fca
7f3166e2
7f6ff58e
7f2588bc
809ad20c
8094dc3f
80c599a9
80fd7be5
80e751b7
80edb3e9
7f4d823a
8087f4bd
80a25d38
7f7ebc54
80d19aa7
7f7c3cdb
80b4834c
808915b5
80a9b438
7f5e73be
7f6bf8ec
7f1ec10a
7f2d4ce8
80c42196
7f75813f
7f79a402
80c2d74c
7f14aaf3
7f3a4d56
80ae7b34
7f0b4fc8
80d0e082
7f0b9263
80a3271c
80c64dd8
80bd0d0d
80b4d265
7f10f9dd
80ef0ba2
80d803ee
80d39bc7
7f1828c2
7f3f9f08
7f0814b8
7f3364dd
80a7c80e
808876bf
7f7b2fc7
7f28fc11
80da679c
7f7b3bb2
80c18b5f
7f37b432
7f7ef085
7f58b5df
7f4cab28
7f56d442
7f6f193f
8091d2aa
7f7d1289
80aad5e4
80bdd522
7f415d04
7f3de910
7f194025
80008737
80ce856a
7f35d756
80a93e0a
80f768c5
80b98409
7f4368ac
80df5975
80be0505
7f2ef28d
7f7eb573
7f187d38
7f14dcc2
80b22786
7f522319
7f54c6e1
80c425c2
7f431d00
80db2913
7f569993
80fea14b
80997b92
7f0b4026
80c56032
80e5b39d
80c4f3e2
7f3cdf25
8081c135
80e96650
7f2535c6
7f3b698e
7f53b260
7f2ec8f7
80becc65
7f532f40
7f0cea17
7f7ad537
7f0adfb4
80cd7b06
7f78f1af
80f5a1b7
80a52152
80c9f62d
7f3e0bd1
80b3103c
80f720e1
8098b1be
80a39043
80df7a4b
80cc9c88
8089214f
7f3d6903
7f700c33
80b478b8
80a5fd56
7f487dac
80cc7729
7f1edd21
80f744ca
7f3c86f5
7f471e36
80a5355d
7f70bc53
80ab0ae7
80cc64b7
7f1a740b
808ae61e
80bbf0eb
7f3eb3b4
80b1696b
7f475701
7f2b749e
8087595f
80a406c2
809d4a42
7f54fe04
80fdcf25
7f1ff03d
80e070c4
80fbc8bc
7f1e8634
7f2b4893
7f318f9f
7f1d46fc
7f068bed
80c530b2
80b1c9ef
80b20a98
809998b5
7f312061
7f55b318
7f1a4b66
7f100881
7f2e1d1b
80fbbe15
80ab5249
80aa1826
808639fa
80a89360
8095a69f
80c2f056
7f51c9c7
7f097732
80bf2908
8000ad43
80b2897e
7f3bd5be
7f0add89
80e578f9
808f50ab
7f3f3d64
7f47cdea
a81635
7f189db0
809658a4
8045c117
7f176a17
7f0889c8
8096c054
80d773d3
804cdb2b
80a9e473
807308c7
804ee423
804c2a8e
7ff7fcd6
805653bb
7f729cfa
7fb88af5
805d8a6f
80d535db
80cdb444
7fa66178
80f931d1
7f25fafc
80805fd9
7faa464c
80fe7c88
8080bc67
7f9691c8
7f85ebc0
808079c0
7f63102e
7fb0a4d4
80f51adf
80ccf116
7ffd0267
802105c3
809d76e5
7fbf2d46
80b6f21b
7f4a0f25
80758a32
7f02a3a1
80dde33a
7fdb5f61
80308e28
7f030e08
805f0ad1
8068cb2b
803e358c
7f4edbe4
7fd98dcc
7f7c9ef4
80dc2ccc
802fa93b
808241da
8041bd61
8034d075
80b1884c
7fab407c
7f31ded3
7f7bda8b
801744dc
80b6e21f
801622aa
7f7b4479
7f364d3b
7f33f9e9
80358556
7fc38bfe
7f05c18a
7f7c5b24
7fa63536
80783a86
80cbd36c
8095b514
80895b02
7fc3e2a5
80fca75b
806932bf
80e111c1
806c48d2
7fcd302a
7fca2b0f
7fef204f
800b1bfe
7fbb6948
7f23e69a
7fe291bb
7f9db880
8014a25b
80b125a4
7f2d0760
80be6e98
80e731a3
7f38123f
7fa96d03
7f6c6d49
7f0182f1
7fae3139
7f641754
80b5943f
809c12b0
7f501e79
7f139cbe
7fd485d7
7fde591e
8068976a
7f88763c
7f1fb9fd
8016be4a
80ae7293
8092e918
80664897
7f84b2c2
7fb6d789
80c707fd
7f014f1d
7fbd0c28
7fc42b43
808aec49
7f8eca80
80320790
7f923b57
7fd12f4f
7feadd9b
8066cb5e
80d2678c
7fc0f8a0
7f4bf6ca
7f104542
7fa90514
80fd29ff
7f7e9ddb
80b3b260
803253de
7f63596c
7f60e496
7f9b5a67
7fbc7273
804a59ae
7fa19db3
803658a0
80d159c3
7f7c0e39
7fe8ace1
7ffd9487
7fa0bdff
7f2f330b
7ff03d52
80883680
7f2c780d
7f88e2b7
803c61a4
80f7e17c
7fd40d39
80e3fb7b
7ff6b2fc
7f067d2d
809ca458
7f60ccc9
8096c735
7f2eebb8
80ec4ae4
7f8c550c
80f26ec3
800bb029
7f7e282c
80f104fc
80c68b75
8094b76e
80420e01
7fb73b19
80b57bf0
808c30e4
7f1f1864
7f022849
80962496
806df833
7f69177c
7fd45275
7ff10865
8068bc42
7f9b0d13
80fcf916
7f5ac4d6
7f1c0464
7f2887d8
80bc18c2
7f18ab99
7fc6c2aa
803433d0
7ff9fde8
802252d3
cdb5e3
7f3a5be9
7f2b8939
7f1f942b
80e632d0
808963e0
7f26a2f9
80ab46f2
80a77759
80a059ef
80d74efb
80bdbc19
80855bef
7f368dfb
7f0b18e8
7f42aac0
7f7e735b
7f6363ca
7f187bec
7f15c391
80935cc8
7f7cd1ac
7f4cfb59
7f56c33b
7f1ce665
7f04dd81
80a87b71
7f73a467
80b99ca2
80b73906
8081f512
80fc0e26
80a6fffa
80aaf2b1
80972e49
80f4108d
80f3f6e9
80b2aaa9
80ea8849
7f4d3471
80dbd792
7f0f811a
7f68d3e5
7f68788b
7f742b35
80a70293
808265e3
7f1cadcf
7f2cb914
80da8688
7f6668ac
8000aa6b
80d191f1
80f7a48f
800049aa
808729e0
80b8571b
80fd577c
808e68d6
7f207094
80c3b93f
80e10bd5
7f2cd874
7f545fff
7f67adec
7f30bea7
80e6d1f0
7f472dec
7f4403a8
7f5f2745
7f2f41c9
7f67c8ba
7f75b6d0
80d34daf
808d66fb
7f6252c0
80df2990
80d23412
809d5c96
808f70e2
80926f26
80fadaaf
8097f3df
80849ce8
80bc2830
80808f11
80e91ca8
7f04e7e9
7f18c3a6
7f18a041
7f25219d
7f46e83b
7f4ddffb
8000b16e
80ea659e
80c4a3e5
80c7a1a3
7f5d9255
7f2c223e
7f616ed0
80fad7f5
80cd63ad
80f120ed
80dee073
7f509668
7f657540
7f3c5e89
7f6a6978
809df38a
8081ac6f
7f1b8f1a
80ec7f7b
80e905e8
80971562
7f1a99e2
80de1a29
7f7492af
80d516b7
7f6591b2
7f1f00c4
808c9e3c
7f6f34b8
7f7b5bf3
809b390e
7f483f58
80f8c8cb
7f6c3c3c
809ff325
80fdc7a6
8093dcd1
7f1a84f1
80ff476e
80c3e1ce
7f78f531
7f58b2d4
80937d98
7f41dbf8
80fd21be
80fbdab2
808dfc17
80c9463e
7f59c4ef
7f75fef3
80cb4d72
7f518550
80af8d68
80e8bacd
80a6c68d
80fa5afd
7f521df7
8098df88
7f7146f3
7f1d74c4
80dad31c
7f709090
7f682f93
7f6ba163
7f0138b5
80f1a5ea
7f215ada
7f41cdcf
7f5724d6
80d9d17b
7f574eac
7f402e53
7f29c05a
7f04eac2
7f473d87
80f882d6
7f28e3b8
80f3770c
80ee21fe
80cfdbc1
7f1cd6e8
7f7d49b2
7f056c12
80f9dea6
7f53b17e
7f04e2cc
7f504fc9
7f3a23ff
7f797833
80f291aa
7f068301
7f43746c
7f79f69d
7f435e58
7f010ce8
80956b7a
80e022e6
80e14d96
7f60e875
80ebb699
5f137
7f2f6e43
7f754444
7f105608
80a9e74b
7f4b25db
80eca75b
7f481cc6
80f67561
8087eebd
80f88757
7f127df5
809658d5
7f7002cb
80ca6ec2
7f4c1c3e
80a5d322
7f640539
80e62abc
80cb29be
7f2adac7
7f671d66
80e19eb2
7f01c37b
7f5b45ec
808a8739
7f7bcde7
7f02bdac
7f0fe4dc
80e3d0b6
7f7a527c
80dffe4c
80cccd14
80e58c23
7f474ba0
7f2c9ecc
80f510e6
7f33398c
7f790705
80f3470e
80bf91df
80cf9121
7f29e4ed
7f5dc162
5300f3c9
7f7c89c0
80db07e6
7f7604ae
80f9b76c
80a8f761
7f68aaa8
80d575f2
7f0ab106
80ad0ba2
7f0872ac
80e505db
7f2c33f3
7f10a000
7f4ebc93
80e90d12
80e42ca4
80b04f5b
7f1ea9c1
7f412424
7f5029c6
808a9f1f
80b74611
7f097ad1
7f1048de
80cf9239
7f15a208
7f4db3dc
7f7fb831
7f065057
80ccc873
7f51c8ed
7f535f63
80b03dbd
7f4cf2ee
80eec7bd
7f213ce8
80c17d8e
80affa31
7f65b053
7f44ad49
7f776919
80a69b56
80be5c3a
7f125ae3
7f3f3d3c
7f320642
80c24aad
7f13ed37
80aa5e26
7f2165e6
80ae6158
7f55634b
80813972
7f776239
7f550123
7f082a38
7f35f523
80840e25
80e09559
7f3c3426
80f3cabc
80a689e8
7f7cab83
7f40e207
7f7a2bc9
80f3337d
80c5f38b
80f28993
80e9f838
808f7073
7f2eeb11
7f7e15e7
7f11a8a7
7f42f444
7f10061f
80d8291f
7f3f1b8e
7f25bf2d
7f289df7
7f79c9df
7f262336
80cfdd8e
80ce6e6a
809861dd
8091ca78
7f51afd2
80a8fae4
7f6debf9
7f53d6ad
7f13f6fa
7f34aa7c
7f552094
7f77eeb5
809ff938
80837eaa
7f7bd8aa
7f55daa0
80928537
80bdea31
80915b77
7f6c8951
80cd9e74
7f358523
80ceabdb
80ffb7d4
7f779337
7f2043a2
80890d86
80ef26f8
7f4976a3
80e4472f
7f1c1022
7f3d28b0
80e050b1
80896027
80e45931
7f5454a2
7f21931e
80c8a4b5
7f10e887
7f06afb3
80e724d1
80898938
809c8221
80fec55f
7f67b399
7f0ba74c
7f36a565
7f12af89
80f18885
80956107
80f4d468
7f681f36
7f6b1c68
80f4a45a
80b78e55
808ffc6f
7f7ac12c
7f0901aa
7f2eeca6
7f052766
7f346dfa
80d6f8c7
8096e431
7f3e19e8
7f373c11
7f70f3c5
7f5320e9
c1cdb2
7f47227f
7f168086
7f405c52
7f2ee087
7f2b259e
80cac715
7f7890ef
80a3859c
7f57e228
80ed16c8
7f400817
7f572709
7f4a1b0c
80a12373
7f1c8da0
7f4ac0ee
80dfa298
80945b0a
80816f50
80e04599
7f58885a
7f7f3264
7f076bb0
80fd1b19
80cd8d8b
7f1f04a9
80e80c6b
80fe1685
7f336102
7f037560
7f2dfdc5
80bf563e
80ba561c
7f315196
80f3ecee
7f3b05bf
7f5f4259
80a9f4cd
80e0750e
7f012718
7f206516
7f1302c5
7f356326
80931100
7f1a4564
7f1c7477
80aa6d5a
80921f98
7f66dc6a
7f38abed
7f239b38
7f151542
8096694a
7f4cab47
7f1084b2
7f2a4043
80e3144b
7f64145b
7f2e2592
8097eed7
7f6b7e65
80f8e6b0
80a52df7
80cf95f2
80adaecc
80868bb1
808fcbf4
80a1cf80
7f05b8cf
80f0cdca
7f19904b
7f435071
80e0cac5
7f0f1bbb
80fc65f2
7f1f5dcd
80e971e0
7f6d949d
80be3dec
7f0d6ba9
7f3bd147
8093b8a2
80b53986
7f31a2ef
80c7a04d
7f7b0116
809bfc3e
80fca4fa
80c2d4cd
7f576b99
80f3281e
80c6ff4b
80da437f
8000e155
7f20b5a3
808b76a3
80afb64a
7f7cf90d
7f326bba
7f5f910d
80bda67c
7f0d9831
7f56e329
7f3947f6
7f7c098e
80b28c55
80dcbfed
7f78389e
80d9c798
7f58c67d
7f5ec2f8
7f215fd2
8000c011
7f241c6d
7f3e6baf
7f32c709
7f0781a0
7f5380ff
7f6bb368
7f2e4197
809d854a
7f6bb14d
80c84cc1
7f0d2a96
7f637989
7f1ef89a
80c86ee1
80f794fa
7f0d3738
80dd7dd7
80d0aa84
80c9d052
7f1c5d07
7f394293
80eeaf19
7f0b9486
809ee5a8
80b1cf91
80c051eb
80cbb9cd
7f2586f4
808210d0
80f26aac
80f99c9d
80af84e1
7f64507a
7f473548
80a11ace
808eafa6
80d10d05
80c1fdb3
7f23bd2e
80d3f826
7f673d50
7f14bf4c
7f5b71de
7f3d7102
80c6310b
7f6f7cdc
809a6133
7f4e32e7
7f356139
7f77c33f
80dabead
809b9b2b
7f6ce18d
7f4001db
7f6eeaf8
80fcf877
7f3b3ed9
7f2f667b
80a1ef6b
7f6ac780
80c99f85
80a5e6b3
7f37cae1
7f176ef1
7f74b482
7f7a0f64
7f32db7f
7f66ee93
7f561e91
80bfefce
809f3556
808cb9e6
80e3c2bf
7f02042d
80808dee
80b04e23
8095e449
7f4aa3b9
7f295934
3b7e6e
77c584
28dda2
39e37e
2a8dd2
f32b95
b3959a
1909d6
be59f0
a6c66e
fbc2b5
b90d60
c461d9
5f726f
c0cd2b
ee4cdc
96db7b
bf3c29
cd33aa
3ad5cd
37e77d
70b5a8
40af
5cc749
ca225
1639cc
5aa217
731726
ee1f9e
7ad1de
966f50
5e8194
ff0aab
106368
aa2678
a70e3c
94c628
ea30aa
609fa3
699968
d0bd25
c21e4c
9e925d
a8a1aa
7aff2b
2fe72e
3e04c
8b0c
8d3c20
8e946d
e6b1b6
5f0245
3593aa
ca9276
c5feca
b7c88c
1e7002
4c9adc
bfe7c0
6b2b10
7001f1
dcee02
f1c9d3
9b6204
fc8df5
fba6a4
75032c
ade674
b7e9b7
c20d5d
3560ee
46236d
6d4d8d
2153a1
568720
357cf4
48beda
821796
9942e6
d5f161
89f5da
2e1c05
538cbd
f7002c
8f25ee
298cf5
16d98a
36115d
32914c
a5cf93
15939e
a97dc2
3610d2
f9e22c
1332ee
4b7bbd
4a4064
b2d38d
6bc85a
a1074d
d08a5
31dd46
613459
2b3acb
2cd3d5
d24b61
6cc802
966688
87ed2d
c3b6d9
23c01f
1f3dc2
973d0
611a51
9237ad
ea0e51
7ecba6
7e69a8
8236a3
ad59e3
b4ba2a
9e9ecf
bc0c69
cfc6
c2cda9
5053ab
9a0580
dbd0be
bb84e8
f5ef59
5b9190
2c6b07
1e95e8
f6207c
2b12be
b5f47c
9e6121
8a3503
4baa19
239bad
f4b6aa
9c5004
f93cb
b37a6
547fe9
c1c0fa
374808
784fb
1f74b5
9437c6
384530
73bfd7
710103
e90cb0
6c4368
f69050
f6e964
6e4857
26bcc6
235160
2726d7
156d89
ae7f6a
1025ec
42839a
3bf290
77c19b
f5288f
9869b6
21eda1
9cd9f9
f1f14f
845fe7
2f14b8
6aab8d
b63e53
9c1d84
bb7c43
14a3d5
885f8f
9d1727
73b780
8f91e6
3b8874
c2dde9
1df99f
a2e027
febf3f
a4b70b
1a7e20
a04fd
94fb63
db9ae
535170
a6d4e4
922b82
b00e79
905179
bafab6
bad8c3
22b3b0
e93427
372a52
cf5ae9
cdb2a0
5b8624
b8d32b
399eeb
c6b3f6
8f343b
502999
d6d0c6
a2f24a
d084e4
92f1a4
208b50
701fe2
b365c9
95493d
a88d83
8c5f65
492120
b46ac8
4787e5
4f55a7
7616dc
f611b2
7b8fb8
c0a1a3
35f04f
ee4f47
5acf83
fcd0d7
3722b
732e80
9cd94
ef3463
34ec0b
81cdb2
3403d7
177c6c
84f00e
efbe30
c3a836
f4dc81
bf4130
dfda2
d1a60c
8d40c0
3ad512
819e27
18180b
b9de73
4d5f49
210af0
3d28aa
9efa19
8fe264
a839c2
8f36f
4ccade
61719d
ec51be
3dcd23
70d1ab
2fbc50
cd87b9
c88aec
634f84
c150bc
20b174
8e072a
bebe90
42f390
e8c8b3
c3e847
a80a78
f5ea98
2c2099
ea2a16
48a0
f5e768
4e4731
449a8e
3e29e9
714226
4682f8
33390f
29e1b7
462f9b
f8ba4f
e1714b
5d8b83
5acc7f
499105
9e7be0
3c2f1e
e350a1
becb46
dd3ff8
dc1ccf
97db88
23802
734385
3dacc0
797c19
207dde
ba1004
b88a0f
d542ee
5f044c
95fc40
646eca
28f41f
791900
ce72dc
f364a6
c05fe1
1f23d8
4f233f
616a87
77e971
d07c75
5995b4
772bde
250222
7dbed8
85d00a
a5441e
72256f
a575ca
28a16b
8b5bc9
c4aa92
c30d37
f53feb
6faa12
6632cf
17098a
7b7171
7303de
2a2192
aa8691
1eb56b
8b4cb4
99d636
3f48e0
df42be
213436
143eeb
37cf51
2d7a48
750ca
3bc81d
8e686e
6b5133
5f0c85
984e7
a554d7
264c2b
82cd7f
dca20a
2b5e2d
814660
372db8
267259
e8d9c5
22f2d3
5bec1
29b0f0
418bdd
fbb5d1
cf7129
fbd091
d7a43f
59ad90
68dbf2
9a833d
47fbc4
1e9ad8
dec9a0
8c68b9
8401a0
f809ad
5848b5
2d15e8
d9d17a
7f703991
7f092ef0
7f1931c1
7f461956
7f1d8a5c
80a65378
80e73c21
7f5d82e7
7f028778
7f230821
7f282024
80e5bfe1
80b28480
80e0520b
7f4bc922
80f7d963
80bcf712
7f5c8626
7f4282d2
808fa480
7f702a83
7f457420
7f73eb0a
80fa2dd8
80edefdb
7f11acbc
7f3a4c97
8081189d
7f4a099f
80861ffb
7f1b747b
809a0b23
80d59403
7f18b02f
80ecfd34
7f734d84
80933c3c
808cbb4c
80e0c156
7f184eb9
7f5a6f34
7f779373
80b8bf2b
80e15466
80d511d4
80db0a9a
7f350623
809673bc
7f3c9baf
80cd0004
8092d8d4
809cc80f
7f3643ce
80d2b2fe
80f44f8f
80d7b896
80c1ed8c
7f410c30
80bc4ec8
80e8ff8d
7f40d77c
80f958f6
7f3a1283
7f5a7270
80e84dbb
80903a79
80dbc6fd
80d1ff67
80c803c2
80e5e692
80ccb77a
80a37771
7f6bcb21
80b39644
7f0a1b84
80e5a534
80db314d
80e63fa2
7f69857e
80fbb240
809a634f
80bf68d9
80edf781
808d10aa
7f255db4
80e0e09f
80995ecb
7f79c170
808b82da
7f44fb73
7f1409c8
80a980ab
80fd90ba
7f18dd9e
80e477be
7f05ad7c
808349c7
7f3daf76
80857f40
7f6c753c
80c4a21e
80fe10a3
80d68afb
80cdea33
7f1da64d
808e7999
80e17965
7f556724
80db5515
80da082c
80d23e4d
80e56e5a
8084037e
8092b46e
80bf7ddd
7f78e0b4
808504cb
80f0c3ed
7f7cd800
80f00e20
7f71fbc3
809d3107
7f144911
7f0a28e9
80cbb9e3
7f4e05e3
80b156fa
7f2d9aa8
809bc205
7f4c7ef4
7f54992e
80a8917d
80e274c3
80e5f741
7f658263
7f28ede0
7f25420a
7f03b788
7f05671f
7f5c86b0
80dca889
80a7d01d
80824258
7f1078d4
80db8a49
80a10b47
80ef0127
80962c9f
7f46a4fe
80b89775
7f23b6b5
7f629874
7f091087
809696d0
7f6bbe0b
80ef31b3
7f65943e
809c7b6d
80e62dd4
80b0ea09
809c98b8
7f315130
8084faf1
7f56bb87
7f3979a0
80c6c129
7f44d0fd
7f27a765
80ee8175
8090771e
7f7442df
8094d23e
8099d96a
7f2d6a83
80ac83a0
80c6e7cf
80ee1d1e
7f4398dd
80ab9fd0
80b3b3fc
7f4606cc
80dfcc48
7f4ad4a2
7f59d401
7f379925
80b8e9ae
80902ea0
80eb8bc9
8094a0a9
80fe2512
80b1594e
808ae532
a3f32a
80a6f009
80cefd5e
807e7b02
800158bd
80226998
7f3bc0b7
80881486
808d179a
805dfb7a
7f5c97ea
80cfc710
7f06e18a
7f85ebb4
809dd446
7f22b388
80732ab1
802f6597
7f63e284
7fd4b09c
80e941d7
80f936cf
7ff6d795
80485901
7faeb7ee
7fa0386f
80a43590
809775ba
8092cd14
7f1ae9e3
8096972f
7f928de6
806f966d
802e0efd
80a3e249
7f4a2e74
7fc7284a
80e600f2
7f951812
80256bc6
7f0e82ee
8012ec54
80f35c88
808a16d3
7f45281f
80fd2693
803bee7f
7f1c4833
7f7f3e12
80052fa5
8065fa60
7ffad6f5
7f74b1a7
7fad8ae8
7f200578
7ff32231
80288e3e
805e9332
80fc29eb
807b11c7
7fecddc3
807dd02d
7f5f1c23
7fc34a14
80facc6c
7ffe95a4
80ff03e1
806cde7e
8015fa44
8065c977
80b839a7
80a9079a
8007ff6f
7f1fb404
80cc1394
7fe74706
7faf554b
7f745f68
7f88aff5
80c9d040
805abb70
801767bd
80305903
80b9b467
80f22ab5
803d17b1
7fc0f3be
804f0180
7fec5c6b
7f227508
80b1db30
80a320a6
7feda280
7f90546d
80d5a575
806b8b7e
7f8d150b
7fcc7862
80561f8c
7f88d694
80988e39
7ff92b10
8040ca43
7f924e7b
80e725e7
80f9ab73
7f009a9e
80b6159c
7f828287
7f4a01f7
7f28135c
7f123162
80f13e83
800bb831
80f5ca3b
80229d78
7fd2dfb7
8038e725
8095a563
7f16466d
7f1e5951
7f1d1550
7f9ee5f6
7f4e285c
7f2b94a4
7f554b26
80d8ac41
7f5e213f
7fbd0f14
80fd58b0
7f7d90e5
7fc95b14
80c21cd0
7f511a6d
80038b57
7f8e91a5
80caba77
7f8c6d43
80f1ae41
80ec0d01
7fa81b25
805ad165
7f70d7ac
7fdc245b
8097e614
8022da6b
7fd28db9
7fc2e2bf
7f0d1e61
7fdfd4af
7ff4c6b3
7f2dc6be
7fa71546
80e18439
7fb9cd97
807a961b
8000da26
8007945c
7f122f6e
7fa80f48
8066d045
7fb40c0c
804a7794
7f92c0ca
80b7be15
7f6dee9b
7fad94f7
7f0f305b
7f18202b
7f720777
802ac834
800424db
7f0e9cbb
7fd7692f
80686ff7
80c4fe2a
80c3e06d
7fc5fccd
802c2898
80ad882c
80deb426
801b73fd
7ff5d7cf
80148862
7f5085f8
80e0b031
7f6788c8
7fc1d6f5
80876f92
80421ce3
80ef0da6
7fcecb8c
8060a66d
62583d
da521
c70bee
691ecb
85e13d
7be00f
d753bf
7911fa
442ec1
a990e9
6ae818
16e915
830771
2a252a
4a50aa
217909
2c89dc
62df83
309246
7fba7c
a1eba5
7fc84a
327604
998bcf
205a93
ea3309
46d767
bdd7ff
e11e68
75876f
9cf0e
d29070
7467f
a9d1ce
33c2e3
7ec7ea
420460
fdd288
de95af
32ab9d
b5cf
68724e
517a25
b25d4f
7b6836
5fd8c3
f4971f
9684d2
b883bf
b2727a
7fca7d
d97f64
a2de0f
70967c
254723
5bab6f
9cf7e7
d4d36e
c28a3a
fe111f
931365
79b6ef
76b26f
c60b65
6a44b3
95bea4
c898a8
97414c
ef979b
d89031
428198
435613
53e9e4
7d3b6e
2f5b3b
dec319
b8b799
747ee9
b1522a
8ff834
4a89ec
88818d
1bc8df
41a718
c215af
2ee407
363a17
59298f
857251
212905
ed168e
94a6d4
ee8c41
82ae3b
56baba
cb3ec
449b32
7c022c
f574e1
f19359
d715ec
8584d4
d90263
834041
35bbb
a4c765
b357e1
664bba
5b2f84
28b252
7c056d
e88768
6eec1d
6910bb
513777
437f4b
f48108
250ade
a3b3f1
b657a2
93dd5b
462a14
6a6e59
5c1e4c
b4fb16
987bf5
781b33
cd7988
bf026b
d1e542
9c26a5
3f537f
d77f41
f436eb
2d43e8
20b48a
2f4c24
423ea1
b69ed7
ed763d
29db3e
c541c0
6590db
f36fd2
b590cd
444d7e
da419f
9bb5f4
572a28
d08722
a21bc5
916cbc
fa9c0f
2efc8f
15441b
8d339f
d2edfb
1310ff
10b41a
c250e8
e4655e
904dad
fc67f0
ab68f5
3406d5
416441
521849
d3fdac
1f9e47
a3d2d1
a9f6c3
e55c0d
da5ee4
f612d0
484b20
ac0f76
12cc88
ba2c16
a92832
3375e7
7bad71
607ac9
76fa44
8c3f52
21e606
ba66bd
77f167
2cd69c
86550f
97b483
6b4802
b4bfce
ca66b2
930576
7f730670
80a7894f
7fdb485f
804d4ef0
7f193c62
80de5380
80100ec6
7f57e0a9
80f60588
7f76501c
7fed6303
80b59b19
803ccb38
7f286234
7f6382f0
80b745c4
7fcd4075
7f4bdd95
809c4fd3
809d71c6
80882cbe
80db29fe
80f20dd7
807614a1
7f63e7f0
801669df
80f2d12c
7f62d7c0
80af21fc
80b6bb19
80dcd67c
8088b557
7fcd1648
7ff4b881
7ff5137e
7f9aa09a
7f1d592d
7f9c0750
80e7994d
809b46ce
7fc2d3ca
7f8a511d
7f206c5a
807710ba
8056349d
7f237429
7faaa4b8
7f1091be
801af824
806f12f0
7fea90a4
80c111ae
7f9ca7a3
806436bc
80fcba3e
805e71cf
7fd8afa5
7f23730d
7f800675
807d35bf
7f9a8084
80191be6
80ece831
7fd7be83
7f772c4f
801d688d
80d58c5b
803a05a7
7fd6587f
8094b343
80724ad1
7f31315a
7f0c3b29
80dc2c9c
7fa7ead8
80fb58cb
7f60fdad
80ca02cf
80ce52a9
7f9b480f
7f00c5a9
8075c93e
80de66d2
8096807e
80f8eb10
80d14193
80b140be
7fbf6d43
7fa25163
804c33f7
8034942a
8083fe5b
7fc41b61
7fd43e05
80c1e93b
7fa1d5d2
7f9fa191
8032d051
80e513a8
801caa03
806f8d66
7fd2ecde
7f506006
7f9d3576
7f516555
7f9b6447
80f364b3
809eba05
8052b11d
7fa02678
7f6ee1b7
80af8219
7f273870
7fccde93
80fdd24b
80e53f93
8012996b
8017bd5e
7f8a202e
80c422f8
80dcaf78
7fc2e9e8
7f411840
80a363eb
7fd4b098
80d4ff15
7f49f3e9
7fa193cd
809b51e0
7f7c6667
7f732171
807e1ef7
7f80aca2
7f83e783
7f105c67
7f525641
7f47c8b4
7faa520c
7fbaf5a0
80cfae65
80eadb02
808be321
7f1e4d5a
7fa84931
7f5e8380
80b326f2
7f51b99f
7fdee593
808b8c03
7fc7740e
8090fe23
7fa25b0f
80d3aa6e
80e511da
7f772e17
7fd30f6c
8034cc01
7f6b7175
7f093f1c
7f4ecd84
8018c211
7fb7ae93
8051960a
7f7da6f3
800b28d0
7f107253
801212b6
7f3ca1c7
7f32d1a9
8027ab71
7f61e180
7f721857
807f33ae
7f34eaa0
7f095771
80927cd9
80cbdb24
80c3dd7d
7f129cc6
8023be53
7fe6d6b0
7f9c8fba
7f012923
80a179fa
80bb8d21
7faffab5
7f552b7c
7ffbd486
7fbfeef3
80a1eb52
7f83c1ec
7f3c4f7f
c860a6
808bda4e
7f041afc
80e9071a
7f5074a3
7f469c4d
7f674c7d
80c5960d
80b5985f
80bb9889
7f5d724f
80e7b8a0
7f52e8a0
7f5207db
7f3a3fda
7f0ddcb8
80fb74de
7f6f6a82
808c5d6d
808657ca
7f683a9d
80d9da4e
80a53bb2
80deb8f8
7f28b357
7f56f0c7
80bce48b
7f6df084
7f186e1e
80f4ef8a
7f1dae50
80cf00ac
7f3ed40e
809af573
7f6112ba
7f6df238
80ab048e
80cbc6b8
7f35e5ac
7f328dea
80aefb8d
80f4aeee
80cd4b42
7f7717ca
80fb9eeb
808e0544
80d6ff9e
80d4e41f
80a0c840
7f0fb527
7f5109e3
7f16c5a9
7f358612
809a4943
80904e36
80f1d8db
7f257334
80d861c5
7f5e1bdf
7f6b22cd
80b5b5e7
7f53ea39
808bda03
80e8f23e
80d1955a
7f33be75
80ebe782
80ae9d2b
80cf5b51
80d2d977
7f5c3baf
7f44e7fd
80db64cb
7f6fb7a4
80f700a9
7f590d92
80b077fb
8095f566
7f0b6c38
80c5405f
7f10a3b9
80f09946
80ceb5ca
7f3c90ab
7f0121d7
7f60bea0
808047db
80f01de4
7f54bb6f
809ad468
80dfac1a
80ed0bae
7f3d33f3
80bd14fc
7f78d324
80ed399c
7f1b4d24
80898e43
80d9b3bf
7f296ba0
7f7e8456
7f413468
80cb0032
809af0e3
80946806
80ce00af
80cf43fd
80ec26d2
7f4fce19
8084a904
80d3b0f0
7f7c6dd9
7f17d3ef
808fbf90
7f0c9665
7f526091
80ef9d31
7f7cee06
80ebc157
80a55f5f
7f07bf60
7f5ff84f
7f03d24a
7f06a706
7f41c505
7f5a1681
80b36cec
7f2db996
7f54865d
7f151a0a
7f1a7ea8
7f6e909b
7f00a5b0
80d88b66
7f259620
80e909db
7f2e77f3
7f3c1744
7f2eb662
80f112e3
7f1458ed
80f7f714
80a2006f
80fdf246
80c6a1b5
80c5c5d3
7f327a11
80b021a5
80f2c362
80f2432a
7f7b60c8
7f1d7d27
80ecbb97
80b7586b
80f2d70c
7f3da4b9
80e30ae0
7f7ae288
7f0cb70e
80db67ed
7f7f66f9
7f782069
80c80759
7f197e32
80b43113
80b9bed7
80a66682
80fee401
80979e4c
7f495d56
809f3894
7f53aa57
7f295ff0
7f4c163c
7f5f8d8e
7f462f02
7f69304a
7f0fd378
80b84082
80ea2036
7f7fca58
80a49ce8
7f409890
7f131312
7f1e51ba
80b4f57d
80e4cc21
80f8b308
80b03dcb
80ea92b4
80cc63b5
7f10689b
80b256cb
832aa2
7f5f06c2
7f3db49c
80bae3f8
80c3515d
7f04b124
7f652544
808e1ff8
80fc8e3a
80ae4496
7f5f2ac6
7f4e1fb4
7f2dcd4d
8085d6f8
7f27bcdd
7f05a403
7f4cdbf4
7f0f0efa
7f687567
7f0549ca
7f2ad82c
7f17b362
7f087a9d
8091872a
7f74f617
7f0f42de
7f423d26
80e09a33
7f3c3042
80ea5bf4
7f41e2eb
7f11065c
7f32324a
80d2dfa5
80f65913
80d4906c
7f726acc
7f33b46b
7f025f45
7f1ece92
80acf678
808f4978
7f14c07a
80e2d908
7f5fc384
7f06c649
80a9fb82
7f7fe6c3
7f114194
80e24c34
7f334554
7f7d8bcb
7f70af60
80c3a221
7f4195b7
80d3e255
80c72055
7f66e141
4003450
7f1d6eb6
7f03c975
7f16ce34
7f15da27
7f3dcdcc
7f36d0af
7f6ac2b5
7f33e61a
80a6a27f
7f6b3d53
80af7896
7f4a84a8
809a9c86
7f2566c3
80ca6996
7f73f0b4
7f68dc04
80cb9e1b
7f1589cc
7f310171
7f022794
7f71eace
7f415c97
7f71ca71
7f3cb8b4
80ce579f
7f104044
80b6764b
80ae8b51
7f0a30f7
7f58fd7b
7f5cc8a5
80c855f4
80b9eee6
80bb5a72
7f776bd1
7f2e9087
80d03c22
7f7bbcf5
8092552f
7f668bfa
80fe4e69
80f67c12
809dd0d7
7f0e8a07
8092c8a4
80eb4703
808665ee
8080121f
7f01e215
80e2bb5f
7f33017e
7f719706
7f0b41b7
808f0ca2
80965ec4
80954873
80a3268e
8083ef28
7f687548
80854a75
7f45c7fe
80dae745
7f4b2d7b
80bac5c2
809259a9
80f3f553
80c4700e
80810fdb
80db9349
7f092997
80db053d
80a3cdc4
7f47688e
8093afc7
80f8a45a
7f2a54c2
80f576b1
80a4edb1
7f36f2a5
80c128a8
80c22fb7
80e1f492
7f308df8
80fb61bb
7f37b891
7f5f5765
80f65d19
809d6a2e
8080a735
7f57cfd9
7f52aaf0
7f74a3df
7f57f770
80f83635
80a52f52
7f221fb9
80db17d1
7f3b0aa9
7f3186ee
7f0275e4
7f528282
7f57d4d1
7f0e0ae1
80f6cc71
7f110fd6
80a79309
7f6bf35b
7f73d0dd
7f71a7c8
80bd8a78
808f524b
7f154706
7f4cd19a
7f5668ad
7f635923
808420c6
80ae721e
7f57e655
7f2f5a0a
8083176b
8087efdb
80a36289
80917e53
80cd57ff
7f6e9518
7f17766d
7f77db80
7f24e12f
80a828a8
7f7fb793
80c6ed57
7f112694
7f7b4189
4fa0f8
cdcb9a
c3fe67
508498
d39e52
ff4f07
b0df8e
bccbd9
b2dacb
f4aca0
491c21
9e36e
8a4844
9365ab
b6d62f
6ea871
37f8d
e8fc7b
966e9b
c8d0d4
a6ba46
91fd20
540b7
578805
a63882
e728
14af21
709e24
278fa6
f0b68c
a3de0e
7be97f
f466aa
788f6b
40bfc7
b14784
58724d
ab6936
20316c
693b1f
4084a3
1af63b
668096
363a5e
5d4a4b
d0c8dc
7bdfd1
57a7b5
3788fd
acc4c4
7f91e3
b2b707
a8e251
c66b19
f80c22
747951
93610d
5efe49
ba489b
5ed388
15f99c
2e453f
ca2df1
67d8a5
791bc4
83813f
e68b5b
817459
ac6062
3c4637
f15c24
b72ea0
4e81a1
721835
f929bc
12c001
d64b59
adad72
a13334
1986ba
651575
e97a22
a30030
8011c3
297d8c
d825c3
7817c
34c246
23d76e
38a8aa
864100
c1e7ec
3cf326
6d6b84
6f1a92
53e952
d444b4
4f54d9
76f9c1
9cf849
4b7633
d0737b
d41305
3ec448
fb5b98
ae52b2
2c33c4
e476e5
2681b8
fe51a
7c28fa
50a544
46477
f5f543
fb0b72
fec1c1
b5b20c
801284
70be5c
16210
2258c8
ef7a74
615c5
f81cfd
aa9a59
bfdfe4
760075
9b10c
67eac
eb94e3
484634
4e4fe9
84cc43
f2baa4
f6f6f3
3e7614
582d39
ec193b
2e6da5
63d810
4f0ca5
7c94bf
6f433a
5d852a
131aad
7075aa
175dbd
982c2e
b1de64
16e10b
4c10fb
3e2277
dad4f8
a5239
af2e4f
93f791
14ab7a
468b5b
e9a21b
a23574
4a5a96
606a2b
f07693
98cca2
cb29c2
5d1006
b11ba4
8a8ff
b13daa
6effa8
9750b
8960ab
27776f
df4204
e9adb1
7ae051
85bd07
f2cb70
fb6035
83e78a
9968c5
5868a8
eb1683
b602d7
3dfaa0
a928a3
d19788
843897
cc0815
d10a36
8ebb58
be1c20
1f59bc
cab5b4
7fa09480
7f82efa7
7f75cebc
8010b071
7f743914
806037d5
80bae821
7f358ef5
7f4c7320
7f461b44
809ec778
7f04697d
7fd7d586
7fa14b35
7f6cecb7
807651ad
809662a7
805d0ff8
7f2bf0be
802f8361
7f022959
80462fd2
8080e12f
7fb8d5d4
7f84bae3
804556d4
80cb1482
80168179
7fd93a25
ffb300da
80bebd1a
7f4a1077
7fb0f9f4
7f09da84
8086aa73
7fc35f12
800563f8
80d0b41a
807c7084
7f3cc5b3
80e573a1
80a7e751
7ff4869f
7f08edb0
7f04d896
7f55c4b0
7f6e725a
7f0f5113
808ea821
80454ae7
8025138a
803179de
7fb86a05
7fc87e49
807228fd
7fb3869c
7f6baffb
80e1f243
80e3cb47
80a62ebf
8045048a
807250e4
800ebb62
7fdb1071
80ca38d8
8041a539
80f6852a
8018df7f
80d8b11c
7f6adeae
7f9b4730
7f12c28b
806129f8
8062f811
7f8e5535
7f3bf892
7f36a4da
80cdcb23
7fa05340
80a88863
7feff1c0
7fd9ffcd
7fa9600e
7f34d6e0
7f8a4261
7f6ef3f5
7f27243a
80639404
7fbc286b
7f5b2f23
80da5c8f
7fbe0f04
80d4f335
7f37ebad
7f5b5746
7f146f0e
80ff1bb2
7fa42f44
804cdb56
80a6518a
7f616f69
80bae044
806347e7
7f03cde9
806161d2
809ca534
80672a9e
7fbf0c31
7fa6072e
7fc1dccf
7fb184ca
80c5c73b
7fc31b50
805c599e
7ff43e26
7f4bffc8
7fd6782e
7f0791ca
80c3c979
7fec4130
80719945
7f0791fc
80cc884c
80a8865f
8065da6c
803224a1
7f89502b
80247897
80a53399
80e347db
8019ad7b
7fbe7e1f
7f87e7cc
809dc778
80eced2a
7fe63373
7f385954
80dbea57
803faa2a
80de6785
80a01000
7f1ef8dc
7fef6f76
806f38e5
7f653d28
7fbd310d
80003ba6
7f23eba4
7ff482ae
7ff0bde4
7f520e19
7f0ddfbc
7ff6a4ea
804b2aef
7f9b3970
7fbd80cd
80ffb858
7f473b27
80f44ea7
80999c1c
7f062e7c
801ef051
80e7d623
7ff2114e
80e7e711
807c6098
801ea57f
80272c8c
7f8e6f60
7fabe3f5
7f3592e4
7f37a2b7
7f357d05
801c5c80
7f641564
805c19a9
80b524cc
80a3b106
7f518cbb
801119e8
802871d1
7f140311
808e129c
7f6c0833
7f4cb6a8
7f87042d
807455d4
7fae1977
808a50b6
80d6875f
8039ff7f
7f59d4ed
ed38ae
7f16d28c
7f1c25b6
7f4b342e
808db31c
80c6a964
80bfa62f
80a10ed0
7f4ed7c1
80a0a261
7f3098a1
80ff1702
80f0445f
7f13fc47
80ecde74
7f33dd7a
7f19394e
80d3029d
80ce37f0
80ff43d5
7f7060df
80ab5616
80c41775
80bcbab1
7f77d667
8093edf1
7f6fe5fa
80e4425d
7f4f6b4e
7f7cf6cf
7f1c8250
80e47482
7f1b2572
7f55be53
80cb0b62
80fb0068
7f1f37da
7f0c4645
7f2b6464
7f657bcd
80e80e63
80dbfc21
80da32a8
80ee7d71
7f0f60b2
7f17f103
7f5b38ab
808e9ff2
7f2fb2c8
7f36e8b0
7f73f71c
7f759034
7f0b1fca
809213d6
80a3d662
7f44d5ac
7f1f11a6
80aae8c7
80a61c9f
7f781389
8084905e
7f267bfa
80c20ba1
809baaac
7f7814d2
7f2a3894
80831c10
8093cf5e
80e90396
80f7a81c
7f095e25
80854097
7f58a461
7f1be02e
809e190f
7f56d74a
7f6c1b0a
80a1bbe3
7f443bf0
80fca9c8
80c34bb0
80f7983a
7f4842ac
80abc651
80a336eb
7f7bd0d3
7f46a5e6
7f794832
80917e1b
8093ec44
7f28c014
7f5e60a0
7f2697d9
80f811c1
80d74658
7f216935
80bed134
80c8bdb5
80eb2acc
7f5234dd
809ac488
7f259dc1
7f3f6119
80fb7b1f
80e2c493
7f58f54f
80ef14d6
7f2a7c44
7f265306
8086fa94
7f252796
80875746
80ab2b84
808c7937
7f750ba2
80af5032
7f39a0dc
80b5a5f8
80b4655b
80cc8240
7f03927b
80f26293
7f7f511d
7f7121ad
80a0324e
80b8583f
7f41a451
7f3d1b79
7f16230b
7f174980
7f26ffae
80bbcb47
80b5721e
7f332d56
7f4734c1
80f39086
7f5076a1
80a1d0b8
7f6da091
7f38b855
80df067d
7f5ebd2f
7f1cdf9b
80dbb3cc
80d25b7c
7f739c98
80958702
7f397bc6
7f36cad4
7f197aad
808e29a5
80f789a0
80d648b9
8085ce52
80dc6855
80fb9ad7
80c886eb
80b9fbd4
7f46aa82
80f1df8d
7f2cf2b0
80f20d35
80a15d2b
80ae9af8
7f5e7b2e
80a3af21
80bd1ebd
80b7fdb6
7f2f89cd
7f041ac6
7f159bf0
7f2cb1d8
7f6ecb24
7f2ddcdc
7f1e68f0
80ce1b53
80fd7bcd
80d672b9
7f728499
7f51744d
80aa5d7b
8082e1e1
80e6f244
7f640e38
80e78fdb
80f505f2
7f6fa4ef
7f3e7e7b
7f5d1adb
8087c5c4
80e76d83
80af0315
7f3f55de
520933
7e6dae
baceaa
894223
5a4ea5
692396
22244a
96c127
594064
dc2715
4da0bc
e3c0c2
52ce0a
5a9c3e
d85457
725eaa
12d9e6
1e833
cb1c79
dd7f43
d075ab
686c57
429403
2660ee
d873b8
79a201
8e98c9
ed45c9
82775c
9aef29
b9475d
a86958
b6f659
f79937
f85b4d
d7bc38
364684
8f33dd
4085ef
a38cac
f177f3
c78423
1b6603
b9f3ef
23a882
7fc8ce
3c7ebd
1c0ee9
229c1e
30b4a4
703a3e
9152c8
a087f5
8c57cd
a1f001
90fb84
39ac
beacba
76e2e7
15608a
7c1cb
ead9af
e9d64e
25ddc1
573c8e
6ed5cb
afd5f8
a65194
d7e2a1
ea7fba
730f54
de2f93
19b103
f0db5c
650e98
6fe251
1703ea
1d9a84
49b06c
59c736
29489f
106737
74eff1
922eb7
fbe870
5870c9
bb4f8b
d77bda
ff8df3
86a0fc
a3a3f0
4cb35e
841f28
c3ad93
fc115b
5d4d73
38cb5d
a2319
8c7c0b
bacb9f
de4a1d
739874
401435
368232
12cc7b
73b0b
c52a88
d8e897
86d4ee
61ee4f
28d781
dd17a9
6d4c0a
bbd87f
c42d09
5e897f
ffd241
374f1c
be35a8
fe45a6
2e5d6e
4104d6
deb7c
c7fcb0
be99d2
be5dff
9fdde4
10a59c
b8bf28
ac0e79
2afc88
c56390
577ce3
dea6a
c644d6
38f02b
e9e035
c3ba6e
5ab0dc
6f4f35
51fbf1
92281f
eead58
a2675f
6836fd
873f16
234492
406ca
756d9d
d77253
946085
8dcaf0
2672ec
ee7ea7
64f0a7
275a86
2e976
7cf032
7a697a
c4be5f
c954e4
e0f0d6
998b5f
833bc3
fd2da5
de6833
da375f
eb7658
6c1ffc
322fdb
f15295
7895bb
29e48
688026
bebf4f
cb08a0
80d033
6ae902
a3e0fa
e7071b
d7b3c2
20a2f5
cf5a31
cd1f9d
673375
eeab9
b20d84
7044cd
8324e
61df2a
68bd08
b4550a
974c5a
d6e2ae
7fd8a1d5
7fe0b3e7
800e875f
809534b0
7f0e84ee
7f9ce18e
808277b6
80761d97
7ffc365c
7f5c4801
80a9e669
7f53b5ed
803ef70e
8010c1fe
7f461f07
80f9068e
7fef144b
80b324b7
80414da1
7fd31f66
7f651e52
80e52dbe
80b5db56
17d005e
802fed3b
80c5e830
7fca62fc
7fa2fbcc
80afb35d
806c2a9e
80e1d037
7ff3cdf4
7f2ccd8b
7fea7407
7f8d9b95
80b26ad8
8049e336
7f8985de
8062f958
8090ee22
7febebc6
7fcb3550
7f822f0c
7f25efc3
7fa2eccb
7f7792fb
7fbc9687
809fd801
80f28f4a
7fd5b6b0
7f8e7e04
7f0786dc
80216ec7
8011b16a
7f0bdcc3
8087bb15
7f52200d
806af36f
7f17093e
7fc8152e
7fb02723
80790cd9
7fdcd49d
80ad22ad
7fac6f18
7f42422d
7ffbafb1
8076748d
7f15d18d
7fce7d04
7f32efee
80248b53
7ff3bae2
7f03ceab
7f79d388
7fde6d64
805c9a14
7fbe762f
8045a210
80c2f149
7faffe92
806366e8
80427ff5
7fc93a02
7f6adac0
7fcd2c79
7fed4923
7fbe4c0e
7fb40123
8088a603
808ab57f
806fa12c
802ef044
7f0f5811
80c7ae00
807625bb
80d1fbfc
80a9d413
7f74bb9e
803a980c
80e7e416
7fc4879d
80898d4f
7fd39eed
7ffc3920
7f36a1e0
806f0fd5
7f20efc5
7f548ce0
7fc597e9
7f40f7a3
7f3b5f76
80d89c62
7f0b5c5b
7fed3e63
80ff0bb1
7faea69a
80ee29cc
80786f83
7f55d3a5
7f5f252e
7f9ddbb0
80cdba2e
801137e3
802178b1
80fcf54a
80d017a4
80a529b0
7f0f4f4d
8009b043
7f3b81f7
8031d261
80f9a56b
7f6e91ad
7fcc0613
80e45ccd
805ae74b
80e8af07
80cde620
8081b44c
8023a265
7f4f7c6d
802824e5
7fa8abb8
7f9cfdba
80a42c8a
7f716f6b
7f7ccfeb
7f120643
7f05e09f
7f32eacc
80564c82
806fbf15
800e48b9
803bfc40
7f2089d9
8001a050
7fb1796c
8054f806
802c1a93
8020fd41
7fc2a7cf
80596d99
7fdc676b
7f7d1003
7f8ddaf8
808cc757
7fd997c9
80078443
80a075e5
7fe5ff97
7f8ce7cb
7fd0a7eb
7f4f1600
80d67bb7
806a7dc1
7ffd7f24
7f360670
8059fc24
7f58c0b4
804118e3
7f22dac1
7f055b4a
801ee430
7f7f3537
80c345a0
80f2719f
7f5be8b4
807aa62d
809d24ca
7f42aef2
80c1da1e
203269
362052b
fc9d1e98
fde37bad
46ef1a5
fff5259b
fd9b14c2
fda3ff3b
147c070
1160df3
feb9dcc2
ff1576d4
c284cc
4196b7d
fd9deead
b7b98e
fffba338
fdb58012
10e94e7
23ce842
351e0f6
355ecb5
113fad5
4288d90
103e4c2
21097b7
fee7ad4d
1321691
249b7f6
fc870519
fe9197bb
564c2a0
fd99e8da
febaff31
1d33a6
ea550b
fd8fc0c6
fbdc8072
67f564f
fda8cd31
ffd8f4b0
27fa86c
202526b
fda5570b
ffe06bf3
ffde99fd
12bec57
248a318
fb935aa9
fe0a6093
fcbb8331
fd90d5fc
46c2e41
1415de2
ffe8ec5c
fff0fe76
336db95
1208cfb
a38a8d
1f681d8
27957a2
ff1aa148
17b8b69
9d449
10fcada
174609a
1f36344
476edeb
223d696
28ab37
4602946
f1cbe4
fed6ef77
373a00a
234f7bb
fd9f3027
4515c43
57c315f
fae6ca
dc10b
fdb338d5
fc8f0fbb
240e3ce
ffdd73ff
fcb84799
fcd68551
2346816
3751ad9
e41d52
472dba0
127bbfb
ffcf1d26
37e842b
24bf6f4
fd8e0c55
ffd5d0c5
2054e56
fcb78c32
25e6ed3
46e3923
1ec565d
feb58700
b088a3
fc8293f1
456bcad
feaf1210
248a20
4532c7e
fc9c52dc
fc3406
146a434
343a0e4
ff107ac2
1270fe1
f3e893
fb87943f
31f694d
feb6e0c3
443ca85
255ed55
ffced1dc
117f68f
fecc2fda
fdb522bb
fcaaca55
56c7e33
fedda33e
fd9e3414
11ef37d
febd471e
3d002
66b647d
106c8c7
257ea71
11ce22d
ed5a25
1fd3068
fec08af4
ffd7fd2a
ffeda92a
fda60668
fe8f4d61
fcb63384
554a684
2529828
32584ca
225e2bf
470164f
feb5d6b1
fec38a0c
238ddbb
1d4bd4
2212b66
27160b7
53e9d93
fd851353
fa95a574
fec13b10
fba49566
470402c
47b0de5
fe972f76
33cc5a3
4319ea4
45e355c
151913c
fcacce53
fda10f62
feb47e07
47dc1ee
1204501
249220d
24f67f7
fba39452
fddcc6
feb5bfd8
fee2298f
ff62847f
2510b90
1e9820
11d0ee9
fc870ff3
fea6293d
186
fecf1ee5
2e77466
feb3d5d2
36220e2
3119d92
123f7e9
467511a
4255d79
131c13b
128f77
737415
3149c4
73326
240e97
a4caec
ff1d70c4
7328da
3233a2
7ecaec
cb2868
f3bddd
c26ed4
8b5db
f0259a
4c12f1
610121
625dd3
2f34ad
928d17
2ef882
1c084ab
a1d125
9a16bd
19f7444
ff198a27
18f7e9
f0562c
fffc9a50
ffc962b5
1ebaf83
156b38e
a0069d
1a53e73
1756443
260503
cddafc
d293e
462df6
8edc1
fff25e96
87b4c0
fd4cc9
e9f508
140cde
16d606d
8528d8
b03b27
b8c804
56f98e
cd244d
49e1f4
7ee612
aff847
ff2b4892
1aa642d
ffa28164
1e8627b
a1dd97
91c5ff
ba7208
c8d58c
ff53b95f
ff8ebc62
ff459543
1f5466b
13df07
ce79db
402453
76fd87
209ac
ff2d389e
5d25f0
ff908f6a
bc14c4
71ade7
1f63d60
ff33759d
8839f1
1dcbfaa
ff1479ab
ff7fb059
1173169
ff7c6da1
ff5065ae
ab0eb8
343908
b81f5c
272555
13287cb
1207e
c16cd
ff03b867
12f9c89
97f551
ebd11a
5e1198
ffa553ab
151a680
3051
4214b7
ad8504
53cec5
1ec7c59
ed2381
5dd254
1aa6830
2f003
3ee235
d8f2dd
fa3c0e
2f8be1
14ec4a2
ff9e6392
d50593
72f261
1808d92
1965153
1d2aea7
25d3ad
80acde
acff8e
c10a57
ff95638c
af7bdf
4d76de
f26db
1a2819b
11b666d
d0e802
fe6f867d
e8f446
1dc577d
1eca1a4
ffc68c4d
1adba95
15c4d75
e4ebad
744ae4
7907ce
b8f927
e537b7
dccf30
ffd68667
bd2694
cf3d15
ff36895b
d6e643
9ddeb4
ff0870b7
18c7d0
10179e
16f8f84
9c0571
461090
ff579e55
b1c510
6affeb
982315
1b56767
6f089d
1925347
5191ed
153267d
6745c3
f890f5
34bfdc
37074b
2aa6f4
1784e3f
a30df5
8826ec
94d809
ff31c872
e50d33
50c434
ffe2a562
12baba4
a9463e
ff159477
ffcf6a85
717ddc
c0f681
ffe88f34
801b4b
d0f0c6
ffe18851
9de358
1f37165
e600e6
ccfddb
bb403a
d3a016
58bc27
b74a87
a917f2
ba1001
df8128
6578cd
80d758
7d47b5
9f943c
d669ca
7a9991
dfe99f
7239bd
55f035
5e8fe3
db6658
402d2e
ccf7b5
3afc37
e58ed4
bfef8a
980f4c
3916a3
275f78
1e9fe5
46daf5
8f85f7
2d9463
700578
2a8d01
7de180
e5f206
75cd02
3a9a9c
a0edac
eda8d8
9223df
b24390
2e46bf
4c3b0
5c7a86
d1ad4b
f01560
e4342e
b94ea7
9a6b5c
dbf26a
18fb03
adb7e3
41c40e
65a516
f701d8
47487a
c6ded1
a21628
10b9f0
2d8c47
f22fd8
b883ea
dcac76
a6063c
ba8306
dddb39
84504
234f2e
16f7ff
5ec2ab
faa1be
4a2dea
bacc7a
be161a
b61082
2477b1
fbd4bc
d8d08f
23c683
cbfd05
23d6b4
25004a
2586dd
c06729
b84f59
773c94
387cab
daadcd
c0601d
3ec95b
d8380d
6fa645
1ada4d
62248f
6a3c4d
ac17dc
5bff38
ae5c3b
2373c2
40c678
4b8c38
dfde1d
82340c
4cda71
5015e3
6f83c5
c70ba2
c63bdd
aa7345
719aa7
8eebd1
9c6a22
f8ea59
d4308
ba5f91
361467
cfad9
5a2e3c
17d021
68138d
c79122
2ed74e
cd4f06
58f48d
e9cc2c
1f845b
517506
82da67
21fde9
284885
1369b9
b5b36
e673d3
4e50a1
3aa8cb
4df4db
47884e
976819
f892cf
8a2af8
f6d3cd
8fbf6f
f03562
56e85e
b37916
63da95
614ce0
aab967
b3b1fd
197a86
8b3fbd
357651
c203d8
42defe
a39689
76b700
60dfd9
b2312d
816a22
5f6d95
e8370c
b55d14
c1ebdc
5f1fd1
3216c5
4b220f
e96d5
a9525a
11880
4be340
173f9e
e892a4
b7ac45
1f5ed2
80dded
927839
816de6
a83b7d
38245e
3bdc94
c0787e
c5b793
11450b
362ba4
e5cf6b
8adcd1
a74850
7e1ad7
ade4a1
f72e1b
d9cdd9
11218d
12962d
b62207
f24d8e
2f3a06
bba5a0
802c5195
800f65b6
808335e3
7f1ef4cb
80c8e156
80ebf069
7fc2c398
7f0df8b6
80c9881f
80ce23d0
809c6fc9
7faa7c47
7f2ffed6
7f22d9e4
804f74a6
7f9b223e
809451e8
80077289
7f008cb7
80b3b10b
80a851c1
7f83d6c9
7f633c4d
7fb95b5e
80721fd6
7f063a49
7f9ef889
7f030957
805843a7
7f52f6a0
80a0db41
7f52cc22
80b58bfa
80eec61c
7f64809b
7f610569
7f2c195a
8084c378
807ca97c
80dc9f33
7fc895b9
809737b6
7fe23e48
80a91db7
801650cc
7f8bfcd4
802d19cb
80ec23cd
7f5020f5
80d319ba
8077e547
7f5016ed
802f4eb1
7f5484b2
806039a1
800235e3
7f16363d
80778a78
7f0a82c0
7f52ca05
809cf423
7f2918f3
7f9194cd
7f153104
80852eeb
7f7f3a32
80b706c9
7f8b2e2e
8023df4c
8066c42a
7f798510
7fd59dd5
80cae761
8078b356
80321dac
80d1588c
7f588e1a
7f3bcad8
7f751673
7f7eb19a
7f626a47
7f248718
7f7ce4f0
80f49ce5
7f140a4c
809d26bc
7f2c734e
7fb54951
80db69e2
80dbf7f3
80645b94
80c534b2
7f5ad6c9
7f5071eb
80444bda
7fbbfde3
7ff3dba2
801673c1
80ad6e97
805b3b88
803fb53a
7fbe5863
7f5def1c
7f94324e
80d689f5
800baa58
802d4298
7f6165f0
80100ee2
80934ef5
8098ff4d
80088465
80370cc0
80f9d14f
804279d5
7f0aba02
80cec15f
804ba63b
8048b156
8031987f
7f0da3c6
80889c4e
80a7b859
8051fd32
80c4a93c
7f094719
801840c9
7f941574
7f0d2639
7f22460d
80a7a47c
7f9e2e66
80c791fc
7fa9755c
7fd4d1ba
802fc578
7f5e0659
80e77f04
7f6502f3
80359a66
800e8455
7fb48fc8
80cad4ee
7f9e2172
7fd91a3e
80f737d8
808d8703
7fbd4450
7f573af7
8057d260
7fea2844
7fb12a59
7ff33234
801b63dc
7f0cbbd2
7fcb4c56
7fdb2138
7f642566
801633ad
7f306615
805c43da
80db7919
809a2e9e
80c5bb44
80ab02cf
80f2a21d
7f72a823
8078d341
8059dd4f
7f07a620
7f5c0f09
8083d163
7fc89aaa
80aa4791
80d60c20
80f3da1b
80fef346
807e872a
7f9f793d
7f11d6fc
809e1dd1
7f9191b7
7fe1e6dc
7f4b1e0c
7f14747b
80cf3586
80633fb2
802475e3
8080c918
7f0dc6d2
7f355ff8
80747fcc
deb3f4
7fb6a0d7
7f793341
80d65f05
7fe3d8e5
800b43f4
7f958fa2
80c0b42c
80e6851d
7f0a3679
8070e446
7f66440b
7fa66b6f
807713fc
7f19eed1
7fdf543e
80e30fb6
7f503075
7f2b84bc
80ecd53b
80a1b909
7fce271e
a10056
7fdfd2f4
80b72eec
809cdf47
807420ef
7f52182b
805dde73
7f28d0db
809b52ec
7f1591fa
7f211e48
7f331d48
7f46361f
804acd55
7f7a80b0
80547dbf
80e98c28
7faf0228
8000cc42
7ff9dd92
7ff6296e
80d812bc
80cc04a9
7f7090f8
8084ad0d
7fd9b2dd
8080ca39
80fab14f
805cb867
80bc1596
8072b30f
80d574b0
80f1db31
80e3d64e
80e6e533
7fab530e
8046ac69
7fc06507
7fb2d6c8
7f820748
804d8b28
802f38cc
802e02e3
7fe53141
7f372150
80dc4b04
801049a9
803efa7d
7f13077b
7f0e014f
8000b52b
7ff55175
8088c610
7f5695d8
7fe02009
808fb93c
809a10c1
7fa392fe
80b18125
80fa2bf4
7f39f8c3
80ad0c91
80527bf3
7fb8296f
7f00227d
8009c62f
80a8ad1e
80e8b121
80c4cf23
d700b8
807b62c3
80cd60d1
80713692
7f34e0b5
8016d346
807ba578
80da4da8
7feef08c
7f108de2
80702689
7f0b2234
809207ab
8036e70a
7f6f8bb0
7fe2e19f
807941c9
7f779ce9
7f6783ba
80810bc0
7f46d380
80d5b173
7f5fcac7
7f80c194
7f823035
7f2a4054
7f49c6f1
80fcfc07
7f381071
8049d972
806d5cd7
7ff0f89f
80af559a
7f129bb7
80d444aa
7f03073d
80b710b3
805405c9
8022f963
7f289fd6
8061f355
8085ca16
80dbcd4d
7f0f5460
803909e5
7f4f0d1f
7fff333e
7f5a6169
80fbd162
80ef6f04
8038a93c
7fba9ad2
7f38c8e6
7fe8e28b
7f306c34
80510bb7
7ff5e5d7
7f372646
7f5e9697
7fb93f24
80451782
806604ca
7f758dc1
8050c814
80199035
7f301f67
7f4e4608
7f52d39e
7fdf7078
7f3fcac9
801cac58
80c93301
7f59ffc1
80de0f89
7fae9d86
80e65891
808fea75
7f8fa2d5
7f0c8903
7f780425
7f99222f
80388145
805ef626
7f675e55
8047e245
808db80b
7f4bc8f6
7fcadd9a
7f2f0e53
7f48386f
7f501b71
809b30a8
7ffad3f1
7ff2494e
7f566834
7ffa650d
7f3cbcd4
7ff7ed03
8084a946
80186795
80a1a756
7fa20e6c
5967a8
d62ead43
c966669a
7f3a82ca
809b7598
3cddb3ae
7f7c949d
5757e3fe
b1feb945
e51264e1
11208506
1ed0bcb4
caaaed8f
7f7cbbd5
252bb403
adf8cb5a
82e7a647
7022365c
6c24d986
5e5a0351
b45c6895
3849cf15
818a8703
7f74e8c6
7f2c644c
62600e09
80b035c3
af9cf2a8
4e4fe301
80bb5cca
382a2616
e4f6f77e
9e970834
2910730c
9ec221b7
2fd27e2e
326cba34
2b6cce52
1fd52877
9ca839f1
7f468eae
e3081eae
80d3a850
f4dcc8e2
2187507b
d2a45e3
7f531f62
7f52603d
9fbf0c6
d008b32d
2a558515
bab7e8f6
60ab978e
7f1fa297
80e05683
b49a90ef
d1d8ee17
80d33b99
808c51bb
7f2e8fb1
a0b333e6
2af22c50
a89c80f8
3b7a2182
b8db29c7
b9c70baa
a3dcc23a
192bb50e
5d0d503f
ea89abd
848dcd09
3dc0bd85
6568f10b
572fc8cf
5e6c1fe0
210be8c3
3f0f5822
4f321653
adb48e02
ac3168ab
49bb6a55
e10d701
3235d203
a037a96f
80817a9d
7f01585f
165bc246
7f5e5073
f2b55b2a
37dfb0b7
467342d2
294119c1
dcb41e54
8301ab5e
2427fe67
7f017544
80cd77bb
5ea86277
354fc019
8ec55ed8
8dbd2db9
9b1f8745
b5e9a222
bd148a2e
80ad9056
89e39535
8b1da364
db6d72ab
ccd4ea15
7f750878
80bc3d94
f55e9e44
3e58c81c
31ef286a
808ca926
80a31fa7
3590557c
676704fa
7f225974
d1ef045
281d350b
4416d9b2
e4e0f5e7
5b5df40a
270ab4e5
4da94e5
80c0833c
80d65eab
3b1ff185
80db8249
ef57c673
491c4f23
808bac6d
7a7a0bfd
9dff4fad
7f5b7925
80857cb8
8a074a90
c4e520bb
c292b8d3
605ffa5
ea28d55c
c1c100b5
e34461bd
7ff29b91
8084b65a
5b77d629
1017ef18
4c60af0e
b93079be
1a593dbb
c30a4ac0
f218c528
2435b60d
d4d407fe
f7ea5708
80c69d7f
4bc67548
7044a01
7f3185c0
7f32bfa6
3e54f475
80b8a037
7277f82a
596736ed
d2636e0
97bfe153
545949fa
8089b62c
7f697b58
7f7b0641
3a3a00f0
ac2b4b90
717666fb
7f5a87a8
3e30d4ea
d30270e3
929edd15
c4f836bf
7feb7a58
506fb07
1a110b35
839538e9
ec6cf9f
f730901f
808105a6
2f3119fa
80024a82
442d4813
96da268a
7a730559
b2f12da3
5839e9a6
7e42a
800ede47
808fd75f
80a0a40b
7fc2dea0
80cce632
8001b811
80a73584
7f9e999a
7f42273d
7f8b5413
8081d51f
800715cd
801932b6
7f07cd9b
7f54b6e8
8050ee2c
7f720161
80fad020
7f90647c
80d20ccf
7f971b6a
80f435c2
7fb5c19e
7fd3ee8f
80b32fd4
7f8a8eaf
80076ed6
7fa7f4d5
7f167849
7f63d5d5
7f460e75
80b843df
80bab46c
80a32ad9
805f3a8c
7f754066
7f672330
80ac8357
8013a763
80bd37f7
7fa8e7b5
7f19c6af
80f46ea9
806238e5
80e725fe
8012559b
8089a933
7f62c5af
80f4d106
803bbe7c
7f0cf6de
802cf231
7f4cb0c5
7f1e111e
806b3a9e
7f2f7a07
80f75191
7f4d6632
80ddda4d
80630581
804dc650
80bae46c
800cf546
80484eb0
7f5cee91
8000da6b
7f4a0e37
7f65c3cd
7f6f3f1e
7f49725c
7fe7fbd8
806a139d
7f23681f
808a2f91
7fdfa5b5
80cf0588
80d79a5f
7fd5332c
7f9a490e
7f863f2e
7ff185f0
80a4d84e
7f837276
806e7ed5
8076ba2b
809772ac
809e58d4
80d23cfa
7f5c032f
7f49b587
7f83e692
80b7843b
8026975a
8057d47f
809e44f5
7f799690
80fb15d1
80c6fd3f
802325b2
7f28d3d8
80213bb9
7f0d6654
7f9c671c
7f390421
7fc65138
7fe46971
808f7ec5
805960ac
7fdeecfd
80d170db
7fff8ec0
7f9d9ba4
7f50bf92
80947dfb
80758e54
7fe2d1b2
80ef46c2
80348f6f
806808a9
7f9ef0c2
803f0b00
80b6c17a
8059a833
80e18763
7f0b7453
7f3f403b
803fc76b
7f8b7e1f
7f687f10
8070a145
7f5cecf8
801ea86f
7fbf5370
803c11df
80518b44
7f3b1648
7fd0a6a9
80e82f97
80d016ca
806c6ba7
7ff1a5cb
7f2e5729
7fca1213
7f378d95
803810a5
7ff58bd4
7f234568
7f551f36
7f2494d0
7fbafbe7
7f295478
80ffc540
7f9a5022
805f48f9
808b19d0
80b6ea60
7f858cd9
8096831c
80b1b04b
7f62f0a0
80e1c973
808cec30
80d1a312
8086419c
7f143c6e
8023a35c
7f7a4153
80d01196
8093b82e
7fbe5f1e
801ef31b
7f2d5840
806b46e5
7fd61310
800e5693
88d6ff13
7fd9ecb3
7faf3f5c
7350017
7f127c0d
7f5cfcc6
7fbb2911
809a8578
7f610a50
7fd0556c
7f710246
7f72647d
7f9d4f2e
7f73f3fa
7fb91c39
7fd91b48
80665f8e
f89933
7f31763f
80fc511a
7f7035d9
80834c65
80e9a6fe
7f6baced
7f07c7f5
80a724d0
7f1be52b
7f0f79e6
80caedc4
7f4bef1d
8095cf1e
80e510b3
7f334026
7f0e8382
80cbe201
7f4b6a64
80b17cff
80e17256
7f3b9f34
7f4b3cf4
80c018b9
7f77e92a
7f607a69
809805d2
8086f5ce
80b149f0
7f24c655
7f219d52
7f0cdd49
7f633a4a
80953269
80d8133b
80bc2dca
809ed4fa
7f4ef78a
7f21b393
80c6edf9
80a37885
7f20aacb
80a50a58
7f5df922
7f44fdc2
7f5e0d58
80caa6a6
80f25d5c
80d27a17
80c28da0
80a0f4fc
80998ffc
80cc60ef
7f4c3d88
7f712f0c
7f504de7
7f628332
80e7d776
7f321910
80fb83d1
7f6e7312
7f4fad11
7f6e8e88
80a41452
7f19b99c
7f6a7539
7f4c4106
7f298531
80936ce1
7f7776df
7f359414
7f28bd79
80db96a5
7f3b17ee
80eb79e7
7f1e248c
80948a58
80a1b2a6
7f40dd82
80fa8c9b
80e23baf
7f6ac5bb
80ca8881
7f682a0e
7f406170
809ee9ee
7f3e30c3
80c98963
7f4547ea
7f10a293
7f538f76
80845d51
80acd144
7f7019c1
80a3ea01
7f3c5d70
7f085423
80a7c1d4
7f404680
7f28a823
80913b10
80d94206
80bf8ffa
7f2a1dd3
80a081dd
80d439fb
7f4547a5
7f562557
7f711946
7f3ed334
7f0218ea
80c1a2f6
7f1ff79d
80f717bc
80f51103
7f4d17c6
7f6da0a4
7f0951a3
80f3c353
7f2d6c92
80840000
80d6bbd5
7f7c1c45
80f521fd
7f7ad099
80a73a2f
80ae10e1
7f35ca2c
808ba6cd
80be00c3
7f7ad802
80c891ce
7f684b68
80bb9e47
7f05d89d
809694d5
7f6f9c5a
7f3d863a
7f74429b
7f28ee0a
7f480e1b
80b2914f
7f77689f
7f508529
80be0a66
80b02cd5
80dac0f4
7f2fb466
7f3fbfce
8094caad
7f78cd2f
7f3490a0
80d8cd13
80d6aaff
809cb49c
7f72a428
7f335f96
80979b08
80d63f14
7f4e79d2
8089d872
7f44ece5
7f1ef23b
7f3f3a1d
80d06495
80d18f56
7f5a4160
80f0ea28
7f1359fa
7f0e4cb1
7f021b36
80f3ef19
7f7cd76b
80a7487b
80cc7e0d
7f6019fb
80bae847
7f611b26
808d8ae1
8095d50d
80f2b9c4
7f251370
7f2ea8f4
80d0ead2
80bed4d2
80826c75
8097dcc3
7f5f25ac
80ea9fc9
7f58e206
80d0d048
7f704d29
7f2f9b5b
bbf36a
80ff32e8
8045ee66
801501cb
80171ae2
7ffc735f
7f077b1d
7fb3cefa
80e64edf
7f57eb92
7f4a5671
7f52494a
7fe9aad1
80c161c1
7fd1cdd5
80b06091
800c8c4c
7f99be8f
7fa24934
7f217e68
7f9a7c1a
8078eb2d
8097e11f
7f05ecf6
8041d42a
7f960314
7fde9d84
7f620630
7f1a716a
80ee4bf0
80e25693
7f4eef97
7f60fda8
7f6e9b82
7f89f0ea
803c36cd
809f22aa
80db6087
80ba0492
803b07b9
80fb75b5
80894ee2
80139964
7fcaf0bd
7f3dbebe
7f2da2f4
80dcdd0b
809729c1
7ffc9f81
805bd711
8013e71c
7fc487b2
80d02086
80b338c9
80cdff3e
800dbf7d
7f9ba7f5
8010c429
80fa9a5f
7fcd3428
801dd93b
80c615bb
802e4ec4
8090feef
80db3cbe
7fb35452
80778d0f
800dd96b
8086f54f
7fdd0e1f
80173991
7f6084de
7f019bcb
801cc910
7f805004
8074b13d
809208b0
801116c2
7f0239fb
80d804e2
7feb7846
807745ab
7fb3c4e9
8047f701
80c8f252
80c306f6
7f0f7131
7fc8dbde
80f6924a
7f043377
7f07f7cc
7fbe94eb
807db00a
8060c143
7fe23739
7f92dd9c
807aff26
7f545424
803b9d39
7fa22978
7f866131
7fea6e1a
7fd37a21
7f1b4a49
80320ae8
7fd54a56
7f89cfc2
7fe6ddfa
80596af1
7f6d97be
7fa396eb
7f80eaa9
7f04786b
7fc5a6a9
80c8b844
804a70c3
7fa18395
7fcd84b2
7f927816
7fb57a78
7f695f1c
7f935351
7f2ef4aa
80a50ec2
808370b4
80fc8310
80406e99
7f893629
80441896
7f0993f5
7faa4d3a
806bea69
7fbf687e
8013c855
80abc253
7ff34317
80770580
7fbc33fd
8031c443
7f1f5010
809b4587
7fe95328
7f3e557e
7f254135
7f90959a
7f083976
80cbbbfc
8031be66
8026ef2b
80e147d6
80ea0ace
7f464755
8097f005
80a024ec
7f07b9b4
80f59f49
8016e74f
7fcb97e9
80a5cf2a
80e41d92
7f2310ff
80e175c1
7fb2bbca
7f7399ac
80c9aa2e
7f186f07
7fc9eef2
80ed4cbe
80516fb1
7f933726
7fac343d
7f4f6e05
7fe0f99e
80d40ebe
80034998
7f04226d
7f247e15
7fa45133
7f9bf1ea
80212dbf
80ac1195
7f73a4bc
7f970355
7fa6d482
80044e99
80ce5bde
7f63f5f8
7f1b94f8
800e2cb2
80de8117
7f93f099
7f432039
8094c540
31aaf4
7f722951
80c9092a
809975f2
7f64bd46
7f758267
7f6ab51b
7f448b81
7f0fbd3e
7f323576
7f33dadd
7f44d7b0
80d1b384
80b58c96
80f3a36f
7f38bdc6
7f365a01
7f12a349
80b1644b
7f74016a
80c27f79
7f1753cb
80a9ff50
7f715d9b
7f37169e
7f21b79b
80ac0fac
7f4ea57f
808a5857
7f6ee3e8
80c8942b
80c6e191
808ac94d
80dc2d15
7f3de3a2
7f76cfa0
7f661c78
7f63114c
8084fc02
7f43cb43
7f1ab38e
80a26cba
80b082e3
80ea05d5
809cfd8a
7f795e0b
7f1b5a00
80f642af
80860e31
80b5f86d
80caa583
80df4d15
80ee6b9d
80a43751
80914249
7f669f9c
7f402222
7f6f3342
7f6b86a8
80afa8ab
7f44afb0
80b86663
80b6eff0
80b49847
80ec1fd9
7f3b8be5
80a7fadc
80d7715a
7f409388
7f0768fd
7f62b624
7f4b9ce8
80a68950
80e8a272
7f27e69f
808f2446
80fd7b69
7f45e567
80bb38fc
7f6d2c77
7f57af8d
7f3d73b8
7f691199
80bbbef8
7f55b01b
809ceaad
80f3225c
7f150bc1
80f720e0
7f7a4bbe
809edf54
7f3f1d80
80c9a6e7
80c7bc0e
80ae621f
7f48694d
80b88e79
80f4cde8
7f7839f5
80fa6059
80fad174
7f4d974e
80af1af1
80f61da2
80b07e30
7f148f35
7f3b3d0b
7f03ea0f
7f42c11a
80e39b6f
7f6cef16
7f52ef4b
7f056ccf
808b2d29
80f133cd
7f5d9c44
80a8d6e1
27f
8098e62d
80d8493f
7f1513b1
80f5efe6
7f6056a4
7f5f0c54
7f3fdcaf
7f1d999e
809dc375
7f40d1ef
80dd9b5a
80b3a724
80b0f01f
80fa2e3b
80e83265
80fa9250
7f343a83
8085ae7f
7f3fe1f8
80f1fb6e
80e62aff
80bfc3a9
7f649f8b
7f592f58
80924447
7f03002c
80807af6
80cb72e0
7f640f81
80d5951a
80e9dee4
80d854c9
80c8c893
80f82dee
7f5a53a9
7f4bd275
80d8b42e
7f65ab5d
7f135dd0
8084ff07
7f5129ab
7f71b85c
7f69f8e5
80dda818
7f316759
80e1f2ef
808a6a30
7f4dc0d0
80e157f3
7f689bc8
80c67c67
80a785ff
80c1735c
7f5b560d
808fbfa9
80f40925
80b9c35d
80eb18f2
80bae415
7f361ebb
7f01945b
7f0cc59d
7f3adb01
7f4548b2
80f36e9e
7f6f34c1
8099d51d
80d681ba
80caf2ed
80c3816b
80f6aa44
80e74323
80f734af
80eb3137
80aaa0b6
663e4
7fbda98b
80eac070
7f32e2b1
804f56a5
a3f61fce
460ad8e1
731f1b44
7fd4491b
7fcd3a37
80ad6ce3
80f51f9a
23f4f2d5
34e26905
e93f2ff6
7f885617
80f5891a
80fa813f
34d52316
7f0b3c2a
7fb283e6
7f285346
7fdca685
7f476b20
e88208cd
5b41f293
bdd3a70b
7fdf8c97
80752c96
1891f0e5
5739f487
dbceeb19
c5bc76f4
cc411ee0
66c96610
80285696
7f549493
7f6489b1
72d33920
f62cd802
80d3dd5e
d7e5f12b
3742b7f3
7f19ad9f
802fd73c
805edb37
7f2f2173
7f4384d1
802953af
7f97cdcf
8075954a
80943db4
c82210c3
f3c70ae9
7f32b38b
7feba5a5
7fd32c6f
faa9fb12
80e53aa7
cf1b1ce2
91a5ef69
7f555741
80b2d25a
b91033c
80bc992d
a86320d3
f801f007
7f9c7a78
1771d2f5
8084a27c
80495799
809b9a2e
f0b8eb0c
80956081
8c77e13b
7f789e96
7ff6791d
ce9042f0
7f8a2e63
7fbecd91
7fe33753
4bdb4b0d
804d5a95
7fd25827
b400256
98edad11
808a78e1
808a8a6f
80a1814c
7f46afb8
268edaec
1615fe
7f553b62
80ee7ee3
800cba70
5ba41a36
80494bc5
6f2dff
7f05a8b0
d3225af4
242ffc
80fe73c7
31bb1c1a
20157e01
7fb7c5bd
7f7dc1be
7fb44e4d
80f1a539
a1e126d4
c6e8b309
80d2e171
7f47a38e
7f579fa0
9b5f65ec
80d7d85e
a4192edd
ccd245f2
7fbfbad9
7f75bbd7
7ff9dfb3
80f69144
d59456f5
3227f7a6
55d2ecb7
7fb9d794
7f7180a4
80e8de3c
8029b752
80849955
80a467c5
7f0f5428
c2c1706
80601881
31390f33
8130810f
8045b820
8063a570
80f6dc5c
e2451eed
7fd0b895
808a2d9c
f83dff7c
7f59a89d
7f1d6a77
8099ca3a
7f9b642e
8065ad3d
80016a87
e168e714
9d6724d2
f60f27fb
8011cf4f
f45904cc
80a1cc5c
8085903f
3f2a1c22
803ad46d
7f0e677c
7fce8ea3
7f43cb86
7f652e65
d11ff64b
80af34aa
8067c530
7fc55746
80b28d4f
80f172bc
25cb3209
7f37bac3
c16d0f9
10af4102
7dc883ed
809e9462
48350b66
7f825a38
7f91e29d
80ab69a0
e406fe
83a8ec63
7f956e19
b54a32e6
809cb655
7f0acdcc
2a0b380a
7f4d89c9
3fbaf2b5
8093871e
eefe24f7
7f9ec6c6
7f8a95c3
7fb4614e
7f1bc8d4
3ce9fd
d49ca0
7f38922b
8095e45f
80b9b9c6
7f2e023d
80e09c0d
80efb829
7f33df56
80fc6b48
7f52fba8
80ba784e
7f0f3123
80ab4caa
7f567fbc
8097fae4
80912edb
7f55472f
7f637978
80ca6002
7f3532b4
7f79ff73
808efad7
7f75fe59
7f6232a6
7f5c9ec8
808f6464
80b6059b
7f50d3be
7f6903d4
809a8889
80e69b84
7f7b5307
7f2f9580
7f220852
7f403f04
80efb7f4
7f5edc75
7f4ccb84
80c15ab7
7f304dc8
7f0849d5
8097408e
80f45e92
7f185e1c
80efa86e
7f22feda
7f07fa36
7f4d9858
7f671a04
7f23256f
7f7dee11
7f511553
7f264dfe
7f199880
80a6cb69
7f2e2bf9
7f2bc1ef
80dedbed
7f7c2120
7f6c2eba
80f637e5
7f60a218
80e01be5
7f7ae946
7f1b8240
7f6c4260
7f031dd7
7f7a3e8a
7f1e80c1
80f25991
80aa0714
7f782bd3
80820598
7f78721d
80d120de
7f656c20
80acb752
7f4d849f
80a20d5f
7f28b0e5
80f6a1b1
8081ef31
80e1704b
7f596ae4
7f24743f
7f79817f
7f2aa2df
7f593f43
7f55d883
7f18277e
80ea5e5c
80b36a70
80b60669
7f4f3071
80a51a6b
80d279cb
7f0e25f8
7f1bc174
7f13044b
80f3b008
80fd710e
80dac6b8
7f1a7f78
80876f25
7f7e36d8
80b07961
7f587743
80e35997
7f34d74e
80cd4acd
7f58739a
7f35d989
7f088230
7f426a51
80dd1ddb
7f5685df
80de80ed
80b81e03
809c3e74
80c50ac8
80e34486
80d8637b
7f31efdb
7f768d58
7f3afcd9
8086362c
80d2c96c
7f7dc562
7f7ad3be
80a3e32e
7f5e5cdf
7f62c289
7f2e3f6b
7f47b4b2
80ca8245
80aa9a7d
7f3befeb
7f58000d
7f69ac70
7f12ea24
7f0f2d5e
80beb8d5
80bcef15
7f359056
7f590352
7f5fd5dc
80863c8c
7f52b1ff
80b977f6
809138fc
7f1b6ed7
7f27355f
7f4b2fb3
7f1d47f1
80cefa59
80ae2812
80ef140d
80f69e4b
80fcd228
80e7202a
8085a40d
7f55cd42
809e8f38
7f4cb910
80a7c44a
80865483
80edfd8a
7f752d71
809ef85e
80b7efc0
80fc546f
80f4a2e6
80d380b0
80caf3db
7f4697e5
80f5bfc2
80cc0bf7
80ccd375
80ab234c
80ff88ca
80f1e70f
80d80f05
7f57c6ea
7f4543c6
7f18cf14
7f5531b2
7f574ae1
7f6479c0
7f0541ce
80d5f554
80ed5c2f
7f1fd580
80e4ea62
64eebb
a73854
1b5ccd
e877f2
483276
af5972
a37854
608b73
95ec84
bbcc4b
93c3d
4e61e3
1aa077
353025
9de3b6
75620f
d73f51
665ffa
6eb764
16134
de2db9
866f4e
7cde79
8aad19
af207e
cb2a09
a9b574
58c784
170bf5
677a7a
5c7f59
1bce5f
c342e0
c9014d
edd3d2
33d0da
b689b
9b132f
4c5265
10392e
823ef1
cee1a7
5b068
45ee4d
8d53d1
d0ce4
bf2722
fafc39
ff2cec
7fa06c
241b43
34d131
a4c14
407d7e
90f79d
1a1c18
6bad88
5e57c6
17a142
fb554
9a64cb
f58a58
904fb2
c941b8
e58900
f32d76
802724
85196d
9d5574
57a6f2
2b93ca
52e239
d1c05f
1f3f8
dd6537
cd5fd7
d08888
5a2bcd
808c9a
46d2c6
d076c8
99b112
c5ad8b
f07370
9e8ee8
a15f94
bd8e4a
6bc375
6e2177
2f0a61
243262
bbb32b
e00af6
6de423
fd86db
4da104
83771
9ac9bc
91cd4f
15709b
902642
16491e
f0a96a
18b790
cf63a5
4a02c5
2f2a35
4da2f9
4e847e
f00907
a730a8
5f2014
3860d2
9302ef
5e007b
4da009
e5c08f
24e4c9
b6f3cb
f1bdf
535c47
37c76d
1b8796
8ad3db
460287
6dbe9e
e1be52
acad1d
fae6a1
fb705f
5ff1be
b94e9a
de2477
aad86b
b1952c
4ed1d7
6a22e9
e9efef
362c81
2045e5
67a5d
36953d
e49953
f2aa90
461dc
725e73
87f953
66d266
659769
a8dc2e
f7a2af
759a77
7b592c
218fe
e50fec
51d5f5
d63263
5bf31f
c33d8c
f6b282
de414e
992f28
b3cc07
7115e1
9da061
1582ed
7c3644
ad542
44e315
561dfd
87614e
f57996
f187ea
b2e0d
7bc245
23d18b
4d4f70
778e2
e6a3a2
ef457c
ea3b55
5d059d
184358
15889
4b07fa
30bf7e
18088c
4f4ad1
245485
65cabb
eb9d82
846e6f
4101c
d05f22
80bc89ac
80a6ca44
7f269e5d
7f673dbb
7f41f36b
80e4baa6
80b3c4f2
80bbd0e7
80c1e20a
80afa5cc
80e76da5
808aaeca
80f58ec6
80dfa8db
7f73a658
7f645bd2
80bbad99
80aefaea
80f355cc
80febd01
7f2b8085
7f3338a4
7f37d99c
80a5c51d
80d1d198
7f6c2d4f
80ad2eba
80cade96
8090913a
80f469e6
7f514a05
7f283e7a
80c02284
80813e97
7f1af3aa
8083b788
7f58c6aa
7f67f35d
80f44dbd
80f996c6
7f3e1231
8098fd7c
7f138cb1
80cfb143
80a9c096
fe00c876
80881cef
7f55f27e
7f381f34
7f590b53
7f603ea2
7f11b8c7
7f52ddf3
80f3c7f9
7f6641ef
80d535a2
7f448a4b
809550c5
808023e0
8093f257
80a9c996
7f2e06f0
7f058f93
7f57c486
7f12d7fe
7f306919
80c7d0d3
7f0d059f
809ba542
80991fc6
7f1f1a9e
7f05ee54
7f6ce563
7f310ddd
808b122e
8083ce31
7f67ec79
80b970ac
808cd454
80f05f5d
7f1891da
80c60f46
80b2ce7d
808191e2
7f79f68a
808de94a
80fab63b
7f3b5446
80a41fcd
7f50bcee
809ede04
7f04c7c3
80995f67
7f600d5d
809d2e93
80bbfa69
7f6db14b
80d800ad
80c0e650
7f55eb73
7f229eeb
80f45540
80d98287
7f7a233a
7f5873e0
80d78d7d
7f482594
80d3cbe7
808daa7b
809d5b6c
80d4c8f7
80b72f7f
7f30c466
80a3829c
80a8affa
80893303
7f062415
7f3e1ade
80bd8f7d
80f4dae7
80abbe03
7f759886
80e1a074
80fda13f
808f26ea
80dbeeab
7f4fc8e5
7f2848a3
809f705c
80d8f84e
7f61f7cd
7f6bcec7
7f75704c
80daa698
7f296dec
80f95121
80a0e65d
80b8d772
80f6cecb
80b88218
7f5a1c13
80be5d7d
7f0cc2af
7f7af987
8099dc4f
80f38c43
80a1d2e9
7f627c4b
7f0b1ed3
7f04b939
7f765d0f
80bae23f
80c602d0
80cc6070
808c2824
7f544ab9
808fcfe0
7f54c59a
80b2a751
80a34399
80bd932d
80837148
7f03731c
7f17d11e
7f6957b7
7f0771b8
8094bde1
80d924da
7f43e17d
7f428330
7f325e0e
80b11dab
80aa0cee
80a5768c
7f3f8922
80950c93
7f28088e
7f386634
7f48efdd
80a1994b
809ffca9
80f044e8
7f713814
809abb1d
7f1a55c2
7f785ba9
80d18d27
80a7c84f
7f206fd7
80b7df87
809ecb10
7f6ccddc
b4943e
804fe171
7fe09ac5
80c88555
80615da4
808ab224
804102b0
80909d54
7fac2540
80ca51aa
7f526e61
8005319f
7f380f16
80dbd706
7fe9add9
8045518b
7f00e1e9
7f00e3b1
80070a83
7fd5ebf5
7fa72c55
809222e2
80c823a8
7f739fbe
806311b4
8026b16f
7f690576
7fb5ddba
7f914766
7f767c7f
80878541
8029904a
8021e503
80f0bd3d
7fe8a5f2
807b63a3
8008b83f
7f970235
8020a66d
7f4c9b82
7f698fea
80fd13ac
807ab10c
7f6ef5bb
801544d0
7f42004d
7f34d7bf
8089a50a
806b4d95
7f902305
7fb40c65
803b70a5
7f674353
8088a670
7f04b08e
7ffb5937
801921e7
7f336830
8090b133
8042b636
7f2f4c6f
7fb01f31
80731ead
7f331e48
7f4a214e
7fe4a0c4
80b127cb
801ca114
8019f243
7fc1e2bc
803ec275
808713d0
7fa5c1ae
807e0abb
7f732cfd
80173f91
7f3d476b
80b5ff19
808e890e
808af743
7f32baec
7f31685e
7fd27647
8020c00b
7f71e982
80a2b237
7fd466fe
809319bb
7fe0c38e
801208bb
7f389c9d
80fc48ce
80b34d97
7fa0d0ef
8046f52b
7f1aa0f4
80aea244
7f877903
7fb1c1f9
7f785258
7f23ff9c
8063de3a
80ad5afc
7f2793a9
80aea407
7f583319
80b003a6
8050b037
8021a33b
80668d15
7fdb85c2
7fd37e13
7f6d4568
7fae526a
7fa2cac8
7ff30e48
80978d53
8009ac52
7f33f9b7
802464bb
7fc10134
80fdab3c
7fe59df6
7fca1e56
7f70b4ec
7f3b978d
7f8c2e1b
803947ad
7f6190d0
80b665d7
7f93b09d
7f80c39c
7f8bf8f1
8099943b
8050df7a
7f0e96fb
7f50456e
7f4987bd
7f5efb95
7f2f97ec
8099f771
80bf5491
80d951f8
7f9b1720
80918239
808e4f9d
80912af4
7f16c0de
8058b530
80e2b652
7f825f1b
80a6e20d
7f91f889
80323eee
7f5cf79e
7f6e6663
7ff39ebe
80dcfb4d
80569963
7feda9f5
80c16dd8
807f0cde
7f5da6b2
80481cbf
80fe128b
809b4ed9
7f180502
804872d0
8005c662
7f0bcefc
80966880
7f6d253e
8055a771
8027ac5b
7f907765
80b5658f
80dbf801
7f0cf3da
7fe04846
806e10be
805565b0
7f4ea489
7fe43a60
80c062b5
7ff0b2b1
80ff0ebe
7f3ab79a
8033ae35
806f41a0
80f3da2c
80f2289c
80e043d9
7f790c56
6ba367
174955
7e68eb
ae49c
872800
a130e
dc9b31
91876c
901562
418315
3b66f7
7cc3ec
5cea
a1200f
6dd200
d60a06
48f421
c797c8
d7e5ba
9a24ff
c4d312
6b9ff4
c81a02
2045c
592939
afbeed
5b2aac
369547
369634
11860
8a21e
b3b495
4cbcd2
8fd8cf
d2ff95
28abf3
4ce39a
748c4
baa41e
8b2b06
977a88
b973fb
9c81b5
9683aa
596924
a8a6a6
15af8a
590d95
6ac1bd
1cfcd1
cd9c3d
17fbab
70d8d0
45ee3e
5968c7
21efed
b7933a
34e8cf
4f0a4a
daa262
6b7a70
76447f
5438ba
a3499
4a88ca
6772dc
298b82
805de0
ddd258
3b7aaa
929930
7ed421
f1548c
3bec6f
6ee590
a545be
edc46b
e44851
b68bb8
3b99f
b8fedc
2b8ed7
fc401a
de24f6
bd9e12
c9563c
c7c604
7c82
fd60cb
e6406f
4305cb
ad1257
9b3ef7
abf0f4
92261e
b3dd6d
d96d63
7f0ba2
f0bd3d
e9d3ca
b3def5
4ec77a
919589
776ed4
13efa5
d3e509
923771
390fd5
f711b9
e9847d
d54fc6
58a396
d242ed
863dae
1663b
fdcf40
5c0323
1508d4
a33780
d4fd6
d40020
acbcfd
995039
ba3894
dc6ef
a74c7e
4315b8
7be6cb
bda7e9
3e0424
30be18
7befbb
4c0941
37a477
9b0759
843551
efcddd
c4c45a
982cf4
d2500e
e55f5b
39ecc1
3ba91
f3ad41
308b86
48ff0e
67efb0
378b29
580293
97ea80
151f3
3b2c56
f18548
27f46f
46b3d
327a08
e0ed7
72eadb
e83a7b
9f1ba7
89772
1f082e
9f0f2c
e5dc16
89c80c
6f1f38
8088fe
f7143e
f01a02
efbf6d
612d9f
d52607
815e86
a94ce7
6f08b5
b8d352
632114
7a5fff
b0f6d
d134af
b64f4b
d02f34
c3e93b
ede1a4
e52bd7
fda32c
a06a7f
9edee6
fce694
d74a7a
a5e7d5
eaabc4
1d5d6d
2ba4a5
ee1b59d
fd0aee47
107f4c4
53f6a12
f5bb58bc
f4eb3990
8c85033
3364910
470a12
a9eb2bc
4194b14
13d47750
ffe0e80d
1ec47e77
a954744
fd6cd926
febc8c04
1b5f1e6
3aa0d6f
884d69e
f3a2b457
75cd01
3049def
be75a3d
f636c651
fe3e0b9d
1213a592
750e482
14999f7
f009ad5f
fad9cd3b
49e116a
ee5a619a
67ddfa1
52ee1ab
110987b6
fee4ac0b
e00ffa
e7b79a7d
14546465
ffe816e1
76ea5d5
147c9996
f431ce7e
e555b4a
47d8fa
7e1c6bd
3bf222c
fe66e520
1070a38
d78c684
f80bce53
147b6d5b
f14e4489
efb3b06c
ccf8dc
3541a3e
f5b369c6
f69db240
7c9d7a8
386f18c
f04fbc7b
185c6f0
fc57e644
ff772dec
ee685590
fa36d33f
16897f8
ff3e2df2
ee06fe
8a14933
fe4c29e8
f53945a9
f171468c
9b3bdb7
1c8062e
114f3cc
7491d7d
f2ca5eaf
66699dd
716d1ae
8eed49e
2e6370d
fd1ce940
f8cfcc4c
f52cc963
910324
f79cd564
f795a52e
ee765691
fcfe1692
9facba5
41fe2f
7203940
ed9ca46a
417dfd
8af7e7
f3ac7bc6
ff7cde06
281eebe
afa287e
32d9fea
10518bb4
16829f88
f0bc67ab
f2ccb75d
8ae7c1c
a50a4c3
f6fb369f
4132c29
203550b
fab8c12d
1a3ccf5
feebd916
fd7d10a4
1d6f6dd
f649ac3a
f87c2794
feb4bf0d
6c84d26
120075f
132bfd
5c005b
af020a
3d50fa
11afa994
fe280a97
fc7378ea
2231e25
eb94070
fa4e34bb
2833a13
938b4bf
fab146d0
10aa1f7
46bcbd7
69f84e3
20a5d07
fa2729b0
11b36d4f
33f60e
300518
6e2df9a
c86ca88
f5525dbd
38ef05
fdfcf04d
127b6e53
f60858c1
2957706
1c1d707d
4c6e6b4
f1eaa24f
d50304
f60354bb
f779ca4f
741afcd
29006e
fa169a18
94ff1f
1258645a
feeced3b
fbed43d4
a60ce95
133d6f4
2022413
f6b6992e
143a89a5
ee5769a3
8d03849
c347e2e
c9fc58f
fe85f249
867b5c5
8847f1d
7aed9a3
ffd77bf6
4b3e3b1
36d0ff
d8a524e
fe1b0dae
fae533be
f6468e2c
f751ca56
fe300ea6
32793ee
6ac96df
2e6f3af
ed569c60
f7a1a932
11785f5b
1c798783
