63d0
10000ff00000001
80008000000002
80008000000002
55555500000003
55555500000003
55555500000003
10000ff00303901
14d01000000c5
14d01000000c5
14d01000000c5
14d01000000c5
14d01000000c5
14d01000000c5
14d01000000c5
14d01000000c5
14d01000000c5
14d01000000c5
14d01000000c5
14d01000000c5
14d01000000c5
14d01000000c5
14d01000000c5
14d01000000c5
14d01000000c5
14d01000000c5
14d01000000c5
14d01000000c5
14d01000000c5
14d01000000c5
14d01000000c5
14d01000000c5
14d01000000c5
14d01000000c5
14d01000000c5
14d01000000c5
14d01000000c5
14d01000000c5
14d01000000c5
14d01000000c5
14d01000000c5
14d01000000c5
14d01000000c5
14d01000000c5
14d01000000c5
14d01000000c5
14d01000000c5
14d01000000c5
14d01000000c5
14d01000000c5
14d01000000c5
14d01000000c5
14d01000000c5
14d01000000c5
14d01000000c5
14d01000000c5
14d01000000c5
14d01000000c5
14d01000000c5
14d01000000c5
14d01000000c5
14d01000000c5
14d01000000c5
14d01000000c5
14d01000000c5
14d01000000c5
14d01000000c5
14d01000000c5
14d01000000c5
14d01000000c5
14d01000000c5
14d01000000c5
14d01000000c5
14d01000000c5
14d01000000c5
14d01000000c5
14d01000000c5
14d01000000c5
14d01000000c5
14d01000000c5
14d01000000c5
14d01000000c5
14d01000000c5
14d01000000c5
14d01000000c5
14d01000000c5
14d01000000c5
14d01000000c5
14d01000000c5
14d01000000c5
14d01000000c5
14d01000000c5
14d01000000c5
14d01000000c5
14d01000000c5
14d01000000c5
14d01000000c5
14d01000000c5
14d01000000c5
14d01000000c5
14d01000000c5
14d01000000c5
14d01000000c5
14d01000000c5
14d01000000c5
14d01000000c5
14d01000000c5
14d01000000c5
14d01000000c5
14d01000000c5
14d01000000c5
14d01000000c5
14d01000000c5
14d01000000c5
14d01000000c5
14d01000000c5
14d01000000c5
14d01000000c5
14d01000000c5
14d01000000c5
14d01000000c5
14d01000000c5
14d01000000c5
14d01000000c5
14d01000000c5
14d01000000c5
14d01000000c5
14d01000000c5
14d01000000c5
14d01000000c5
14d01000000c5
14d01000000c5
14d01000000c5
14d01000000c5
14d01000000c5
14d01000000c5
14d01000000c5
14d01000000c5
14d01000000c5
14d01000000c5
14d01000000c5
14d01000000c5
14d01000000c5
14d01000000c5
14d01000000c5
14d01000000c5
14d01000000c5
14d01000000c5
14d01000000c5
14d01000000c5
14d01000000c5
14d01000000c5
14d01000000c5
14d01000000c5
14d01000000c5
14d01000000c5
14d01000000c5
14d01000000c5
14d01000000c5
14d01000000c5
14d01000000c5
14d01000000c5
14d01000000c5
14d01000000c5
14d01000000c5
14d01000000c5
14d01000000c5
14d01000000c5
14d01000000c5
14d01000000c5
14d01000000c5
14d01000000c5
14d01000000c5
14d01000000c5
14d01000000c5
14d01000000c5
14d01000000c5
14d01000000c5
14d01000000c5
14d01000000c5
14d01000000c5
14d01000000c5
14d01000000c5
14d01000000c5
14d01000000c5
14d01000000c5
14d01000000c5
14d01000000c5
14d01000000c5
14d01000000c5
14d01000000c5
14d01000000c5
14d01000000c5
14d01000000c5
14d01000000c5
14d01000000c5
14d01000000c5
14d01000000c5
14d01000000c5
14d01000000c5
14d01000000c5
14d01000000c5
14d01000000c5
14d01000000c5
14d01000000c5
10000ff7fffff03
3
80000003
80000004
80000004
8000807fffff04
8000807fffff04
ca56ca0186a003
2c172c00000003
9930afe796003
33333300000105
33333300000205
33333300000305
33333300000405
33343300000505
10000ff7fffffc5
c5
c5
c5
c5
c5
c5
c5
c5
c5
c5
c5
c5
c5
c5
c5
c5
c5
c5
c5
c5
c5
c5
c5
c5
c5
c5
c5
c5
c5
c5
c5
c5
c5
c5
c5
c5
c5
c5
c5
c5
c5
c5
c5
c5
c5
c5
c5
c5
c5
c5
c5
c5
c5
c5
c5
c5
c5
c5
c5
c5
c5
c5
c5
c5
c5
c5
c5
c5
c5
c5
c5
c5
c5
c5
c5
c5
c5
c5
c5
c5
c5
c5
c5
c5
c5
c5
c5
c5
c5
c5
c5
c5
c5
c5
c5
c5
c5
c5
c5
c5
c5
c5
c5
c5
c5
c5
c5
c5
c5
c5
c5
c5
c5
c5
c5
c5
c5
c5
c5
c5
c5
c5
c5
c5
c5
c5
c5
c5
c5
c5
c5
c5
c5
c5
c5
c5
c5
c5
c5
c5
c5
c5
c5
c5
c5
c5
c5
c5
c5
c5
c5
c5
c5
c5
c5
c5
c5
c5
c5
c5
c5
c5
c5
c5
c5
c5
c5
c5
c5
c5
c5
c5
c5
c5
c5
c5
c5
c5
c5
c5
c5
c5
c5
c5
c5
c5
c5
c5
c5
c5
c5
c5
c5
c5
c5
c5
14d01800000c5
14d01800000c5
14d01800000c5
14d01800000c5
14d01800000c5
14d01800000c5
14d01800000c5
14d01800000c5
14d01800000c5
14d01800000c5
14d01800000c5
14d01800000c5
14d01800000c5
14d01800000c5
14d01800000c5
14d01800000c5
14d01800000c5
14d01800000c5
14d01800000c5
14d01800000c5
14d01800000c5
14d01800000c5
14d01800000c5
14d01800000c5
14d01800000c5
14d01800000c5
14d01800000c5
14d01800000c5
14d01800000c5
14d01800000c5
14d01800000c5
14d01800000c5
14d01800000c5
14d01800000c5
14d01800000c5
14d01800000c5
14d01800000c5
14d01800000c5
14d01800000c5
14d01800000c5
14d01800000c5
14d01800000c5
14d01800000c5
14d01800000c5
14d01800000c5
14d01800000c5
14d01800000c5
14d01800000c5
14d01800000c5
14d01800000c5
14d01800000c5
14d01800000c5
14d01800000c5
14d01800000c5
14d01800000c5
14d01800000c5
14d01800000c5
14d01800000c5
14d01800000c5
14d01800000c5
14d01800000c5
14d01800000c5
14d01800000c5
14d01800000c5
14d01800000c5
14d01800000c5
14d01800000c5
14d01800000c5
14d01800000c5
14d01800000c5
14d01800000c5
14d01800000c5
14d01800000c5
14d01800000c5
14d01800000c5
14d01800000c5
14d01800000c5
14d01800000c5
14d01800000c5
14d01800000c5
14d01800000c5
14d01800000c5
14d01800000c5
14d01800000c5
14d01800000c5
14d01800000c5
14d01800000c5
14d01800000c5
14d01800000c5
14d01800000c5
14d01800000c5
14d01800000c5
14d01800000c5
14d01800000c5
14d01800000c5
14d01800000c5
14d01800000c5
14d01800000c5
14d01800000c5
14d01800000c5
14d01800000c5
14d01800000c5
14d01800000c5
14d01800000c5
14d01800000c5
14d01800000c5
14d01800000c5
14d01800000c5
14d01800000c5
14d01800000c5
14d01800000c5
14d01800000c5
14d01800000c5
14d01800000c5
14d01800000c5
14d01800000c5
14d01800000c5
14d01800000c5
14d01800000c5
14d01800000c5
14d01800000c5
14d01800000c5
14d01800000c5
14d01800000c5
14d01800000c5
14d01800000c5
14d01800000c5
14d01800000c5
14d01800000c5
14d01800000c5
14d01800000c5
14d01800000c5
14d01800000c5
14d01800000c5
14d01800000c5
14d01800000c5
14d01800000c5
14d01800000c5
14d01800000c5
14d01800000c5
14d01800000c5
14d01800000c5
14d01800000c5
14d01800000c5
14d01800000c5
14d01800000c5
14d01800000c5
14d01800000c5
14d01800000c5
14d01800000c5
14d01800000c5
14d01800000c5
14d01800000c5
14d01800000c5
14d01800000c5
14d01800000c5
14d01800000c5
14d01800000c5
14d01800000c5
14d01800000c5
14d01800000c5
14d01800000c5
14d01800000c5
14d01800000c5
14d01800000c5
14d01800000c5
14d01800000c5
14d01800000c5
14d01800000c5
14d01800000c5
14d01800000c5
14d01800000c5
14d01800000c5
14d01800000c5
14d01800000c5
14d01800000c5
14d01800000c5
14d01800000c5
14d01800000c5
14d01800000c5
14d01800000c5
14d01800000c5
14d01800000c5
14d01800000c5
14d01800000c5
14d01800000c5
14d01800000c5
14d01800000c5
14d01800000c5
14d01800000c5
14d01800000c5
14d01800000c5
14d01800000c5
14d01800000c5
14d01800000c5
14d01800000c5
14d01800000c5
7fff8000000002
80008000000102
9f88a000400002
607760ffc00002
3fdc4000000004
3ff44000006404
400c400000c804
40254000012c04
7f918005000004
7f918005000004
dc0100000004
100fb000004
555555ffffff03
55565500000003
55565500000103
6daf3a3
5615d0a3
27d4dba3
96d8f8a3
e0f044a3
1f4675a3
4651fba3
29b3cba3
83e09ba3
4735e1a3
12d017b3b03a3
6f2da7a3
a8f61aa3
ab503fa3
dbf5faa3
c9b98aa3
a8d764a3
4fa75ea3
51e73da3
291e28a3
395337a3
36ac28a3
d9ac7fa3
ff344aa3
74e8ca3
387c62a3
4ddc7a3
ce9a61a3
947137a3
ccc081a3
8773e7a3
d21d58a3
3c447ea3
47bdfaa3
30045fa3
2465bea3
200767eeaa3
6a2871a3
8a648a3
2cd565a3
49cd78a3
65a56aa3
1cbe04a3
f0491fa3
d173a9a3
f5bb47a3
9b19faa3
ade203a3
4618eba3
42af5da3
5602fa3
2e632ea3
aa3dc5a3
a1bcbaa3
908aaba3
842b80a3
160303a3
dc8f56a3
c7e280a3
60a5fea3
bea7d8a3
25045ea3
a93427a3
fb410fa3
e00862a3
4780fa3
83a7fda3
5c8046a3
169aa2a3
80afdaa3
42cb89a3
a77fa4a3
dc276ba3
221a4aa3
8833dda3
aa500fa3
d9e555a3
290037c0289a3
108061a3
f79720a3
6312637fa93ca3
1ff3c2a3
1ebdaaa3
200f27a3
5c3a60a3
10075b757a3
89313ba3
1c731c7e69daa3
45228aa3
b2c3ba3
c1e4d0a3
eecab4a3
81a8ada3
fa8960a3
df802da3
5d9b3fa3
db1ae0a3
bdfe98a3
adbc20a3
eeb87da3
c62af9a3
66a53ca3
68e3f3a3
100a19a3
5409eaa3
d7ffafa3
5e7700a3
fa359ba3
a7014fa3
5c1443a3
7b847c7fe225a3
c02e40a3
6c6405a3
b91165a3
52f3f9a3
8c4629a3
31931ea3
848862a3
e9a793a3
d9084ca3
3370b5a3
22a376a3
65415ca3
137017b43ffa3
7c6ada3
d46a01a3
a08944a3
50ca8aa3
59b4f4a3
b06e15a3
b1cecaa3
c7182ba3
b53f59a3
231e27a3
71f56ca3
6abfafa3
a9d6b0a3
89e07ea3
80b3d0a3
d44dba3
b2bb78a3
4c15eda3
3ea912a3
8670f4a3
2c5f66a3
61bc57a3
a3e10aa3
49a3c6a3
ad8349a3
3308c7a3
cc117ca3
8fcd86a3
3db9e2a3
e31421a3
bf3677a3
322837a3
52664ca3
1f96aaa3
976376a3
ed1680a3
e6848fa3
54b789a3
539c01a3
a9df316
54733316
49155716
99f76716
b443c416
9a6e5116
99a53716
54f12f16
6c938016
e80ca416
12784b16
f59f6616
b01fe716
100072380c16
ffeaff7a7c1716
d905ec16
eb9e4a16
a64116
600713cc116
50f26716
2a539c16
cb5ed416
20a71096
611bd496
b4811496
d836b896
6a99b896
3a93ee96
bdbd2296
6b6ed396
b852bf96
c1af3496
a07d9b96
2e476b96
fd779e96
9bc7cc96
be921296
8fa95396
3e2fcc96
9fd81496
e105b696
b887fa96
3d84996
ac251896
30236a96
2982b696
3ddd2696
947c4996
30398596
40df6896
e3051396
ab6ed096
8a6f5596
96289d96
8db4296
596c6696
ebf28096
4dc5d396
e7aee96
55070796
5e11d996
fb2ac96
422ff496
2bb2b996
c7c50b96
51cc0396
4b214b7eb0d896
a230aa96
b23c2b96
c3e11596
f8e107d1de496
7063d196
5516b396
da4d6296
307d7c96
f84e0c96
d3146b96
6163a496
fb307d96
e73ae296
3fc9e296
17275296
ed8d1e96
83b29896
10074970896
87cba296
d8b0d096
ab5d0496
f57de396
d254ae96
4018bd96
a2c6a37f773896
e6ea5596
e74d2b96
d0077761296
cfc2e796
f6d4c496
a07ea096
5545f896
354fad96
a0963a96
19db9d96
4cd51096
a0d88c96
2e539796
d5112696
d30c7696
1425ea96
9422496
e2a4f396
3c1d5a96
f3b60596
f9f76696
df393896
40b29896
dfe1c396
110077a2f696
9c255f96
b0077389b96
cb017a252a96
6a7a8296
19f55c96
fd1dde96
69328296
16264296
4a460f96
4319f796
8a80f496
13bd6196
f60dd596
35f2096
24f3f396
9307da96
197027ad6dd96
fa6b9296
8dc7d896
31156e96
6d84a096
d0a3c496
f7b2d196
1583f96
51dcbc96
173ec496
c342ea96
c0559396
8b5e9e96
fc69d196
e08a4596
4cfb7f96
3da84296
c42b8a96
1e919596
3f74de96
140a2d96
bc91d796
a5aa8e96
e53af496
ca5b2196
63d76296
47ea8b96
a0ae8e96
25b9a796
74089596
aa953596
2199196
fcf5e396
c6699396
c5239e96
e0a9b096
45692f96
2ce6c896
ec653196
ad7130a5
5657a2a5
eaaa9da5
5efe5f7e0f34a5
200745fcca5
6eb501a5
c09ea8a5
ea01796bbaa5
a68ecba5
5ca170a5
a09efa5
640649a5
82b38da5
9970a7bc3e8a5
f2104ea5
cce93ea5
55ba97a5
e00666a5
1a61efa5
953dfa5
b79bc1a5
865b4ba5
40e6e8a5
cb0537a5
be3587a5
244027a52d7a5
cbb6b4a5
14fc157c8c32a5
af044a5
ff258fa5
a92d62a5
8b0ee6a5
e15a76a5
33892a5
9266eba5
ff95ffa5
42c21ca5
2aea60a5
20074bf03a5
e02552a5
9da9a8a5
f066dda5
bacd6ca5
2b3a5ca5
200e44a5
ccbf1a5
ecffc3a5
c65587a5
5f6f72a5
4875aea5
e920b6a5
94eea1a5
fe4435a5
a63fc5a5
e92fa0a5
4dd0f5a5
a7af42a5
c9ebbaa5
55d3c8a5
5ec7e2a5
2620f4a5
90f6caa5
60c7617e141ba5
68d8d1a5
e159a9a5
e747f7a5
7141e5a5
5a612fa5
af095da5
f3461a5
d77bc6a5
48dbffa5
fdb59fa5
20dbd4a5
a5f324a5
8b34fea5
1b8a4ba5
166877a5
10aa67a5
6810a3a5
1fa1e3a5
a4e8a6a5
9e94cfa5
122300a5
dfc2bca5
c3b8eba5
3206f9a5
be3495a5
f2b44fa5
cdcd3a5
200b36a5
80f77ca5
ad9e5ea5
d1627ea5
100076c41ca5
fec294a5
c501d9a5
166807a5
b0af50a5
6a844da5
b8f37fa5
130d92a5
dc60d9a5
83c574a5
712b1aa5
5bb662a5
f42654a5
2ebb17a5
27c88a5
cf06aca5
48e3b4a5
d2e6fda5
727887a5
ad48eda5
c27b37a5
2de4c8a5
ceea4ca5
1dd01e7ce769a5
960178f967a5
9d9dcca5
bf0686a5
c3c4b1a5
28d7ffa5
15fc80a5
29bdbda5
1353d5a5
a27441a5
44319aa5
ff7602a5
5a9498a5
313460a5
56e86fa5
b5a953a5
bbfabba5
ff92e3a5
be977aa5
612443a5
214c0da5
dcc8b4a5
ad47fda5
b8017ca5
dd6d31a5
62da3a5
15775ea5
8e4f98a5
bc16d0a5
54f298a5
e2dec7a5
e5766ba5
cf4c63a5
874f75a5
689335a5
d632e9a5
36f1bca5
25ad65a5
a9af8da5
c77c98a5
892bdaa5
86d5b9a5
eb5eeca5
ef059a5
f2739ea5
97c613a5
a4b2d9a5
2ac467a5
4b443e80
d421a680
132ac080
f5677980
41ad80
4b0f9480
2d72bb80
608e6d80
6d785c80
63763980
9a1f2880
bcc19e80
57ee5380
22909680
a007773f780
f3e23380
b97c8580
ce90180
99309980
5dd87880
c7cf2680
b51c2480
c81ea280
e79afa80
40007943f580
e79dd580
68456680
32852780
ad7b1580
ee3a3780
483d3c80
d31c9a80
c0902480
822b2d80
f73ccb80
40781080
8f7ca480
2d37c480
c6a1c680
b6f79680
e5c7b80
25abee80
54516380
81356380
add96f80
73012580
ef249180
5b449e80
11c08680
d154cb80
2d31cf80
b8995980
d4113580
9d603080
a694f180
453cbc80
b294ab80
e4225a80
e8a58580
2af33b80
9a90a7ce8ed80
9a207b80
747e580
9c7f9c7fb20280
67bc5a80
6c05a780
4c9f3a80
11bb1280
6f20a580
b8640780
dbb75c80
e9ea5380
fa907780
5a96a880
a6589680
4c457980
6c964780
c6308080
2ab2d280
271c5d80
de208c80
d3348e80
2e5b2e7e7b5c80
a1e26280
2f235a80
f035080
205cd480
62f0b480
9e1d6480
6ca9f780
633d2080
2b332b7e694d80
2c5ddb80
e8c61180
e2c2fd80
38ffac80
b1af9e80
dbf1ed80
521db380
efadd780
bb9c7e80
1c949e80
b16ead80
2fb47b80
d2bfe280
bb03e80
9683d880
61018c80
cf459380
526b6980
9172b280
3b126280
c2b49680
caf35d80
f6fc5580
62982080
a3d8b880
443da080
d87ba780
92e55a80
83c7fa80
928de880
83278c80
84728e80
58545e80
48466f80
d791d080
2956e780
60dd7209
d1d0d709
61b12309
ffd7ff73e26809
d69d6709
e29e3309
29006c82ca09
a0cb7b09
e88b9409
2898b74d
10eec74d
3bf4c94d
ce66604d
8bd7f64d
8114d04d
5c1b684d
67b2a54d
60ace34d
6aff5f4d
b05c314d
27e7f94d
d4fbd54d
f7534c4d
d0a7ed4d
1543db4d
246e4f4d
b1f6b24d
41682e4d
c24a2a4d
6d059d4d
96d50f4d
b219774d
1b83664d
9906fe4d
23936c4d
b309234d
24b0244d
1590167bbf1e4d
1a4b944d
23f75c4d
5be08f4d
999cf24d
bea9d4d
f71b8e4d
ad11c94d
80733d4d
4fd5734d
bdc3b34d
ec4d764d
fa7f7a4d
1865274d
876844d
cedcd34d
f8db084d
2c5a484d
529724d
b27a454d
5da4a44d
5d5bd34d
2b2e4a4d
9e71084d
791434d
e14cac4d
8af89f4d
6ffbb24d
9755a14d
df4884d
b152c64d
f43d5c4d
3abb2b4d
568f744d
6928744d
4261234d
948097ae8114d
2859fd4d
c8de04d
273a0c4d
58bb3b4d
4e44294d
a104904d
9385cc4d
be0664d
9336f74d
8818924d
e128e17e17ee4d
9288c64d
d59d5e10
825e610
1a2f9310
47191210
b1482610
dd7cdd72013810
3dd09d10
a72d0d10
8b0a0210
bad61a10
d0833d10
aba54b10
22852370260e10
23985410
e1340910
37fd9d10
67299491
8bb62a91
addc5191
5119eb91
2ee1a391
b17d4591
bf1e7f91
62a27a91
28ca0991
b8481f91
db0e0c91
63606b91
332ce91
2b12a191
53db8291
3c2047b968891
55160d91
bedfc91
d6faba91
f82f0391
64ee5491
ca480991
fdb7991
d1ce7091
b3b07e91
a1d72a91
54e75a91
cc1a5a91
f308be91
ec859191
fc9bc791
7361ed91
400b291
e597a91
9d5f4c91
d2828691
e5e84591
e9445391
e633e891
17bbc91
2b9dc891
c18b0e91
569091
6c12191
e9c65a91
bfafe391
1248127d2bc691
99f98791
be472991
24ad1a91
83bbef91
31756591
fa95191
70d4b291
869be391
3c5d4791
dc4af991
6f906f91
e9279891
88136691
8a821f91
2f248091
4c7b5191
39c5dc91
cec56791
cc662e91
2132c891
c99e4691
e9ddea7fb79791
5d9b0291
62706991
39a97f91
e4f35591
be811091
c5693491
807aa591
fc922191
ecc5f391
b1634091
167e3891
ff54ef91
c528b491
f4bfde91
4e6c1e91
dae6b391
10295591
433b6391
258c7e91
8c81a391
aed43b91
6053991
79fc991
caafc391
abdf091
62c7c891
27d2d591
80594991
d6c9ef91
c4511891
cf0e5491
16ed5f91
480a4391
167cd591
ca121291
12ebbd91
d6107a91
1a0077f76091
19b9791
24909e91
2a9ba691
3743bd91
54b97f91
a90e2991
44665791
704ff591
9079f891
fb4c7291
5a214f91
873c1491
f74f1191
f0be1c91
41505291
bceb7c91
d84c8b91
68f9da91
af553991
6872e191
b9fe6691
5e8a1091
c8814d91
5a088b91
e156c591
fbd6d891
cab7c191
82c50f91
1b935591
92fdc691
19a5e891
de7d5491
d33add91
438a6391
403f091
21c41291
ae49c291
ce7afd91
c70179e6ef63
14ea2e63
40867863
2170bb63
d9e17b63
59308163
25f59063
b7c43e63
6c2ee963
713cd763
71661f63
36dbde63
9926e163
6553e963
d03e2063
53ad6b63
bd4e1a63
f5ea5063
8fd6c163
41f27063
44b6ff63
4282b263
170077c35863
c728f263
dff95b63
d0ef9063
3e032a63
6462e963
e545963
89222e63
60a2a763
4f915463
acf8ad7f4ccd63
127017a494563
e4017a08e863
d272b563
444e0963
a4e2c063
ba255c63
18fdc563
313a317e0bf363
a2000f63
49654463
9a0363
3a0c4963
3d86f463
1493157d2b7b63
da82ab63
410fa863
20697263
a9d29a63
a56b0763
50f95063
9cf66c63
41b33563
3b6b5263
acd63163
d3669a63
a152c263
b4446d63
a4fa3963
664d4363
c899b963
d3a95763
82d35863
343b4463
58c4ec63
e9596863
b4889663
4e80d63
96028e63
2bcb4463
e2abfe63
540079093063
3acef63
f2b1bc63
729ce363
b1d29363
c056a63
d40e9363
84a70963
8eb9ae63
3dfcd063
298e6063
cf0a6963
8477b463
387f5063
a3700b63
956ca563
bad21a63
30587763
d63fc863
50a3a863
d5647063
511e6863
6f06163
9ff0a7c728563
3d852063
c432e563
5a2c20bc
25baeebc
970ca0bc
97ff13bc
afc908bc
359033bc
88017a7161bc
f425bbc
97b066bc
22a5ffbc
ae069bc
62e5fbc
15b420bc
4f6c87bc
62bd67bc
fffe6cbc
1cea7bbc
7c007a599dbc
40469dbc
46b291bc
d7798cbc
b5f3f7bc
d38829bc
4c5429bc
55c2febc
64e0abbc
80f5e0bc
ef9b36bc
e48638bc
246128bc
b3f3a1bc
eae495bc
ba7091bc
d335e7bc
e8c192bc
f52518bc
cb4eadbc
d33502bc
5be16bbc
b69ad7bc
b61243bc
ae0a8cbc
1e02b0bc
a4a53dbc
c0064bbc
817717bc
681857bc
8f5f8fbc
fa44d3bc
45d7bbbc
467ac2bc
ba2c0bc
3dfb35bc
a28e3ebc
cc619fbc
3980a5bc
ec5f3abc
70c0a2bc
ac6944bc
e7e7aabc
c34ab6bc
5f4e56bc
477ac2bc
ff481dbc
17adbdbc
40850cbc
f72eeabc
ca31cbbc
cb017ad673bc
a98ee9bc
53c0eabc
37c60dbc
100760aa0bc
d9909ebc
a3fcb0bc
bfb89ebc
cd4388bc
32a93bbc
5e7c7bbc
894657bc
1b941c7e62c7bc
c86158bc
ef3014bc
c0b3bebc
81f140bc
c0cf49bc
1106117de88ebc
7018b0bc
a5afbc
ac1a4abc
24f038bc
1100785b7ebc
7ffb8bc
3ed99dbc
6bc7fdbc
d73fffbc
105c96bc
acd7c7bc
500032bc
442075bc
bbac93bc
722dc3bc
72f5ecbc
1ced1d7e6f3cbc
48b808bc
1c9316bc
9c69bbbc
3226eebc
655318bc
133f21bc
e7dc3bbc
c4e0b0bc
bea874bc
c22830bc
5454cfbc
4e1ef8bc
e495cbbc
fbfd14bc
b2eb29bc
a09022bc
2ea3e4bc
c62606bc
4d175bbc
8070d1bc
56bb8ebc
a3afe4bc
1dbb8bbc
6c8529bc
7e457bc
bf0797bc
4481d4bc
5fadc2bc
ef5a16bc
60a14abc
47c099bc
d768fcbc
b8293dbc
d9fcabc
87b46ebc
7f007a6011bc
af87dbc
b1b3bfbc
1d599ebc
88f3e0bc
bbb463bc
3ae73b7f2567bc
bf3d8cbc
34d001bc
91f9dfbc
1f78b7bc
804e3abc
a2e02bbc
60d528bc
32d39dbc
f21532bc
c1104dbc
13f64dbc
854452bc
2c4037c1630bc
4e50a5bc
1ce16abc
1548f6bc
315d68bc
5b8aaebc
ef4bd7bc
c2af47bc
217a8dbc
e45a73bc
93fe8bbc
489904bc
c9385fbc
27ac5ebc
10ad1fbc
9fe8c3bc
7081c1bc
a9066cbc
69fe86bc
f018a9bc
aa9f0ebc
214ea0bc
369170bc
60c005bc
37e215bc
766c767fd83abc
c61f1dbc
e7168cbc
b0315abc
ffb09abc
221a6b17
39f68817
b10160107317
40f29817
28d71c17
ff4fff65f89917
6ab6e17
bd2f8217
1789117
28228617
ca428f17
458ddf17
3457c417
9607d17
8dedfb17
f2cf9617
f4d48617
4360f017
35b6ed17
3687a317
cb7eb617
2ae8a417
4dd8d117
a5be9944
f7e70744
b415e44
a4f37244
31f03e44
ea1ddd44
ea134144
c8fd0144
6f03f244
f53b7044
6a811d44
b3f2eb44
f3a6c044
bc7fb544
e6b38244
60c5617c4bf044
3ce08944
e270bf44
b7493744
158ada44
12865844
61550044
e782a744
a628f044
5ca9444
93f75b44
e97cac44
8463044
1cea8a44
5c3d0644
dbc81d44
edae9844
cad2af44
8a17f944
c7e59944
684e1e44
efee7644
b50baf44
6e869244
2ae64a44
54af7344
89139c44
5ffe9744
2136de44
9f91c344
dc8e8b44
713f2e44
190c197af1ef44
3bf22744
a0113244
e0eea644
67a3a444
137c137ab27844
b5580a44
f5650244
e4eb3944
2cc4b444
72b4737c780444
e9532e44
8469744
aa70a844
c7eabb44
67ebc644
c2d13944
1e90b144
9e967744
cdcfb844
b4544b44
fdcc7e84
f603ff84
e66ae384
28d6ce84
2cffa084
4087a384
44baca84
c4555984
b7da3784
38d7397e784484
1d683884
95baed84
126a5384
4f0d0084
a7564484
e804984
eb06cc84
663e1084
3d1f8884
84f74184
6d3e4284
da7d4b84
932f8284
227bc984
5d24cc84
426f8684
f527c884
82ca4684
553e4984
678da084
e0cfe884
37edd984
f59d7284
f9c10d84
dfc87584
9d8d6484
191afa84
1aff8384
c6c36584
c243284
250eed84
1b327e84
4ce1af84
3ee6dc84
ab84ab84
3e5f0884
2a69bf84
2cfe2584
38c2d184
b14bdd84
2ceb3084
6a9c484
a2b3fd84
334d1c84
c3bb6784
b00774e1984
fce4f384
8d9ac84
d7c1d584
2cb1b984
c676d484
82fca084
66e92b84
8c525084
b6a94584
f022b84
366a5b84
12c65e84
fe536a84
b5197e84
b2d15d84
426aa884
4aeb3f84
b9182384
355b7884
dd8eaf84
9bce7984
b1247a84
c3914484
489c0a84
f163ae84
e6f1ac84
5958d684
cac28a84
67beb084
70d71184
efd25784
9da5a284
c71fc77fb85984
ae5a5484
6277ab84
25f8ca84
d3526c84
1ca54284
648b1284
383f5f84
bffe4484
aba6784
34ae7984
bea7fd84
e22b2a84
6d9f9f84
349def84
fecf5d84
8b36f684
a06b6184
cd5e2a84
85ebed84
18887284
4e879c84
16b2bf84
45586b84
1861b184
6d23c184
6a1f2f84
67d08084
cae17684
353e5384
5f281984
28a97284
10f5cb84
dc668d84
2bc1684
e0453284
c3ee684
ad5a4384
a3617684
d1e3f284
cfdec584
c1823984
e4769d84
ac8ac484
483a476
3ce5f676
86c97276
92f2dd76
cde7cf76
283a4376
5485f276
3db51376
41ddeb76
c329ca76
e2134876
6e244d76
d592df76
98132f76
a0f60476
72d08e76
45f62276
2537ed76
f4b5d576
a2c2a976
aea47976
3f1ef476
25d6fd76
99acb576
ff701e76
1f90e476
59f54c76
9b7a0476
b65bec76
69a9f276
3e888476
6f92676
6e1eb376
64b3a476
8efeaf76
5c451676
ffeeff7f5e0576
880e0f76
9f0c7176
bb6ed376
41031f76
90752d76
ad31ac76
d9171976
1e0f1e76
5b1f5d76
d3d99e76
51ffb676
2dac1d76
39068b76
a93d7476
a297a76
80caab76
96af1276
8854c776
8007675c976
2e0edb76
addd3876
df318176
e07fc976
45259b76
3e67db76
70acd176
6188ba76
dfaf3b76
85fa1376
5fa26f76
b153e276
f372f676
f032db76
cbf38676
b20e4676
6990bf76
f9bba076
c30c2676
15a5ac76
f2014276
9121a876
b5f48376
ed912d76
97231076
126ea76
d694ed76
db004876
67b9f076
b1f01176
49b36376
d65b4476
e3961176
46f61876
49532376
a0076ac3f76
c65bd076
d8472976
6af7076
9a9c5176
f4a13076
e678e876
f020e376
b3241b76
52694276
99d28c76
a8c41376
96ddc776
3a1d8976
b93c2976
bbf49476
38a4ac76
f3a77276
40824f76
d0b9a176
91d03d76
fa45db76
5e839f76
dc5f2d76
99b2fa76
86178876
3ada2676
32ac0b85
c4bcc685
14f66085
995e4885
48e90885
41e21085
98de7685
89ab6085
6332685
5d762385
fa151285
201b3985
f05cea85
94a9ad85
43281685
51fda685
64da2e85
530c1185
8b9dcd85
42ef437d9a1185
eff8e185
c27b3685
d00179313a85
218f6385
df606385
1523dd85
1655aa85
7431885
f7133b85
456f3785
540078498d85
e2639285
1d2fc085
9ce48485
50f5aa85
244fe685
ccd65f85
e55e6d85
b401bd85
a199a485
82acc285
924c9285
abded085
3d13ed85
c2570f85
fd2d8a85
60513c85
89cddd85
f345e485
55ec1c85
d86b8985
b8caa285
5fd21685
3cbad785
a0fdeb85
e0d40b85
81450985
f15ef85
53c4b285
5021d785
10757385
1dd6d485
f0391685
8bbe0e85
ff9cec85
efef9585
5f3d5285
f1db9285
c17a4685
67fc4c85
98e45e85
19309e85
c6ee6f85
dafcc485
da82a785
e2b06785
662cad85
802d185
51d66885
d9d73985
6163dd85
30b69085
37beae85
27078c85
18dc2a85
81104c85
99e0785
53adc185
610c8c85
fa013f85
ae20b7bc88b85
998ce585
bd355685
8ed79f85
59ad2985
f72c185
c304ad85
24442085
694f0885
fd69f985
1bc7b85
58231185
faa91785
ab021685
537057b0c1485
2b5d4185
2da06285
992b7585
f3564885
9f5e3485
a0c6a185
aa942d85
1849e885
d23c3385
8d6f1385
90344985
388fea85
1951b85
5c00af85
c6588585
14d26885
a9cb8885
8c9e2785
5d2d5585
8109ff85
4cdc4d7dbce885
8f405285
601e8e85
4797f885
5ef95f7df38e85
45f24785
17ea0d85
8c83f885
b5954104
93d69404
92b95104
10000ff4660cc04
47d5638e
47f4ea8e
b784418e
8f98df8e
2710fd8e
70d4578e
9b3b878e
82771c8e
bf63308e
e195838e
74a077bbfef8e
504cac8e
d113208e
1bba978e
281a9d8e
c497b38e
15473a8e
45007875928e
66c5d28e
5ebeaa8e
db3c088e
8572b18e
2979058e
85d9898e
d88d678e
be82e38e
791b28e
ae7efb8e
8cf5558e
7413898e
c329398e
83a7918e
95e2998e
67aea38e
8354b98e
8d43eb8e
8cde608e
b399568e
5e9f78e
ffb37e8e
99191d8e
407f958e
eb2d6a8e
20074e7b08e
d2eb6b8e
8485638e
26b5578e
e681c58e
34548e
b1e65f8e
9e47a48e
bbefba8e
8b5d398e
f4218e
5b4bc98e
8a784f8e
2902fe8e
ad36528e
2a0138e
c050c7c3f7e8e
fb4a718e
4418388e
2d88438e
1cb8bb8e
9abc88e
86ec1e8e
f55448e
3166a08e
aaabd78e
8dca628e
6c15068e
40c1e98e
8144148e
ebfbec7f3a258e
ffec298e
6813d48e
68edce8e
c778f28e
39a91b8e
7977e8e
31ee578e
a90ad18e
e112288e
eb579b8e
def73c8e
ff24dc8e
9ecfd88e
b13598e
87a6b88e
fd4d238e
9584a88e
fed4208e
66f5418e
de93cc8e
9d9e9d8e
83b0a68e
ca55548e
bc68f98e
5d0078c04e8e
efb0f38e
6739ef8e
66e1358e
5ab4068e
da8b998e
8f42a58e
1712798e
c6dc938e
e9bc5a8e
bbdc0e8e
6c68d58e
e0dab08e
165a4f8e
3a7e88e
6a785d8e
eefc5f8e
dc2e888e
573c9a8e
3310f48e
b995d38e
d424f78e
20999d8e
617dc68e
cb14f08e
49c0fd8e
c95ac08e
2d76588e
816a858e
cb184e8e
955978e
12007728238e
f8bd1d8e
6331988e
b5b1228e
c008598e
c6fc348e
5d64438e
70f7918e
9c55198e
17d2078e
8f7ed18e
8ba3e8e
c842cb8e
436a4cc1
1c4b13c1
32fdd0c1
3983edc1
6427b0c1
aa6debc1
9ffb4ac1
71a72fc1
ac1ec7c1
9aa63ac1
260b76c1
f40485c1
46b992c1
c11e17c1
9e22ccc1
6e8ff6c1
ef7966c1
3fdad1c1
a5465dc1
5a57e5c1
f8a03cc1
6bd2adc1
486dbfc1
e6d8c8c1
1b637dc1
c36ee2c1
e66009c1
3ae6b6c1
a9bf04c1
413b51c1
391840c1
63bec0c1
b74e74c1
dc2fbbc1
1da008c1
5e9e57c1
9d1200c1
b82acfc1
8406a3c1
54f44ec1
30a12ac1
3b20a4c1
2f3e0ec1
e2492dc1
e7c26fc1
cbd8ec1
36971bc1
1bd842c1
93e2d1c1
5ef8a0c1
1a82e5c1
234d81c1
31c76ec1
33c548c1
9455c2c1
1bf360c1
bb479ec1
2eb21fc1
1f19a8c1
de1774c1
1d321fc1
1e9d06c1
1114acc1
fb198ac1
d3ed57c1
94e1b9c1
cf703dc1
95e8a1c1
6b6a6ec1
5b4d8bc1
af1a30c1
2fbf1fc1
50712fc1
54ccb2c1
14af0fc1
ee36a9c1
1616167c9b8fc1
db1a87c1
47d2d3c1
fd5e97c1
63f576c1
330ca6c1
25b7d2c1
cabd47c1
c10e08c1
e2034cc1
c46094c1
4bd0f0c1
e7d666c1
81041c1
22e0cac1
3e378bc1
d8f438c1
9966c6c1
6f54fec1
9c17fec1
eca232c1
14885ec1
b40a01c1
c33102c1
8d77d8c1
185eebc1
e912f2c1
5bd1c0c1
1b6ad2c1
50f901c1
be9333c1
20d97ac1
800427c1
35131c1
fbc5e5c1
5c486cc1
c41486c1
8c8693c1
1584167c94f1c1
ca2f38c1
b5dd71c1
2374ec1
5880cec1
5982cfc1
2ee0a7c1
c016a9c1
326585c1
652471c1
705f69c1
b32404c1
8b7939c1
229ed1c1
d9984cc1
e134d7c1
843553c1
a8d5f9c1
c82b31c1
624f70c1
da41c1
bfa2b9c1
25e49ec1
9d751c1
1b6773c1
881a6dc1
936f27c1
d6d48dc1
154871c1
e63635c1
3c353c1
9fe385c1
e76b8bc1
bc5663c1
6a4d62c1
282251c1
365956c1
d0a9b1c1
cadeb1c1
4de32bc1
653315c1
123299c1
c79a3c1
167013c1
85f4a1c1
972261c1
70ce57c1
5e19cac1
dda11bc1
393334c1
4c7c7c1
607e23c1
5ab0fcc1
140b1fc1
370737c1
212d6fc1
e12298c1
8bee0ec1
5eda7ac1
1ae384c1
e68f7ac1
372ba2c1
30b790c1
c099d9c1
813724c1
9d42f0c1
bd4a13c1
d4c86dc1
664e11c1
611dfc1
d466d47edf8bc1
64048cc1
8eebb8c1
4a402bc1
3db850c1
1e4115c1
bae2a9c1
e612c2c1
342befc1
fdc990f
9974ee0f
5b64ac0f
cb58cd0f
5689e90f
3670690f
e24c250f
3dade0f
d90e790f
10000ff7e38d20f
3abf110f
61f67f0f
358eb80f
39db970f
fb2f0a0f
d070fa89
3b4a6d89
6e960289
cca0d7d1bcc89
8dbeb389
16a9f889
21d49d89
3de53e7eaeec89
359ad189
e1904589
8ec61689
c8d9bb89
2ab7f489
cf830889
9b963b89
b384e689
60b5e989
a0261589
c278bd89
4b696e89
a47dee89
a6281989
3a24db89
2e907789
98962889
72021e89
c1e0af89
b8ff4c89
6122f389
8ea58f7f853789
2000787e1489
9d8b0489
8c8e4289
261fab89
4a805389
a9ca2489
344b9389
ba7b3289
403f8f89
1a541f89
fa7cac89
92ff7f89
9007749ae89
ecddde89
fc274c89
ce9f9389
b25ddd89
e0a05289
6efc9b89
1df98289
6f58fb89
73de5b89
b8048089
eebe3389
4a5cdc89
355f7189
5ffdba89
4e6a3789
332faa89
22155c89
1816a989
9114a789
50f1c989
300763c0689
34f037bc18c89
37ff89
90b6b589
448f9489
22a5237e1abb89
831d5489
93bd6c89
a3cfc789
6da58589
2d8bc489
1e00786d7d89
f2beea89
892f8d89
6314e389
2bbfa689
53137389
14ec8689
99cb789
4f25b489
ac3c9a89
53684b89
f9d7f089
8fd2d389
d759e789
b3777f89
53007970b189
72639489
abc81889
bcd55089
85f12d89
5c669a89
49066889
68add889
c0e43489
5bb69989
e9c2ce89
1af00189
bbf5c089
e7475b89
4a9eaf89
922cac89
2a0fc289
40f32589
297e1e89
3e944489
12f8a989
cea18489
41007689
70968d89
29277989
55d04889
8d25d689
b79eab89
26dcca89
f3447289
72200589
4c0d3189
ebde8489
a1848489
8fb9dd89
d2ebb489
6ac73589
d2d8f789
d4b00189
1a00784b4989
5289ec89
d00f9489
4f932989
9d479389
97002989
602b8289
cad18189
6c4e5b89
b94d8a2a
fc4c622a
55762b2a
c5facf2a
3d8f932a
ad4c4c2a
bdf17d2a
e3016be9e92a
1416752a
662a12a
7be0c2a
c9c322a
e3e6fa2a
bc483c2a
fa98b62a
d5a6a32a
c014ef2a
1006669ee2a
d6f472a
e8e4d72a
26c6276faf592a
e8f342a
f9a38c2a
f0ffdc2a
10fd922a
e780c12a
45b37e2a
3deaf22a
b481e62a
91e3ae2a
43ba4c2a
3f37e22a
806eb72a
97aca02a
d619d67164d32a
f37902a
9ca0f52a
d69c0e2a
23d026cd5892a
d868032a
5fd1d02a
deb1d92a
2ac2491f
66f0654a8241f
201f1f1f
95381d1f
432bd61f
c9831f
8f09a71f
bbeb281f
a18ace1f
915c781f
ce60501f
94aa481f
8702891f
accdbf1f
4c1081f
3cc8b81f
43f0101f
80176b1f
3a909b1f
21f4f61f
1428bc1f
8205c91f
3336da1f
e3aab11f
2bb63c1f
b570281f
4d0ec51f
2e894a1f
e103151f
f991fa5851041f
fce521f
bfde1148
4bc70148
e7ce48
394c2648
595b6648
7700773e5d48
e4f65048
4a55e748
42177848
2ab98b48
7981648
134a5348
1a1c1a7b45a748
a5c93448
63ebae48
25a5ad48
12c73d48
c1dc6c48
1a0abd48
453be248
28f3ef48
24f9a48
927e2a48
1fa9207b77fd48
95aeeb48
b71f8748
19170948
e8b86348
18671548
aafc9f48
c709ac48
a05a8148
6ee2cf48
6377e848
f089b748
2d78fd48
1d808a48
25c0aa48
974ee848
de0acc48
6bed3848
4eb50f48
a4664f48
7a6e7a7cd1c948
4a8bb048
d92b7e48
e277fe48
acbb0848
89788048
40073e12b48
1e300848
1601bc48
4b524b7c562948
f5a22e48
71430048
5280c548
c11c8948
40c78e48
9f92d348
84182148
a6060c48
11632f48
d96cd548
933b4e48
8b21b948
e986548
48e42048
4ca91848
23c50948
56701748
95361048
ac9d8e48
118a7f8a
1d0078abd48a
ee10678a
4bb2ff8a
f364678a
b675cf8a
f3b26b8a
7df478a
e718548a
1007514588a
921bc08a
3daba68a
ad8df08a
5c6b5c7f5dc38a
20dc108a
60a64f8a
9f2fc18a
b010c08a
6e1c138a
d656698a
8fb0798a
34a4968a
bcc67e8a
327bf88a
1d7e778a
5b9c7b8a
64c5c38a
a0f9f88a
4a67998a
8c49558a
d6445a8a
6d97fc8a
47c9dc8a
8a24b58a
e2df0e8a
d967388a
d42b788a
9e9acd8a
becbc38a
f72ff98a
95292a8a
ba83fe8a
8961498a
4150e68a
5b0d8f8a
72ef698a
e6f5bb8a
a80aa08a
8667618a
1a524d8a
cb48468a
255fb8a
68ab6a8a
b091c58a
dfcf808a
ed29048a
e56f808a
420fed8a
3ba0268a
518a728a
d001668a
2e080f8a
f9d4368a
3ca5798a
6ddbe98a
eb77d38a
3a24018a
b07d928a
d84acc8a
68704c8a
a331a37fee778a
397cd48a
e795838a
fb06348a
5701348a
9f429f8a
a038ac8a
c64ac58a
63d1d08a
45007987d78a
a0740a8a
235aea8a
63e19e8a
6cdbb58a
b5ed0d8a
19c03f8a
93bacc8a
977eb8a
479ac58a
49cafe8a
ebf7d48a
9755f8a
d3e2828a
b5e5328a
8d81d28a
aded7e8a
aa9a368a
271f4e8a
731e068a
8b3138a
a924a18a
6427ae8a
64c6528a
a2d6e68a
ff158f8a
c7c8408a
1525fe8a
c504448a
81cf238a
8178b48a
edb9298a
9711128a
925eb58a
b9a06d8a
9572e98a
74d3338a
dc4bda8a
1fbbe88a
86faf78a
2510888a
550338a
c72038a
1287278a
1359398a
4294a58a
ca6afc8a
8f35078a
b9e1ea8a
dde54d8a
eaf3968a
515e978a
3658d8a
2b34c8a
1b3e818a
ac8c858a
82acf48a
5e6f678a
c31af58a
8b0803a9
343912a9
3423c5a9
fce125a9
febafca9
2e37f6a9
812efca9
7245eba9
eb1ac9a9
adb917a9
2a19a8a9
b03e8ea9
ba380ca9
264308a9
853c08a9
adf963a9
4a6a45a9
cc8998a9
31d037aa8e5a9
dd30e7a9
69303ea9
2e12f0a9
800762919a9
19b888a9
557ce0a9
b0f83aa9
c1fc60a9
981cc6a9
287c2a9
6bb329a9
8ce664a9
6e78b4a9
120be2a9
140076fc29a9
38c16ba9
5f507ea9
1426147c877ba9
6d0738a9
ff01798655a9
91ef8ea9
ca5ff5a9
d9022ba9
db8e3ba9
a327e2a9
53068fa9
c929ffa9
b306b7a9
29d909a9
4212dda9
63db60a9
44b261a9
fab5c6a9
201eb7a9
14949ea9
c5570a9
21bbc0a9
39440ba9
e6bcb2a9
e8ecd1a9
e3598ba9
18b247a9
4a9dbaa9
b81846a9
c97d6da9
36ba0aa9
290445a9
c35256a9
d34e24a9
659532a9
23cc22a9
8043d6a9
18086fa9
eec018a9
bf989aa9
19403da9
bddc15a9
cd9056a9
4041fea9
fc743da9
43616aa9
9ba760a9
446691a9
5795efa9
f82bcea9
fb40f3a9
e0dc5ca9
bde4e2a9
cc8c81a9
a2970ca9
de6b20a9
51353da9
48be15a9
aaa3e3a9
be6e52a9
3468d4a9
e275b0a9
ba116ba9
f34964a9
c3aa23a9
3a54a5a9
c05b0ea9
863adea9
28b785a9
3101ada9
fed86a9
9f4b6ba9
a528fea9
ef2358a9
49fe4aa9
5b5011a9
6f5994a9
abe9c9a9
62147ca9
ea0545a9
c03853a9
2b6306a9
bda289a9
4f78d5a9
fdfdc0a9
145981a9
9d8daca9
1d8608a9
615131a9
6fe6cda9
29f387a9
804066a9
a06649a9
241ce1a9
2857bca9
139653a9
329e5a9
6aa07ba9
86debea9
f39c46a9
2397eda9
3bbd06a9
bc0b41a9
41007828a7a9
33a854a9
cf682aa9
e760e77ef827a9
9cfcb7a9
15844a9
e42063a9
c4838ba9
72b068a9
ba8120a9
378e85a9
1c2cb1a9
ee95f1a9
202140a9
ba7e89a9
29054ba9
2dfb67a9
59f41ba9
830057a9
fc3818a9
c122da9
831cc2a9
b8086fa9
bd038fa9
87ca5fa9
5e0d24a9
642030a9
c0ba89a9
4540cba9
65e8dda9
9210cfa9
656102a9
86f8c79c
8f2f9a9c
a231199c
3f40c99c
3b4e939c
99c5f19c
163a239c
3b1dda9c
670079a6ef9c
554e669c
a875349c
b2141f9c
f8c56b9c
1ab0ed9c
213ae39c
4162799c
a14ece9c
44a7459c
fec9469c
b1cd8b9c
c321769c
b0017a2ff59c
4300793a349c
1de2059c
508f2e9c
8b84409c
85b3689c
1fb9989c
5ef5b9c
cd1a319c
49de039c
caf8e39c
53c98c9c
c601ad9c
9c67b9c
cffbbf9c
ee89289c
9ebc119c
5f55579c
83c11a9c
8fab9d9c
11a7989c
90497d9c
b2c8619c
1884779c
8e8fd79c
6afc649c
19bfad9c
bb00969c
d00f449c
b3564f9c
82771b9c
b4f05e9c
c3513a9c
62e3279c
68499a9c
641e129c
87be8a9c
fdd5449c
4864079c
a17fc99c
db5dee9c
ec22b9c
af1c169c
3793149c
43a1fc9c
9d61359c
5d9d649c
80a2f9c
c8b6799c
56c06c9c
8bc3719c
635b259c
163dcf9c
a40ed59c
413aaa9c
bea4bf7fcfe79c
40e57d9c
f9dcd09c
8b38489c
db37b29c
e03e5e9c
3491589c
e05c379c
3ec3899c
9319dd9c
eb86879c
6114d99c
a699249c
a3afa99c
49eeab9c
ae87c99c
5ce36c9c
99422e9c
98ce7a9c
2d61699c
2b252b7e53099c
8f9f529c
116ca59c
c4b7299c
d9b83f9c
3a3f389c
1bc0339c
19f6549c
e23b969c
3c5c339c
4400e9c
c3fd339c
4ede239c
f2cdbe9c
114d119c
a6254b9c
f1f0539c
7396219c
5c56939c
6aad199c
286a3f9c
18cd559c
54b7159c
25a6399c
72f6499c
5b4d139c
a5831f9c
e1fe79c
f4d0ed9c
aa884c9c
6c520d9c
b71f599c
721f019c
3b8a1b9c
f75df49c
ed4f929c
40006c9c
f6e5cd9c
5ab4489c
87458a9c
ff706c9c
2c1ed89c
f4c8949c
b17e759c
21bf0a9c
45e92f9c
bbee639c
b8b0c7d01c89c
dd36ab9c
480dc29c
4d00795daf9c
e9f6349c
b1f69f9c
c020f69c
988c9c
cf799a9c
275c219c
9c4b599c
904097cc2879c
d8b8bf9c
3b36eb06
80e5a406
faa3fb62028f06
55d055e2ab906
42d7a706
b222b206
10000ff165fd502
8ca34102
4007164179d
88e097777f39d
9c04199d
3865279d
9c75e09d
db66f79d
7a0df9d
42f0476c0e69d
665a349d
a6187c9d
b5af039d
dbcef19d
66fcda9d
9c1b249d
3aee9a9d
dcc8139d
4d4259d
8f09359d
ca8a329d
88a16a9d
d8b6359d
ee28ae9d
124c529d
889dc29d
e6fcb59d
c1d1b59d
41f7c59d
3b6b339d
f0f0b09d
6a18029d
8aeea89d
e0c7c09d
f85ccf9d
f49e099d
e33f4b9d
e775a09d
f8e0f39d
100b029d
2af41a9d
92a2db9d
240e409d
1887d09d
62210b9d
13c10c9d
cdd6c09d
5bc90b9d
cb2b139d
8d551f9d
ea8f4c9d
64265e9d
71f7c9d
eaf9509d
28090b9d
67ecbf9d
6117e99d
a941ee9d
e4dfe57ac0779d
c81e719d
d1e9b79d
378a39d
e6cb729d
812d89d
9fcde79d
d2da499d
5cc8d19d
3633969d
dea9069d
c3ec0d9d
630e6a9d
4d06719d
4f1eae9d
9016bf9d
1c058a9d
154c7c9d
ab40b77b04b9d
9168209d
b2f6d89d
3644d69d
6e56019d
5213a19d
30ddc29d
2df8659d
360073c1319d
45be9d9d
af5a859d
b516969d
3c702b9d
53f1aa9d
c937059d
3274bf9d
d01b99d
46a079d
ccddfa9d
1789b9d
a438299d
cca03c9d
2ed0779d
eddb609d
96eabe9d
6e557e9d
ccb6169d
e9e30f9d
b8685c9d
87bcac9d
e74fef9d
5504c09d
b77559d
37603768f2a9d
fae049d
464b0a9d
a2f7139d
1b94169d
fc246a9d
1b47839d
ec61099d
62e4f59d
ceea8b9d
8f241b9d
58b4ff9d
d5d5519d
8c36489d
fb0ef9d
efa3de9d
b838619d
b335979d
bdeb269d
c32bee9d
95da639d
a615ae9d
d986389d
caae5b9d
56a3269d
3b92a69d
b4ba1d9d
6e23639d
93ee8f9d
bfc41e9d
520f729d
ae2b319d
b2c8419d
c7df889d
c740b59d
d802559d
6d25da9d
93c3a29d
b7d4dd9d
319ce9d
4f8c069d
8dedc29d
c76bcb9d
43a92b9d
560b879d
107ff59d
2e73229d
ce1b959d
9792f19d
f883ab9d
4244937a
9eacaf7a
de3d3e7a
246227a
87fc0b7a
45820f7a
b2cb67a
f131117a
8fb2217a
d4d0d57c69547a
c7aa177a
3ee1657a
d3a0737a
ee4857a
6ebc317a
b4c9297a
f8009a7a
e44c187a
4df3977a
bd21997a
54e6e47a
9b64857a
3de3257a
b9a9ea7a
60c0587a
a2eb987a
9d5a0d7a
cf1dd67a
9fb20c7a
63f91c7a
52fc537a
e8f1557a
b38e997a
c1f92c7a
c092487a
b800017a
8e334e7a
6037017a
184b977a
378de7a
c007404377a
ce31087a
e01fe17a
b810f17a
aa4a5f7a
710cb67a
4cc53c7a
16ad837a
f255a27a
8aeb887a
e3ffbb7a
8233ce7a
d667ce7a
71c77a
c428e27a
a4e87e7a
fa36b27a
ef9fb37a
5314657a
a5d4cf7a
1de7157a
8067f7a
a8ffa97a
d43e27a
b27c127a
2c5037811837a
f78ca7a
e8949a7a
9fef8c7a
eaed857a
1b929c7a
b243457a
156e387a
25007523807a
fd05877a
1dd3c67a
6ce7e07a
a8e1b57a
31e9fe7a
e998eb7a
4286a67a
68003c7a
2585f67a
e674867a
5cb7347a
2b17e87a
ad495d7a
a795ca7a
99b0a67a
709a627a
a36f87a
ddfed87a
f6190e7a
59d3b17a
6854747a
2045bb7a
2838287abe907a
9ebb267a
b6ef807a
a3f8557a
c83fdd7a
6a980d7a
32db997a
3740037a
1436c97a
c7f94a7a
20072b3b17a
3af08d7a
35bc637a
3e83557a
6963b67a
8a551a7a
51a0997a
65871b7a
c6f7717a
1ad0627a
d1fb07a
cfeb57a
6038317a
ab9617a
f006b07a
c618227a
2094f667
ae877967
e5584167
86f41067
dc30a267
4e5f5567
da237367
bc191a67
b022f467
5fb49767
4cdbfb67
bfec9467
5ae83a67
fdcf0367
940176d27b67
1851ea67
c2f2ee67
b05a3367
5805f067
2e550f67
96cd6967
aae52067
cebaf767
94cd7f67
e7fe5967
e38d7967
63b3a967
de741167
70c64767
22c5867
2cf3b767
befe2a67
df19ff67
5c589767
c8560967
64945167
3a661f67
3939f967
ca564167
29c90467
cc972767
f1b55667
326be967
93cf0e67
8189c667
5bf06b67
d9b27f67
2d33967
41dcfa67
9b910267
accf7067
f18e9267
fe1be167
9fa69067
f3853067
4e509967
85b99b67
97a1f267
9e201e67
4e9f1a67
cde78a67
43cdf967
63d83967
b6001467
2ce0378661f67
c05b0267
91608167
52440667
61dfbb67
ba2b7267
2721c67
b5ec4767
eb85b967
14cd4467
e2f2db67
a128d67
e4d7467
288dcf67
d7d84a67
c9eb4667
e3fbe767
6832a567
8a29dc67
80043c67
4bdf0c67
2e53ad67
83e49467
4051a467
db007a67
d7376b67
945dd467
54116667
6639cb67
c17ab367
f5b8e167
360075d08067
80073ea6c67
530cc767
fc60fc7ce59767
e0789767
7b8a167
25d62e67
1e880967
8eb2d1bd
d9c9a0bd
3db060bd
17d77bd
98d678bd
9b5525bd
82894dbd
67a290bd
624039bd
ee6d39bd
f6597bd
ef891fbd
b0075d373bd
601d7abd
c2b42dbd
275095bd
40e8c6bd
606801bd
fcffd9bd
e8b94ebd
c30997bd
e9b41bbd
b5f47bd
6e30bbbd
d730ddbd
6e9dafbd
34d65abd
52bc40bd
103335bd
b5534cbd
b79665bd
ef8d34bd
62618bd
5f3c82bd
7057efbd
72a47bd
c4e835bd
9e1f0fbd
1d6917bd
f771dbbd
fe82dabd
200740da9bd
4c643cbd
cde53dbd
41ac9fbd
a6d17fbd
1cd52fbd
61fd98bd
ff7193bd
3f5930bd
a10cdfbd
5a1fcbbd
19f588bd
eefb9ebd
eec843bd
c65500bd
5436bd
6de20abd
e24e38bd
5335a6bd
5429547d594ebd
401abbd
865329bd
9758fcbd
4895f5bd
1765aabd
8ead1bd
92ac8ebd
59ab08bd
50c6a0bd
2d7c2bbd
89cae4bd
46f050bd
1ce66dbd
ec3ddcbd
72a7efbd
8636d5bd
8d9691bd
aee391bd
e3a53bbd
d47a20bd
59d3cbbd
b15825bd
bd73b1bd
afe86fbd
d1401cbd
da0637bd
b043b9bd
16e7aabd
b664c0bd
99b47dbd
3aba9ebd
da1f12bd
549ecdbd
6d3d79bd
d4e2dfbd
1b9c59bd
e23ac0bd
6657d7bd
e23721bd
2fb8bd
8ea097b1b4cbd
42d755bd
4cadefbd
32803cbd
3e44f8bd
d1873bbd
2624dfbd
590077dd7bbd
eafda7bd
c73eddbd
561123bd
f748f9bd
71dc2bbd
fde00cbd
86e4c5bd
214239bd
ca6216bd
338b347cdc3dbd
64e6b8bd
fbeb8fbd
57e75fbd
944182bd
b0e0f0bd
d25116bd
a3249abd
e31cc6bd
57aa7bd
9f24cabd
60ab17bd
377d4cbd
57b894bd
349a5abd
b938cebd
adaad6bd
fa21b7bd
c00099bd
210de3bd
175f65bd
712077ae090bd
424b8cbd
1a3d02bd
299d8abd
43c8cabd
b09a6bd
47dddfbd
2900d8bd
e92484bd
3391e8bd
dc76ecbd
c2c397bd
4c1936bd
725e15bd
baceeebd
1d580bd
fd376abd
c2dcb7bd
de2af9bd
c7301cbd
3e89bd
61a189bd
f6f665bd
bd3ef1bd
e283efbd
ac2ba2bd
29bc1dbd
e924bfbd
490077aa26bd
cdf9c3bd
ee7435bd
b2909ebd
8cccfcbd
b37330bd
9c0f9bbd
403f0abd
92727dbd
e12518bd
14dafabd
d47504bd
31a686bd
8885bfbd
e7d65fbd
144e8abd
679f687d8f0dbd
699e8bbd
67a721bd
aa7f70bd
a9a6cdbd
e131a2bd
6be69b33
4233ad33
6b021333
10000ff7d14c533
9f20f233
4e31bf33
4be39633
e1c87233
f5ec5033
9f07cd33
b52c933
2cffb633
c76daf33
91a7f333
52043833
c0693433
f452b433
55af7533
68a46533
a8451a33
2adb2a33
267c9b33
5c8a9b33
20c7d133
532ca533
9a735133
b361a633
8b8b0d33
d0f8fe33
aa73933
d2cf5e33
42492f33
f5ed1b33
275adf33
b3364e33
6a84c933
16a30433
a544133
4c1c433
139b7c33
f79b1e33
aee0c733
c40ccc33
fca65833
8b5f2933
da78b133
a67bed33
304ca933
a46ee433
c181033
89c86233
15f7799c
2e20549c
dcb9ac9c
9e27c69c
676f829c
a60c8f9c
cb63479c
f697099c
3f8dd39c
8483719c
2bd4559c
992dc89c
811e39c
732f039c
d595d79c
32b4b49c
6ef53c9c
b50c009c
a081429c
70076d2ec9c
b426f59c
b520029c
d390fb9c
863e879c
b609a19c
2d0078a3d49c
e998149c
9c4b209c
6bba9c9c
681adf9c
2c08db9c
1adb1a9c
60f34f9c
2fa229c
e601fd9c
40d7509c
c178739c
1c80709c
58ad9c9c
6584cc9c
73065e9c
6e5fff9c
12a4f39c
5779929c
e698149c
a5bf049c
2216e49c
ae12469c
d35e829c
b1d7009c
f08e3b9c
da88259c
e6cf859c
ec17009c
8e2c659c
70d4479c
8b15699c
1160bc9c
4081a9c
a55cea9c
2bdc9c9c
831239c
48ed299c
ae32509c
ad94eb9c
8f996c9c
dc5429c
4e5057bf4ad9c
a6ace89c
deb3fc9c
25ec349c
2ed7c99c
6ae7279c
e044bc9c
d77e3b9c
ba5ed49c
822de29c
ad8f669c
345f269c
95b34b9c
fab6fb7fe38d9c
5565ad9c
8ec3b39c
b114299c
8611259c
bb0fab9c
eed7ec9c
1e7b4e9c
e7266a9c
6128a79c
7091349c
1c007832599c
3991be9c
ecceb79c
c255199c
a479bc9c
b94b509c
e85979c
10454c9c
1232579c
9d64909c
69e07f9c
8409d79c
d38fdc9c
8ae8669c
a5f1ba9c
db273b9c
140077d65a9c
c069609c
31ca5c9c
86d9769c
a222b89c
d6e26d9c
df46eb9c
633d559c
fffa319c
def9cd9c
9f6f629c
ed84ad9c
e297439c
ed88589c
55b9f79c
48073f9c
4c64959c
98b1579c
b293369c
80c7a49c
1f276d9c
fdeb129c
d05c59c
94b5d9c
100757ba29c
4cf4769c
187d3d9c
c2cd779c
ea03649c
6309f59c
df0ef49c
2d6d109c
54c6709c
f1af499c
51f8c79c
ac81539c
6a59049c
8e9ba79c
b0f6109c
91115c9c
d501e19c
98e14f9c
5708959c
ab0d139c
e4850e9c
2b35779c
605c9e9c
daf6719c
9730bb9c
977f490b
42a0f00b
8777480b
10000ff6e1ebb0b
fcc2ec0b
168cdc0b
2faf110b
fb98b60b
dfa8110b
88054d0b
1c7c4d0b
716b9b8e
e22c928e
aa89e98e
1069fa8e
11facd8e
2edc808e
26081b8e
8bc64e8e
da01ac8e
6894958e
c7a908e
ec6f0e8e
f75cec8e
e4541d8e
8a6b4c8e
6a3ef78e
ac0bbe8e
9318788e
5d4ff38e
63bf647dcaec8e
1923c68e
1788318e
b8bf168e
c86cca8e
ebe4688e
a360e38e
da06b28e
feb8568e
9093688e
d01d0d8e
c316a38e
bb5cf98e
c7031a8e
1636778e
5b70cf8e
5409288e
bb5628e
8c95d18e
5fecbc8e
69d2888e
f0a89c8e
d01d28e
e91ff28e
a23ed8e
df7b88e
a6f5c58e
389e128e
efe68f8e
dab1a8e
4e11b28e
6d7ae78e
e5b5288e
2d3c8b8e
c7a4908e
4a5de98e
833fe98e
954b108e
d2e3a98e
d617408e
5bc8628e
d0518b8e
2f94307d0d548e
c3ad18e
63122d8e
5b358e8e
c7d4268e
459ab08e
8aae058e
f0edcb8e
a49b648e
c707eb8e
291fed8e
1480e38e
112bf28e
51667f8e
2ba5368e
aeb51a8e
66965f8e
55f0448e
e99d798e
3155898e
d0582c8e
29ead58e
10e9f18e
8185778e
52ae028e
30957c8e
6887918e
c791898e
4b16778e
42d7008e
6ca76d7de1478e
bc47ee8e
2ef3b38e
3c72328e
f9e90c8e
d452218e
6c19588e
8216fa8e
e890258e
2f7b388e
a522628e
8abee58e
9586c48e
a2c6558e
8d41398e
8cac898e
14289d8e
ffb018e
c06c978e
9b8b1b8e
f8bdc18e
1092428e
bd49538e
f6912d8e
72cd038e
70a8978e
21c1db8e
f5905d8e
81845d8e
72a6c18e
16d4d8e
c730628e
9af488e
6811828e
f16d158e
9dcfc8e
666a988e
582b7e8e
a644b38e
8b12ab8e
26d0ea8e
5007551768e
53baab8e
53073d8e
d934708e
3c0af68e
b7f8a78e
8794468e
c956e38e
a6af698e
65705b8e
8197c841
a9dbc641
53c65d41
32a30541
da2bf541
f21e9841
cfb241
8213ce41
e6195841
72a4f841
2b911541
b0d07141
45dfea41
f4c0fe41
32806641
c6438c41
610c5641
6a800441
ab997b41
3c0e2241
6670aa41
39c33a7dd5b941
af97a241
13e3e341
646ec041
a0e4c641
6bf06d41
96bbc741
abaabb41
11232141
4a478e41
26db4041
4a2b5c41
10074854041
6be88541
6aec4141
50b19741
a00a7741
9e7141
c18a6641
f5fc6f41
c6206041
72c34441
e04ac41
8891041
af001241
dbf6b641
4baddc41
52c57f41
eef99741
c6b6f141
b28f0841
b7d56b41
d9c3b141
db53e741
c5c2c67f0fee41
7a00790a6141
ebcfa041
f32dd041
a80d5341
f38ac041
289f2c41
9a1f7141
69e8b241
bb01d41
86546636
da357536
b7b3c936
f5a01f36
28979136
e442a36
30922636
a2a5e336
ef83d36
a2cd1936
10285236
d313f036
c4757736
65dfbe36
d2213936
84016e70b336
8034e136
a8338f36
7b006e5d7c36
be682636
9a8e1c36
bd5c9736
f428f536
4a624136
30203736
93092536
9dba1b36
4ef15736
fd5ffd74a19436
51745436
96037036
b3329c36
c692f836
b1592536
2c0d836
51fc7936
31b64d36
1b5c2f36
cde6d236
b3f82936
b72fb836
21e24f36
7f62e36
f0711836
82ece536
a266db36
4903f736
12e016f444f36
1ee91436
75006e4f4a36
deaa3136
bee8f736
8dd3cf36
f0362a36
c5aaf0bb
bdf7ffbb
686b687f4c6fbb
b080a1bb
ddac75bb
ec750bbb
e05141bb
d60ba8bb
aab68bbb
5cbb91bb
f0dd3cbb
6382dbb
45f26abb
88e3edbb
551ac7bb
e4155bb
fe7143bb
f349c2bb
79b3fbb
97244cbb
505251bb
fa5b4ebb
6c0d5cbb
4c4863bb
8f8213bb
b550ebbb
83a4bebb
1500782cabbb
cf0348bb
4fc71fbb
2f7a97bb
aaa6e7bb
c630a5bb
39f92fbb
223081bb
b8ff40bb
42c435bb
8d9397bb
36494cbb
b1704bbb
1d5bb3bb
f352f5bb
a33fb9bb
3d71e0bb
c8e2eebb
bdefa6bb
f63f93bb
99b692bb
90270fbb
cc00c8bb
caa96bbb
ac9b4bbb
92e0abb
e2fa13bb
3428f3bb
541f82bb
41d943bb
f88bffbb
6b0223bb
ac5a50bb
afc92fbb
ac2f6abb
38c472bb
a5ebf4bb
171fa5bb
433ed1bb
11f3f8bb
116d96bb
fe741cbb
abcaa8bb
362d42bb
23a5ecbb
712ccbbb
1c59b9bb
36b81fbb
c4df9abb
a53c14bb
97a4ebb
11d6eabb
18f645bb
677c92bb
f7ad73bb
ab1691bb
e436fabb
a689d0bb
727f1bbb
c55476bb
227561bb
e54d4ebb
14b4fdbb
849204bb
59145dbb
7029e6bb
69c3edbb
45b4f4bb
2ded9dbb
19d62fbb
d295c0bb
af4a16bb
bcac9bbb
aa03a5bb
c498bb
5cab57bb
581485bb
c1f3d4bb
a4fefebb
aaa431bb
3dc345bb
700771332bb
981e8dbb
370242bb
e53d79bb
a1d91bbb
b8d250bb
2d0078e9c6bb
d3da7ebb
acb382bb
505057c4333bb
96af79bb
9245ecbb
9a0330bb
9a063abb
c99750bb
fb4e54bb
abffccbb
f7f301bb
5c262bbb
fce209bb
d266f7bb
5bb333bb
62c1d3bb
e23898bb
d40632bb
86381abb
722028bb
983c58bb
e3d339bb
397776bb
93dc5abb
d6407dbb
67bc687f4ab4bb
181663bb
cd93fbb
e9d780bb
691c8bb
2abb58bb
acd70dbb
17e9ebb
222210bb
848bdcbb
de426abb
8e6710bb
8dfa42bb
d2a55ebb
d03826bb
56f90fbb
364617bb
d0e635bb
8592c6bb
cc26d8bb
eb7d58bb
fa9ad1bb
ab0cebb
ebdf5ebb
462e96bb
6bee81bb
c81b6dbb
155c5cbb
d400f9bb
913595bb
370a9bb
644be5bb
26bafebb
d43668bb
9574fdbb
8b7ebbb
c5853bb
19a430bb
3f2047c0683bb
bc9f91bb
88ce88bb
ebf8f0bb
744077ca30dbb
5777e9bb
1f541f7e190bbb
3d00b3bb
39b0e8bb
6e21856a
8c7e3a6a
16d7177d69d26a
1d0ed16a
6c56a76a
d6cb6f6a
4ec1966a
af1aec6a
3285446a
92b8f66a
bf17586a
ecbc286a
ac13d56a
97af616a
44f6f16a
8533b96a
fc637b6a
85ce406a
811f5c6a
55da946a
5afb766a
35bec96a
97ca926a
1093206a
2b3e1d6a
31afd36a
d375c86a
35bc367e45616a
4007648146a
419b716a
c1fdeb6a
2c1b536a
5ba6476a
8ada126a
50de056a
a5df976a
de1e556a
b14d5d6a
8396546a
999a016a
87715f6a
baa78b6a
c5124e6a
c7f58e6a
e373556a
1fdf16a
13eef6a
20075bd3a6a
604b6c6a
23dfbd6a
3f6e4c6a
1f03c26a
6693ae6a
2e52626a
2d987c6a
a06fd36a
2bcd996a
4e50e26a
2c007889a46a
b338b37f78f06a
410ce16a
2f1f036a
11d6266a
c51b956a
543b196a
63855c6a
f3c5b86a
30075cbda6a
6bc7de6a
ecd8f56a
e949496a
9e9e2a6a
8d4f6a6a
fde3c56a
99eaa16a
211ee76a
4602c26a
b09f2b6a
23c06b6a
a309d56a
6a0ad66a
87e3b06a
b2c2c46a
d8feb16a
26055b6a
950b436a
3661546a
3e920d6a
3676a6a
b233be6a
6a8c856a
243a096a
b129476a
a43e226a
737d9d6a
afef916a
e1558c6a
3079896a
9627126a
231ef56a
b8d95c6a
5ded5c6a
dff5356a
e536776a
95cb56a
8e896a
42bdc71f
e292d21f
d5910c1f
a0c8f91f
fe68c51f
b8ff3e1f
d92ab91f
d993c51f
cc94751f
e83ec41f
f7d1bd1f
d53dce1f
2ed7561f
b8034c1f
d8c6a51f
1de3611f
9dc12e1f
dbfbc51f
9aa16d1f
3f0e481f
e1ed8f1f
ee04db1f
ef8ce51f
10000ff7e3b0f1f
4fe6631f
9cf7201f
2891621f
a6c39a1f
91c221f
1f88361f
ce585d1f
2c006d6c6a29
1bbe6a29
eac3e329
8fd5cd29
cbadf629
83c27429
1f4f6e29
55248f29
477a9529
281ab029
fae09e29
e982f529
517e4c29
b5ebc229
69913929
804bbd29
ad19b529
cb561729
ecc3c29
ffd3ff74b96329
10069fa8429
aa952c29
e0fa5329
6151cd29
f0328729
d15a3629
db2f9e29
608e8229
cfe8f529
b5fa5b29
6901dd29
a0bbff29
12924d29
d20cd029
c5597c29
bde88729
62c72d29
f1919329
ef22d829
2a145c29
1d003a29
e530ff9b
af3c2b9b
e118829b
13a8147a17029b
ac77b79b
4192e09b
696ed39b
9b53c99b
b174ef9b
6ceb379b
8011619b
4abaa59b
48078a9b
ee8c1c9b
b0073f7b39b
dd47279b
892f329b
b418049b
f9869b9b
43bdb59b
5102ea9b
1b76e49b
83fa269b
ba2ad59b
701a169b
1bad159b
41413d9b
529b409b
da6be59b
708fa69b
1a2e069b
8b141e9b
bd0859b
4cc1ab9b
22b6cb9b
5a80219b
49382a9b
c43b7e9b
5c31d99b
cf402c9b
58c16c9b
a440089b
ecf2549b
529c649b
10071807c9b
3112889b
2df5009b
e1a7cc9b
d4b28e9b
959d809b
1054269b
6ab1629b
ab42c19b
f3c7e59b
5097389b
cdf7cd9b
d684929b
8e71ea9b
f178749b
357f8c9b
9a10cc9b
2556279b
566da79b
5223089b
38cd349b
627c039b
ff7e5b9b
4d01f79b
c309689b
a0d9049b
2c5d649b
f686619b
cf63c09b
fc34719b
e6ac3a9b
59baf09b
8b70279b
a75ac09b
d214af9b
e4a4769b
1a24a29b
2779339b
e21b4c9b
2f07309b
d8a9999b
fa4b9f9b
80b8df9b
4f764f7b7ca89b
6ee81b9b
8e5b0e9b
9091f79b
1ae7fe9b
15f12b9b
fa5d5f9b
98c5499b
124c299b
986c039b
cb822c9b
6df5119b
29f559b
92a9e89b
b3a6399b
6de1589b
311e719b
ff469a9b
85badb9b
d6ef9b
803fb9b
2f4bfd9b
d6fda39b
4cb6929b
39303c9b
a489d79b
cc0fee9b
8259fb9b
1223ff9b
c9ae879b
1a287d9b
6c00aa9b
3abed99b
4e4acd9b
a558939b
10fec99b
2b1f989b
e80e659b
530075fd189b
3f0fab9b
99f0a795ffa9b
e89a629b
dd1ede9b
6220c39b
a985169b
b2adcb9b
eed22c9b
2d07759b
c5cd0b9b
1266639b
f6d4a79b
aa81de9b
a705f99b
f504179b
d066839b
700737dba9b
d49b3b9b
f03e9f9b
8e10e9b
100718f629b
b8a6da9b
cc481f9b
2f555d9b
510075f7c99b
928c937c18989b
9baaa79b
62e8049b
873ba09b
faf8cc91
22007852d691
50076892091
d06bbd91
83e5ec91
9620b091
a187cc91
8b3f8791
d8fb8591
de1f9891
2002b891
17f10591
b061fd91
e6a96a91
88aa6991
4c5a1d91
49f7d191
cde6e091
ce19291
a007723cb91
a2c76791
187be291
f1895791
3488c991
66085291
34a8b591
9edf9191
462f467e933591
842cb591
12946991
1437d891
ff6f8391
d427b791
30cc5691
4aa7a391
60217191
62e19f91
d3b7e291
62b4bd91
c242c291
8b0179b75091
88575e91
da45fe91
f2090691
caa54791
43c83991
e7669a91
48d1591
b7e67491
74244c91
c9d35991
b89b1591
962c7191
6a565191
18e18f91
19977c91
5e4c0c91
c8237d91
189c4e91
610ee91
6c686191
14635e91
3f2991
2bc4991
ee088391
34d20791
ca5bf91
ed02291
9da0a7c9c9891
c080be91
bbf8dd91
abb5ac7f78bd91
4b56c91
af305291
655f9c91
3b547791
2962bd91
9ffc3b91
54294491
9fa19991
3c936191
28d96c91
bb502191
95739091
b26fbf91
690bd191
52f1a891
2418ae91
d7aef491
d2ae4491
a00a0d91
e4247e91
4fd28691
91f47491
b77b9b91
22d26691
c4852191
ea9fad91
d6ee8d91
f849b91
33275c91
8f7f8c91
fd8fee91
9f5cea91
af1cb091
397b3d91
ca4e5891
5b61ca91
95af0a91
c70ee891
e7812e91
fa66c591
3617b891
279f5d91
10075107b91
90ba8f91
99986291
10d86391
2739d491
be121391
91d42291
45a76791
103be591
13750c91
67145891
1d120891
b0bb6b91
ef259a91
6f0a8e91
6d6d2b91
d3410691
cf665391
53c8da91
e0beb91
43c9ae91
46334a91
14681d91
385047b95f991
6ef0f91
d0660591
bd57a591
c2f38291
1ed6c191
52f56d91
e9bef891
f1055f54
3e0ada54
a4465f54
fc43f854
9a26bb54
4caf4d7e377c54
a0e40b54
ed282b54
5359d954
e0581c54
ff443054
d1d22a54
989b3354
6f896c54
f54ff654
91170054
50988154
236f3e54
65c3d954
ae3f1d54
82ee154
23e80054
c7284c54
c68e554
30395954
41691e54
1ddd1554
83e43754
fc0ab254
98194054
9b23fc54
d3f5dd54
fbb03654
14d2157ce95a54
4d648d54
21569d54
190cdc54
e0862c54
f90dd154
d3cf6f54
6b746b7e8dd554
9eed8e54
b30cca54
1e755754
2df4fd54
88617a54
1da45854
3fbcec54
cd7bc354
1b2b1b54
4c2e8854
1f65ac54
8297bd54
c5969154
330b337dcef354
b02eac54
a7013e54
36d49154
5b8f054
882d8d54
e2dcb954
b421d454
84eac854
256e4354
c51c8554
586c4b54
13e50854
9fff3f54
3e0c3b54
d07b4854
ea761154
d8757a54
8b12b254
3771d854
4721f654
99a07854
ddb79b54
420c54
e131d054
53dbbf54
d641dd54
6f50d154
6de41d54
21736654
8cf2c53c
212a893c
cab4813c
14c8bc3c
2467443c
1ea1c23c
6eeffc3c
e0b6cf3c
3042aa3c
cfc2ef3c
246dc23c
f58043c
1431147c23ce3c
55d2d23c
dc44843c
cbd90c3c
a019a43c
6959233c
2ef0223c
665d743c
6ca27b3c
6647ea3c
882b2e3c
eba23c3c
4b08b3c
a93da93c
d3c7dd3c
86c80d3c
40c7e53c
f9d19f3c
67f2313c
693dcf3c
f7c5b3c
c87bad3c
8b900d3c
8c6d2c3c
d9347e3c
f1971d3c
584c13c
af53073c
ebd0ec7e98c23c
250af23c
dfeea73c
f979c83c
21f163c
6b86853c
11519d3c
c350e63c
b7c47b3c
c3d3a63c
26df983c
46f2903c
b131113c
910e583c
3e2e13c
45ccc53c
8d33333c
4cf4383c
c3f3563c
f9c74a3c
2ced9051
62cfb551
e710851
95546751
56bb6a51
e31c6d51
30072731d51
4967ca51
a4fc4051
8faee951
171b6a51
3f0075520b51
4fc09851
cdcbe251
81a94a51
f03d8b51
cada8e51
9cc34f51
b43b2051
1d3cda51
1fd8cc51
a1224851
34ac1c51
a1623651
2eab0751
620c2c51
5855c751
8001dc51
3e0bdb51
1144d851
4ad43951
2c0c7451
4edb351
38052f51
28615151
40ba3551
cc2ddb51
eb850c51
9c72ec51
cab5a451
493b3351
87ad4751
486bb551
82f7d951
ce7aa451
a77deb51
701cb651
c26fc051
591c0d51
a291f751
f7dc651
66a7e551
9ae58051
fbdf9951
306e6951
fda9d351
58d4151
e5de0251
88781e51
c3738c51
2be9e451
6cc1aa51
9e14b51
4f79c351
95bd2051
fe82ff7c424c51
49527b51
193aa951
dc919951
13c0176ef6951
b2e70a51
e4677d51
aa448951
9c1b1451
4bd9eb51
62f8a351
5ab0851
404c6b51
31c1951
b0549a51
ad2cdf51
6be78410
d44c1410
2ce75c10
96e72410
4b641d10
fb9a5f10
cae5cb7db9ec10
1b00762b4610
d4b86510
34ff357c62c610
5bc10010
e49ac10
33326e10
f2b9e210
99cb2510
d038c10
80074035357
4dd83157
f1a5f757
8d308757
414d6957
fc9f9157
e524ec57
83f0057
e7bdac57
12863257
f1ad7057
ddfb8057
97f75f57
e50d1957
a715857
e5a18857
65c44057
87347957
6fa07796d5457
1a000e57
c6c1d057
6d441857
3c7da757
63315f57
32b30d57
a6317957
db33a957
8e41057
57380c57
f8dcc557
ab9e5e57
e0775757
f84dfc57
60117557
be24a357
40c03857
f3d5bc57
64820857
bc5d3957
c5bb057
f1828f57
918f7f57
cd9e2257
1300177a9f957
a84a1f57
fea51057
672c6157
bcaebf57
18059557
13b22d57
f718f77cfefe57
43cc5e57
d15b4b57
67f9e457
f0803557
c857a857
599c1e57
ce57be57
a29a2d57
32c9b157
466b5257
4e7f5a57
6a084157
f7ec6457
9f193e57
37aa7c57
9c347a57
e8e49f57
c2b51e57
61d57b57
2c03ee57
ec743d57
656f7757
b50177244357
babbde57
6ee27057
475b5e57
ecf88c57
e88e7757
1afaa657
f9d88657
fcb4bd57
674a6857
c8d09c57
209d4857
71617657
57915257
23faf36a
d0be136a
519986a
6772666a
a44e0d6a
a0a7dc6a
2b7dc86a
99a25d6a
56936c6a
837d346a
4e9d136a
c6bdc77dc18f6a
8af6eb6a
1a93e46a
7a7596a
e827eb6a
fec4fa6a
dc673b6a
dddfac6a
f597016a
3fc6346a
59a3476a
5b27e16a
d8b5746a
811b5c6a
dd27616a
e67c956a
6727976a
4e92546a
6a95846a
38b9936a
56007761086a
ec371f6a
cc088e6a
4421c06a
3b1af06a
130bdc6a
ede3c76a
5df0e6a
5a1fa96a
d4ad226a
feb80d6a
2c393a6a
f533536a
4481256a
4bbb216a
c0f5326a
f669e26a
473c8a6a
fa11ac6a
aab7036a
11478d6a
9d14aa6a
64ef006a
1d8e626a
f9723f6a
729216a
f95fe76a
ab98d16a
156f366a
ab7a886a
5e069e6a
6a80d46a
fa40736a
1cefbd6a
38e8397c82466a
9f9cc56a
3553306a
29d60b6a
64f1576a
a06aea6a
86432e6a
d45bbf6a
2bdcf36a
a702a56a
f86e7b6a
d4c4106a
7b4c16a
200739f046a
5639026a
6d6e3f6a
4007468146a
85cfc16a
102ca86a
505c66a
81bb2d6a
e469da6a
3fd6876a
393f6f6a
ba37436a
a91f5b6a
9d03056a
4fc20a6a
2952006a
bc559f6a
dbcec06a
4d235d6a
fdb47e6a
dcb2436a
2bb57f6a
718f0d6a
653f5d6a
b763e86a
8037c36a
d455dd6a
94d3156a
b38d473d
eafe853d
4b60423d
81ee703d
b325073d
2007038be3d
c2017490133d
3a94553d
42d3123d
20685f3d
1bf4c63d
1800727ead3d
e997693d
224d723d
d518893d
b602293d
665f667977b83d
43af5c3d
de61653d
1caf1e3d
422ffe3d
1d9c503d
c873b63d
a633d
e76ff43d
3ee6473d
1b37693d
476bbe3d
1236ea3d
1307b03d
b0071b7fc3d
f514c43d
1742e3d
9093da3d
1006fca343d
bd08a13d
4e5c6a3d
d7d553d
c1bee43d
fb50ed3d
37e9973d
a73f1d3d
88b1323d
4a039a3d
f9f08d3d
98b99979ddc73d
a7e5963d
9246e83d
d23dc93d
833e3d3d
8bffc33d
fcfe2a3d
d610f73d
2030b63d
82e3e53d
fa2f683d
b128e43d
ddce013d
f301b63d
5ae593d
11dd283d
aa006ac5
793aec5
315852c5
4c3654c5
518cebc5
868b80c5
c5593fc5
b6c0bbc5
a20819c5
231670c5
37e2e9c5
35fc22c5
e63d38c5
ac0589c5
b3896fc5
b2dde5c5
ae18c5
d439a3c5
84bd1fc5
db1934c5
90ed57c5
9e3536c5
229e28c5
e55bbbc5
e7715cc5
828042c5
4207abc5
3e5fa9c5
b601b5c5
c45f1dc5
c92753c5
c2628fc5
e95332c5
ca871bc5
fa4cacc5
a2f923c5
d38a3bc5
5a87ccc5
dda6cbc5
8b9a4dc5
5fda51c5
f35c6fc5
d65fafc5
581c8cc5
1cae90c5
412e8ec5
8adae0c5
d93610c5
f875adc5
5337e0c5
df4a10c5
54a057c8f0ec5
5b7769c5
c60997c5
90193c5
ffff3ac5
f00780679c5
18187ec5
ce03bfc5
3c9e0dc5
496c33c5
c2ac16c5
d10723c5
c4f29dc5
4296a7c5
e759c1c5
b033cfc5
98849cc5
6d1bc1c5
dda1cfc5
2e329ec5
697881c5
c86d1bc5
65a2fdc5
6007739fec5
6c30b9c5
9f3737c5
5d0238c5
da46d6c5
e67b30c5
cbb26cc5
bc1992c5
acfce2c5
92c454c5
98b2fc5
cd5a5ec5
22ece2c5
ca94fdc5
c86bebc5
e88b95c5
475bcbc5
9a8d7ac5
2007612c3c5
b74d36c5
f48087c5
759077ce238c5
44f3f3c5
56f1b8c5
681b89c5
6d9e1bc5
5480ebc5
f05c05c5
531705c5
2ef6ffc5
f8c68ac5
e8a58fc5
2d9958c5
245a09c5
62ad76c5
c5b384c5
5bb901c5
3857bec5
cde85ac5
a2013fc5
9d9627c5
b4d36ac5
bb8a1ec5
e012a4c5
a57a94c5
d53f05c5
32eb07c5
56d5a2c5
68e3ebc5
24432fc5
53ab05c5
2b3d24c5
400af6c5
6f9180c5
3bf456c5
c0bbf7c5
e893e3c5
bb6abac5
29d509c5
aebd23c5
b17d94c5
48329ec5
acfdb9c5
c6f999c5
a3cdf3c5
872426c5
252e2bc5
c5301ec5
a40183c5
a920d1c5
c4491ac5
21b7a7c5
1400785eb4c5
aece42c5
eef3eac5
3215edc5
3381c1c5
59b5cec5
999b64c5
851a20c5
1b17d6c5
e2b74cc5
acc514c5
bcf9a7c5
d9415dc5
e8d29cc5
f5a7fc5
b84a9fc5
82670cc5
ab0458c5
c37feec5
ed925dc5
5591b3c5
d1ce4c5
9cde52c5
8c4127c5
1b2036c5
249219c5
abfa15c5
be840dc5
89f32ac5
583c587f5f8fc5
d5e256c5
9af59b7feedbc5
4fbf08c5
3d3dcdc5
c60199c5
856541c5
5271d4c5
8beff2c5
eb8987c5
30685bc5
3eaf5c5
12b073c5
508ffac5
81242fc5
5ebb6dc5
ba606ec5
be5eac5
18a9b3c5
2f600dc5
2d6d3bc5
a9d8edc5
6672dd61
415cf961
ea372b61
d96c8661
d840e761
47fe8c61
f8ab8061
e9852361
bf960861
fdb31561
b52b6e61
287f2879b97a61
1df2861
c9358461
55c95661
276f8f61
88ea3961
54905961
f49f3961
b510a461
db6b5961
2b902961
1c3f4361
eb25b061
a98fc761
11538361
eaee0b61
e4929461
9e3e9561
64352d61
be9fbd61
4fff0961
9334ee61
6ee31661
f53ac761
b8489061
4fab7761
6345d561
3ffafd61
9799e761
3cb9e661
dc210c61
dea35161
affab07b320961
863d4661
92049661
6e38ad61
138ad761
a8d61361
d02d861
a9bc8e61
5ebc7061
93ac2a61
27085a61
f4283a61
9202ca61
1c289361
c4db8461
27872879b33961
9794c61
89386761
de56f061
15420361
2638d261
823a7f61
40f2ca61
38471961
8e5bac61
e06c3b61
9527ae61
510f7661
3bb0961
b5a97261
d2e3c261
b3f59b61
3d31fe61
207c0961
2bfb0f61
17081a61
36ba0f61
2298a561
49cdd161
1b96f961
eb403b61
3282e461
9fe98361
f8bfce61
2ad0c461
43c56b61
d39e661
a558261
31512961
28ab1861
aa68ff61
a0ca2b61
6ed7c361
7335461
2079baad
4c96b7ad
1adf00ad
b75943ad
c765b3ad
bae37cad
e96a16ad
abf99aad
ed554ad
9ad6f2ad
658e65ad
e1974fad
f7a3f87e136ead
365245ad
6f2676ad
72b050ad
746077a8bf5ad
1a1cf4ad
5b6a5bad
15cd30ad
f4ae3fad
f08f9fad
a5e866ad
687943ad
708a40ad
db35abad
5bf3edad
2019cdad
a94a6ad
64c976ad
381c8fad
536ae8ad
a2d7dcad
f0075b9acad
cfb8c3ad
ea3878ad
3b5310ad
a50854ad
a441bead
900753197ad
33887aad
252b1ead
6e4b1ad
e086bbad
c28d25ad
a3a93aad
c30b87ad
88b6c2ad
be8941ad
a56dcad
dc3dbead
9cd27fad
be9f3dad
33c627ad
63a9f6ad
562208ad
d0227fad
a7c005ad
d750cfad
704f4dad
d90128ad
f90178898ead
8e54b1ad
e44906ad
541e9dad
2b433dad
d19a64ad
29d8cdad
239330ad
9c9434ad
3b36b8ad
5f511fad
e9f1b1ad
3fafd0ad
b80d26ad
50c5e1ad
ee7efcad
c3c237ad
c4ec77ad
d29571ad
88fa18ad
8525d7ad
638edbad
82bd81ad
e56d95ad
fa2f85ad
f1ee1ad
44d4f8ad
58a60aad
d65ff8ad
674601ad
d2debaad
6dc508ad
d06e79ad
9b5bafad
99c841ad
bdbfbaad
bbfc7ead
fc8310ad
f87bcdad
c50113ad
99df31ad
bec2c5ad
bf84b8ad
5a8712ad
a8b97ead
c23e0bad
7066c0ad
23beacad
8ca52aad
a7e636ad
10ad4ad
d8e4efad
c1ef61ad
c6cc6aad
d70e98ad
444530ad
f63436ad
ddbefead
34cba8ad
d556aead
ede443ad
dc38b3ad
51f8bead
cf6b68ad
3af436ad
12538bad
cd3f33ad
67d963ad
5d0f3fad
d8b7fad
3ea11dad
9047b8ad
5cb35cad
fd16c2ad
b27d2ead
f4ebe6ad
45351fad
9bbe4ead
715eb2ad
990146ad
c2ac08ad
c10c97ad
37ab4bad
a2e59fad
96c235ad
3fb9ffad
c0c529ad
2452d7ad
e6a42aad
80d1b0ad
8f49e8ad
a6761dad
c13594ad
266113ad
bc82a7ad
9b2c26ad
51acfead
5c6afdad
5e7a8ead
e22a20ad
801ba4ad
97bde9ad
8cbaf3ad
32ff90ad
c24d0fad
d3514dad
215cf1ad
28400cad
4aed3ead
51450ead
a05cf5ad
800752b9cad
a1f5a27d4c235c
5c36bd5c
9f23285c
985e185c
8d0bd15c
180da15c
bf58d25c
cb6ae75c
1bcc835c
5e0a5e7cc1d35c
b74a35c
f923805c
6b013f5c
2441745c
654b585c
c456945c
2c56ff5c
9f416d5c
e040255c
e314b85c
8a10a65c
de20c65c
b653e15c
e05c455c
65d81c5c
55e64a5c
5903a45c
90ab765c
8bb13c5c
ae256b5c
8a05c35c
99c595c
e604ed5c
4467155c
df124e5c
5a6e1b5c
f36665c
d69b0b5c
5376ba5c
5f0cc25c
1009f55c
5f92395c
67bb335c
15905d5c
6e37bb5c
ad4adb5c
41fc045c
c491715c
b29e995c
eabfb85c
6270e15c
fd51dd5c
551ed55c
bc54175c
f282c65c
15d8345c
35c4685c
d8dc345c
417dbc5c
2850d95c
a959795c
e476ba5c
ef27fb5c
8598d65c
85bac65c
1dfe3e5c
100723a005c
9a34295c
1c19d85c
44d1645c
a3171d5c
348c905c
82a8ce5c
41b4025c
5002805c
f69ae85c
6a660a5c
86a2975c
9d60975c
32a3aa5c
6aa1805c
b640065c
65afad5c
57c7695c
c9d85f5c
a797ea5c
b0b5925c
a59ff95c
6189925c
2af04e5c
e7d7685c
329edd5c
10073ead1b7
284ae2b7
310875b7
2a79b2b7
f730e4b7
458411b7
55fa21b7
fdcd65b7
e6c8ffb7
7b588b7
892e68b7
cf4d59b7
56bb12b7
fe0c71b7
ec6353b7
c42cfbb7
aa142ab7
a63b28b7
649e2ab7
912546b7
23928cb7
821c75b7
3e953fb7
9feb1eb7
dab3c5b7
88b36cb7
444d8eb7
12eff0b7
53701ab7
1d8b33b7
698da9b7
f70bab7
4132a4b7
a4f8a1b7
d1e013b7
ca19b5b7
b23029b7
625e2fb7
d91d19b7
af8f54b7
817fe2b7
1a284fb7
164866b7
40f9ab7
3af7dab7
953e93b7
51568b7
93281db7
10073ce92b7
45e032b7
829214b7
ba6c72b7
e3e773b7
184adab7
4b3eceb7
c00763c98b7
4aee0ab7
a4a163b7
99631bb7
2122dfb7
6c58e4b7
245346b7
963c6eb7
100740fc1b7
723bc5b7
11b6127c22adb7
b835dbb7
129017968e1b7
b752b7b7
867ff4b7
333116b7
f879b9b7
1f84207cb667b7
52c62db7
619206b7
bc311db7
54f085b7
b2107b7
8a8aebb7
d01158b7
1abadab7
692726b7
34f23ab7
6a6b83b7
a0dca17e5812b7
d2bc56b7
e24793b7
cddf17b7
987608b7
effd7ab7
1edfb7b7
18275cb7
5805d6b7
712c02b7
6a6e0ab7
475eeab7
e01c15b7
c0c301b7
e76857b7
843e2db7
bd2fdbb7
19bc25b7
a59d99b7
e2f98eb7
195e2b7
c16501b7
ca844eb7
386967b7
d2cc65b7
a1dd50b7
8b076db7
b264d3b7
65ecbbb7
955bbab7
e6d89bb7
15487b7
5375f0b7
8d8a86b7
e615bcb7
4aebfab7
9580f4b7
9326f6b7
bf50d9b7
47ac78b7
c6f896b7
c6edeb7
15de39b7
8c898fb7
fc2560b7
2e221cb7
f52207b7
8d60f2b7
e8e790b7
966d2b7
84bf67b7
850fecb7
2b02c1b7
195bbb7
714040b7
3b6077b7
160dd6b7
aeeaa5b7
23a027a0fe9b7
e0a96ab7
ec2b05b7
bdd42b7
16aa7cb7
91c827b7
a25a67b7
8d21f4b7
bc0a2db7
638057b7
edb286b7
f938f5b7
cab4c1b7
5e700bb7
9c5c41b7
25f4267ce605b7
916268b7
6d655eb7
6ee24cb7
38e7bfb7
d683c3b7
b7c35b7
397567b7
db951cb7
c220e7b7
dc7d3db7
9a7809b7
485057ac526b7
a28f03b7
e40612b7
a08f96b7
a9739db7
7eb3b7
c68d35b7
1c1c11b7
b559c2b7
8f072bb7
6e5979b7
695d45b7
9f3d5b7
bad08bb7
1b263d9f
a863999f
8d3ceb9f
cba7249f
f6a7df9f
eb27939f
a431cc9f
b8893e9f
fd2dcc9f
5b613f9f
92b5159f
9dcf499f
1ded79f
209589f
a35dd09f
5f271f9f
ec292e9f
8890aa9f
67eaf39f
14beb19f
eb15709f
209b0d9f
20074fbec9f
3a60769f
6caff69f
fd25ab9f
d813689f
4d9d149f
67535b9f
88df3c9f
eeda429f
5035769f
c00e589f
8901792d3d9f
2d29889f
c218579f
bfc6699f
d294f39f
470649f
fea6da9f
dc932d9f
d3d3009f
f12db29f
56db479f
87d4979f
f09eb19f
1a604e9f
2d840f9f
d2e01c9f
aafd4f9f
a5e4b19f
468879f
b334b99f
930df09f
3a17749f
91044b9f
906f4f9f
54cf5e9f
26e0d99f
b750e79f
58e8759f
ecd6799f
6376f29f
b5bec89f
63754c9f
d69b9f9f
ba58939f
1885719f
b3b8fa9f
1d711d7d2e9a9f
571e59f
c9f3079f
2217df9f
58c5d79f
f4d3d69f
15d1f69f
8751d09f
69f3219f
453b429f
71b5e69f
d804459f
1a1d9f9f
96f4839f
f0e1309f
5c3b59f
c4a6799f
d39fd47f26ae9f
ba2c049f
de02699f
e661169f
922f879f
1c607b9f
6b0078ec469f
8871c19f
5f1af69f
df00e7c6efc9f
b91f8c9f
c36219f
33910f9f
eeee939f
6e54519f
16af1f9f
a872a69f
5641e39f
f074ff9f
9603919f
c0c2db9f
9b9c129f
e13a089f
489d1f9f
b01f799f
8b990c9f
c92a849f
2c76289f
12bbd79f
80124e9f
9e36a79f
8b5c789f
f9d7059f
3b7f519f
204ab59f
28fac29f
938d749f
180e369f
90a16a9f
835b929f
2311739f
337d669f
c529e89f
91eacd9f
ce14649f
5d20b9f
bde52a9f
96e8869f
8d8d269f
999a2e9f
f01b569f
8efbe59f
2e0a069f
4934089f
38bc419f
ec017d9f
43a4cb9f
b9831a9f
ffad7e9f
ffddce9f
3344809f
9576c89f
9492219f
bdd84a9f
1a47b89f
3ff3dc9f
8acc579f
a640ac9f
34f2db9f
1b0a349f
f965fb9f
5825dc9f
a00768dcf9f
f9da6c07
edefb907
ce6e1007
1363d707
10000ff2f58fa07
94258107
85d16707
2ea037674945c
cd25f75c
8861885c
d02ceb5c
9070fd5c
85056c5c
eba23d5c
85f895c
b3ef9f5c
414f635c
d061d85c
a054ad5c
fa884b5c
94f29f5c
4083b15c
4bac6c5c
a280f65c
9a65e25c
6e2e855c
ea42f75c
1d62235c
bcb3385c
13f9b05c
3d362b5c
5432625c
b054d35c
496e485c
ac8b725c
4d9cc75c
29ed4b5c
ec00af5c
390a155c
2052ca5c
dd2c835c
2e7bcf5c
f20df27ae01e5c
fa701e5c
3d4e0c5c
13ba345c
de8545c
905105c
5cfe2b5c
6184b45c
2290bd5c
8e7d735c
25db465c
aebaea5c
6803595c
f3c04d5c
5e31bc5c
29f7035c
69e4975c
8d99245c
855087782965c
8101975c
a317215c
2548925c
a6988c5c
97ca4b5c
b344ed5c
5c90e75c
a636635c
2fea475c
8654365c
5a33f55c
1a9b855c
b090b25c
30e6c75c
5c64ae5c
1610be5c
afce265c
2d54505c
a18ec85c
2be62b5c
ba9bfc5c
99715e5c
545a955c
1ffe785c
a507005c
fb8fea5c
bb5d265c
3110e65c
f43eff5c
1de81b5c
104d925c
17cfca5c
2b40376619a5c
bafaa65c
3af32e5c
2487345c
f445845c
5cad1e5c
9dc04da5
ded74ba5
930179e7cea5
55fe76a5
edac44a5
9e7dafa5
e61fcaa5
307c20a5
6501d2a5
18dca1a5
c2ffbfa5
1007539e9a5
920179e681a5
14ad57a5
d98364a5
c9d9b4a5
cb6ec8a5
10cefaa5
efb429a5
f3c449a5
27d5f5a5
ed83e9a5
ce9a6ea5
d0cbaca5
acfed1a5
4d8c60a5
b9454ca5
f5a81aa5
8add15a5
ce91c4a5
4b975aa5
ebf5c4a5
ccdccba5
ce75eda5
f84e9aa5
2125c4a5
2a8767a5
9fa9fca5
d7c1b8a5
b02dd6a5
1c6b62a5
56cb15a5
4c4ad2a5
e9a986a5
dc2f61a5
a37ba4a5
f9a5a7a5
a1ffaaa5
4a389ea5
6afcc0a5
bc972da5
5482aaa5
4f353ba5
38e9c1a5
e55c6fa5
100756166a5
aa1094a5
2e44c4a5
6066f3a5
d66629a5
e33761a5
a7dcbba5
6a3487a5
e80331a5
66cbeca5
9b963a5
ae0e10a5
a4ce7ea5
8641e9a5
ca5630a5
b1a6d2a5
dbdd2fa5
d5f243a5
bcdceba5
86de90a5
164d15a5
b08230a5
41ba8da5
26de6ca5
2f6c96a5
bddd07a5
6463cfa5
c2f1e6a5
8abb36a5
134f63a5
6ba342a5
4f3c04a5
f334e4a5
f588c5a5
dd37cda5
a5d3a7a5
877ba6a5
b0c636a5
f1c8d7a5
eaab59a5
5594e6a5
1140d1a5
1484aca5
1bf0f9a5
4a2c57a5
c0e2aca5
61744ca5
83a06ea5
425d31a5
4ee6fba5
e24e09a5
cc2399a5
6f9b8a5
fb7f60a5
f49e65a5
90fd35a5
8cb67a5
b7fe65a5
a4cbb3a5
571b1aa5
70e9a1a5
370846a5
3716a5a5
372720a5
86f5ca5
206dc3a5
c47d09a5
8aec70a5
164ad2a5
44e63fa5
f2cc7ba5
372753a5
694a00a5
95401a5
c158cba5
eb8c37a5
2f6015a5
14b42fa5
bc4918a5
6ef61ca5
274c66a5
d456ba5
d4feba5
b554baa5
b767e8a5
222a16a5
beabd8a5
3b0078fc4aa5
73da4ea5
201c1fa5
2c91f1a5
d88af0a5
94c4aba5
dae73da5
4a8c55a5
93f706a5
52dce9a5
877a80a5
f2e287a5
32d71da5
4c22e9a5
6e2a6fa5
498c78a5
13059ca5
456654a5
ae2b0ba5
fe9eff7ffe2da5
9d2da0a5
e7c82ca5
f33da5
f1d65517
ba2cc17
849e85601ce417
ed368a17
8be5ad17
f40b0917
bfce6d17
2afc2b5efcff17
a13a1a17
842a4a17
a86c6c17
ff28c317
a4ef017
28988717
99de2b17
e939a017
1f56717
c502c617
5065505f9d8817
f37a0317
ce885417
84127f17
20d4c217
fef9e2b8
4bd94ab8
194403b8
5674fbb8
5af477b8
a31d13b8
93a50eb8
4a45e2b8
ecac8eb8
3118b7b8
4dc6a0b8
2ad93fb8
ddaa0cb8
6987deb8
132c5ab8
91d9c4b8
c53c9db8
12dd50b8
4d68c6b8
5b79a7b8
26a68b8
e33684b8
827f18b8
d13a73b8
c163c0b8
e7f7ecb8
fb30d4b8
640177b8
cdf6adb8
b9f70db8
aa9575b8
33eccdb8
e6cae77f3192b8
e3f6d3b8
6378a4b8
fda0b1b8
f2bf4bb8
1cb946b8
81237db8
343fb4b8
426efdb8
5d264db8
e0c6fdb8
61959fb8
8b2497b8
2845fb8
60c4a8b8
e03314b8
4b2a7fb8
736c5bb8
52fdcdb8
4e2d3cb8
9b28ecb8
ce61c0b8
d9acebb8
3d9fa5b8
2d8106b8
628610b8
2c5af8b8
3f14a0b8
170017a1d10b8
1a8f7bb8
407c9bb8
ae01b9b8
31b7efb8
11aebfb8
a103eab8
20c0feb8
d8114ab8
32adc9b8
812603b8
bd193bb8
60dae9b8
d66ee5b8
a4ab28b8
4775bcb8
23d532b8
eb27ddb8
a77269b8
b1b7b6b8
3dc42fb8
a9ef3b8
519366b8
3a37f7b8
cb0dd6b8
48e673b8
1205a6b8
692406b8
b88916b8
658402b8
c6894b8
4656cb8
e2e9aeb8
c07f2db8
6f63fcb8
4e1383b8
f4dd20b8
cadc72b8
f59cbbb8
74a6eb8
e6a806b8
1bffebb8
1f662db8
531f88b8
3e017db8
f82dd8b8
704e98b8
27baf4b8
2b1014b8
91f311b8
8ac410b8
ebe08db8
37dd88b8
45e4c2b8
55ec4ab8
9739dfb8
caa14db8
596f6fb8
3780c1b8
befba1b8
38bdf8b8
2eb7fab8
c5e710b8
abd447b8
53a467b8
bbecacb8
1bf342b8
433509b8
20074d1dbb8
536096b8
56fcbbb8
5409beb8
968f1cb8
190748b8
3bb601b8
bb6d5db8
f92101b8
f0295b8
25061bb8
af4e2cb8
34506eb8
5400c3b8
dea4f7b8
6d9a63b8
2db4f6b8
443c95b8
69429eb8
1e2727b8
f7f7cab8
4007592e9b8
50d55db8
211a60b8
1f8f9ab8
67536b8
51410bb8
a57aeab8
1bd29cb8
142105b8
89d355b8
cc45c8b8
16b831b8
2114d3b8
98a833b8
61f9b3b8
17c1187ceaf8b8
1e4403b8
6b43d2b8
d8592cb8
827ac1b8
be4aa3b8
9ec5e9b8
57d6d8b8
b2b446b8
44d501b8
56fcceb8
ff9f08b8
d954fb8
a1b810b8
5c3414b8
84185db8
8ade8eb8
2e7a52b8
f625c8b8
652d5fb8
c6a06443
440f4e43
d131bd43
60fe4143
6a8dd943
83ad4643
8fff3543
4cc98643
97139043
55046143
6934e943
3b116443
6b7a4843
c1322343
6d008743
4e949143
a4c0ff43
14fd943
fe9ba943
d0b5a043
c435a643
8d489243
889f543
ede19043
61200e43
fbc51d43
61aac943
a546a743
1573e343
8994443
5a07f843
3ac0543
bb5b0c43
c3617b43
45a36c43
5e59bd43
5ca0d643
eb12b443
d5f66c43
a91b3543
f5b49743
a1571c43
6c841d43
6a038e43
9db6c143
ff91ff793e7643
4d37f143
550072992643
987d8843
bec08743
39e87043
d5657143
d3774f43
855a8143
da9a3a43
2926b743
f96cb643
4c87cd43
ef340e43
d858fd43
f6e35043
9a6cdc43
62d59f43
1a00716b2143
32b72643
893e6c43
3d85e43
35f5eb9d
8c8d569d
12a40d9d
ebf03c9d
80bac29d
ce7aff9d
455af29d
34daed9d
9f70419d
64d5c39d
2add739d
301209d
e30a529d
88183f9d
9d2f969d
ff777e9d
632c599d
f30a489d
9cd189d
68d7559d
1f61819d
cf4b479d
2c75889d
30e7519d
aa7d1d9d
adcdaf9d
f649329d
8709029d
4b36ac9d
634b2e9d
176017a9c139d
b182769d
6c5de19d
aa1aad9d
aa07859d
caa93d9d
5d46369d
608d7e9d
d9a3879d
3937b69d
5b35279d
f5b2979d
3ad1499d
b52f469d
c0cd059d
cadf999d
9b13f99d
f110529d
fafbd79d
56cf3e9d
10074ec539d
afdb29d
4c9d359d
e1df7d9d
d64b6f9d
e634ac9d
86ad9e9d
91eeba9d
cf22f39d
600768a4c9d
c06eed9d
58a0619d
341a9a9d
b07c299d
ba6dcb9d
a9c0309d
d81e289d
51b0f19d
8eb0d09d
90b2e19d
9f8809d
5a6b729d
e5b0919d
f0e59d
e0dae39d
93297f9d
c6ce199d
55c099d
3868719d
3f42e79d
ef29489d
1fc05e9d
564f889d
9df8969d
18e96d9d
bec6239d
ce39289d
404ec69d
4847d89d
faed409d
aa49649d
6d53409d
5713fd9d
2220f89d
df33a29d
3c20d9d
773279d
52846d9d
acceaa9d
62d9ae9d
d26d559d
cf72bf9d
130a3f9d
bab91f9d
4095369d
868659d
3be4539d
a6148c9d
584c5a9d
d5d3b99d
6cbebf9d
dcd1db9d
24ba919d
55229f9d
7336737efaba9d
bbe7599d
6fed8a9d
ac76f9d
ff64209d
24c3cc9d
c636b59d
5216ca9d
139d8a9d
57d7b9d
ed00ea9d
c17199d
1bb5729d
6c87369d
826d579d
816c7f9d
e625169d
a16c169d
4b66879d
a34e9a9d
260acc9d
700c707ef3669d
917e379d
9e799d
ea965b9d
1b421b7d895e9d
6513509d
864fc49d
a3669f9d
bffcc89d
2d6e999d
ca13429d
6867359d
935a789d
4227049d
ce67ff9d
86729d
f4f8ce9d
bcaf229d
1b373e9d
6b609d
573cc69d
d5036c9d
110fc516
c4143316
f19efe16
38e18016
ddc55616
8cf9a116
8648f016
bc68c216
b698816
be470a16
81b32d16
98a6c816
50bb216
c242816
ae398216
4006d65c116
d5a70816
fffcff770b1e16
5b018c16
89b5cb16
ae973716
8c1d1816
35f7719f
fe195c9f
9b2e29f
67cd039f
8b031a9f
d007610379f
cbc4329f
61843f9f
1a861b7c48289f
f32a4b9f
3e1eea9f
6569649f
34e0509f
11e2049f
6446429f
192c7f9f
e8e0cc9f
47e9ca9f
e7d0c89f
ba730e9f
923f1c9f
f39b609f
39b7979f
902a389f
48b9d39f
6a09809f
255c5d9f
15be419f
1b0d309f
69c1289f
aa054e9f
c70178c0ac9f
dcd74b9f
4c6e589f
cfb1119f
5431779f
19ed169f
295efa9f
f85c9e9f
cf39e49f
8fbaed9f
dc9179f
c02e419f
c265f99f
5b9dcf9f
845a649f
398b979f
5c878c9f
2c103e9f
3c05f29f
fa2ed59f
a942f99f
a04d289f
301769f
4e3fd09f
360619f
39161b9f
44624a9f
a094bf9f
83837e9f
21ec7c9f
9520759f
4242f89f
f515739f
3f9f369f
f117659f
b3a39b9f
b7833e9f
ad3ec9f
cb96c49f
aff2ea9f
a06a139f
efbb649f
a746b99f
3b0f929f
3706779f
a63019f
db98f9f
5f049f
d600ef9f
ebaf7b9f
530077e29a9f
200743d399f
6a9cfd9f
8727099f
fc4dfa9f
649e669f
a6085c9f
a994819f
8deb969f
1bca479f
5096be9f
956769f
151a299f
39afe9f
700757ec49f
fa2d209f
8469659f
f1b7289f
2a188a9f
e51d4a9f
efd2709f
a4ae149f
6be42f9f
e3f5d49f
4c803d9f
63be099f
8ace0c9f
f691f89f
491989f
b3c6119f
16eafb9f
5539bd9f
d4ea9b9f
4133229f
eca9489f
3b5df49f
2fdb109f
a0075c33d9f
9829fa9f
964e879f
14d84b9f
5791c69f
1a7a89f
8fd0269f
71007831b79f
c589589f
ce57ad9f
9828fe9f
a8b8269f
10d6839f
e958fa9f
2d5037a0baa9f
9e83d39f
9de7809f
10073ff169f
2c8e809f
90075b8639f
4ddff39f
ea28a79f
5cf8219f
1d119d9f
f5dfb69f
b0075f2589f
b28ee19f
cfe0019f
81a0b89f
4c7109f
df86e07e6a209f
a2393d9f
b1cf529f
2af8db9f
d574e49f
65ef6a9f
160af69f
27a9f49f
ebab6d9f
15f0179520f9f
d3a9759f
c4bf6f5a
11f1855a
cf47fd5a
b2b0045a
42e51c5a
b139785a
6198d25a
c320895a
e8ccd75a
279af55a
f799125a
171035a
1e52c15a
e5a1355a
5060445a
71b4235a
c828be5a
ae7eb5a
4ec27c5a
1988f95a
f8c0db5a
6523f15a
5576f5a
48339b5a
878f495a
f3c39c5a
1dadc45a
70075307e5a
bfd6225a
664e275a
2845075a
ff42f65a
b1ef595a
60a5a95a
16aad25a
11f8dd5a
27f1d95a
4c1acc5a
100733d805a
522d005a
8de3685a
f6ebe75a
631b1e5a
3a3a055a
bb94005a
65646e5a
6288dc5a
a94eaa5a
274e865a
ed5185a
ba564b5a
15e95f5a
252f225a
8242ef5a
ffd1ff7e4f435a
fab3175a
aab1515a
137e635a
f1e45a5a
7118d35a
28f1a05a
fb26295a
1f31d35a
630305a
d00e0f5a
c6870c5a
39ef9b5a
c089175a
ec535f5a
270076e8ac5a
8a512e5a
e9a44d5a
68ca835a
3947d05a
dad5175a
3c0a245a
59a2715a
3425a05a
bafd4a5a
c6170d5a
9f78115a
bb2f015a
de02ad5a
e3e63f5a
3827475a
9c70155a
20bcd75a
5d7e075a
d493be5a
71758e5a
cb867d54
ab2a6f54
1bbfd954
23a57654
9360e854
5776ab54
62d63854
e1411454
55e45354
c4958154
d7782554
e01e2454
e0273254
cca0ae54
83d92d54
bd1e754
261c6b54
fff3ff7faa6954
6cedca54
a0076f4d254
2adc9154
914f1954
37215154
ed993f54
745d2a54
27361e54
89f2aa54
99e81054
972cf854
2ef80054
1d447554
98f8154
c72cc154
aacdd154
3486254
e3dde754
f205c654
22630054
cc5bdf54
4f436e54
60834d54
fc27a154
4c7d2254
f859a254
dd1d154
71643d54
29c92154
eda78854
4a4b4554
2abd0754
96f31554
bd01d954
5d0abc54
e3b0d654
ce796254
18ce8e54
39ca6354
bbf0d54
dd85a354
47a9ca54
6e531154
c6534154
3ddca154
30075d3b054
ea72cf54
148f1e54
1b3fb154
aee36954
fc993454
3109e154
2c0b1154
3ada3854
3a411a54
2bef5354
d633fc54
5ddc2854
e3fdf354
de2e1354
58c68d54
a0f58154
96962654
a6947c54
d452cf54
60bddc54
bd15f1a2
d5971ba2
ce7c24a2
2feec1a2
d43eda2
2dc656a2
f86467a2
b23f61a2
4f59aaa2
ca33f7a2
8353bba2
f9309ca2
ca21aba2
61b7a2a2
b0d73aa2
658ba9a2
c7b660a2
deedada2
2759f7a2
3a31a1a2
fe3bf7a2
3f4141a2
d3d04ba2
b2a92da2
f75b97a2
119452a2
877708a2
3fbcd0a2
528071a2
8c93f1a2
a6ecb3a2
8e7b1ea2
42d695a2
930901a2
73ab2ea2
b038b5a2
20d154a2
246b2aa2
b418caa2
71455aa2
3c18afa2
3dcefea2
346746a2
d03008a2
2f42fba2
b2a451a2
327045a2
c12ff6a2
f53052a2
eea3a7a2
88d351a2
25828ea2
954039a2
bec845a2
d5c62da2
849e29a2
2d7383a2
80b8c6a2
85a386a2
b568ada2
6b2493a2
c43703a2
272e40a2
3aa68ea2
606231a2
c49a2aa2
36d448a2
3776b7a2
aeb6b0a2
6038e5a2
e5366a2
8547cba2
ac18e6a2
5796aea2
82320ba2
161c62a2
e5d5d7a2
c44b2a2
4008f5a2
9e3260a2
53ecf5a2
f8d516a2
1bbc19a2
e74168a2
54eac1a2
a8910ca2
3dfec4a2
6d02d1a2
37369aa2
309752a2
3aebbaa2
eeea80a2
ceb939a2
6f2483a2
2da9efa2
54663a2
da72bda2
e75946a2
4773f5a2
4aee32a2
1013eba2
2675baa2
ae4423a2
d859b8a2
502595a2
588c0fa2
ab75afa2
f899f97ffa8ca2
b30945a2
87d572a2
ec43a1a2
381134a2
8d026ea2
d2e71ca2
f36742a2
564915a2
d57a10a2
ea02b4a2
4daa3ba2
c7892ba2
9a2395a2
aa76d5a2
ace95a2
c669a2a2
f30dd6a2
ef1adba2
e53646a2
916391a2
c33dfba2
677ff1a2
f00c3ea2
6135e9a2
3d3b7da2
28fb4da2
b042ea2
e4ef54a2
6d1c15a2
707426a2
e103eea2
987121a2
6c8fada2
ca1d08a2
8ec136a2
7419fda2
67b579a2
668687a2
b4b1cfa2
d08639a2
deee06a2
848785a2
8cda55a2
adbd6da2
e7d57a2
e0d588a2
b41bdba2
10fc6ea2
948d23a2
6cda3fa2
7288c2a2
499a54a2
766077c7692a2
2d3244a2
39b38e5b
2836c5b
6004e85b
7073cc5b
13a0179c4eb5b
86f5a95b
af3a4c5b
10d2245b
cc5ff95b
3785b95b
6aea685b
c449225b
808bf85b
c90ba85b
d2aaa65b
2e0e9b5b
4554d35b
cc0b25b
85d29b5b
88d7fb5b
4a84fd5b
8f6c335b
29aa1d5b
105315b
3fc3675b
ff00c5b
9d1c595b
99df35b
8083ff5b
8ef24a5b
264da45b
14d77c5b
bc43e05b
8d6105b
6125035b
c216245b
a3bf545b
554715b
c004515b
d9fc455b
99a1bb5b
cc481d5b
c699735b
4b3a085b
1d98cf5b
92e9205b
4de2535b
3df7ef5b
300752caf5b
1e86ca5b
b69d8b5b
6673b15b
e18ea85b
ea80835b
e5350c5b
fa46785b
e37a825b
16007721185b
68e8b15b
e2b94c5b
2f0cf55b
b70ea45b
93f9f75b
abe1155b
ea0fa45b
89e0e45b
febb965b
baea705b
f0076c3395b
92e1f45b
84fed05b
c50d3e5b
fc679e5b
190c815b
69a0345b
cb21995b
da68475b
ff8ec55b
ed09f55b
462c695b
83d087bacae5b
54cde5b
20074b9d45b
ecce055b
3dce3f5b
f65ff67f11cb5b
b45f8c5b
6ed215b
4050a75b
26e4715b
18c76b5b
e405570b
10000ff4a06730b
c886140b
dd83b60b
ce51830b
1115980b
f7b0110b
ce7da80b
9635e70b
f8fb3b0b
1599c20b
cfd9ba2a
39282c2a
e928d82a
8416082a
fff2c62a
8c6712a
3e4c252a
b6ecd32a
85bf312a
681f6f2a
18a2f32a
fa9afb7981db2a
b19fb92a
9973fc2a
3895b92a
96016d2a
f2e4dc2a
18777d2a
4412a
fc40a02a
27d0122a
f4294e2a
5580575a9122a
bd33dc2a
3906dc2a
44c21d2a
cea62d2a
1f224b2a
a8f6582a
aeb2d2a
f00712a822a
4f3c352a
c8a80b2a
89c9422a
ceccc2a
1087172a
85b4ee2a
ea51852a
db33c92a
c7ae6f2a
f25ea22a
1db4e92a
629e6f64
bc159064
6bdb6c7f6bdb64
a7cb7264
bca93f64
3585367eb86864
1b5ec864
357cf264
36ff377ebfb764
706b9f64
d3b3ba64
5b2ad564
bf7364
67a48264
d1f22664
b5f0b7d2b5e64
a3806d64
22da0f64
e0a46964
5f111764
31c0864
6a4e9564
67f9aa64
92381c64
d77c4464
339ad464
dee1d564
dc08e664
f9d6664
444ccb64
4b331964
aaa52764
e210a664
b0a74a64
45197564
f1000364
5666a364
6b1d7764
fa12a364
a764bf64
d14d0164
6c1d764
d211f264
c3a05d64
14619564
a0b5cf64
41a57d64
101d264
d4f03e64
45d08364
f6a19c64
43ac5364
947bae64
ad4f6164
2f370464
f1874e64
45d53e64
1d620764
314ffc64
e0983764
2da11f64
b0077a29f64
4387c364
6283c364
cce00564
1281bb64
d2991e64
88ea9b64
f0281a64
1d750664
2a239764
36ca6d64
69cdcb64
cbd12464
39e79064
189027b2a9764
eb115b64
fadc2f64
28262c64
cadc3364
af7a3864
35dcc864
30289c64
6ba4f264
4b94964
63b5f764
a21c9364
e8c11364
adbb3f64
5984a864
6adf664
50522564
ad4fa64
a5b03964
12b97d64
dfae9c64
3f87a664
c2560264
a5d53c64
1aae1b7e063264
cbb72b69
5c940c69
cee0c869
d76f1669
8510069
ecb4e069
1c836d69
20075933c69
ea2abe69
41748a69
c2b99069
394e8169
51d55069
f396d769
d6660d69
e016b769
ebb0df69
63c6269
293fb669
e0a3be69
85e4da69
2482f569
f536d369
56444d69
95ed8769
c0a99069
48ec3c69
e10d1a69
8e9d9b69
d8c66369
115d5669
1e0b3769
59f0f369
cacb1469
8af55169
52b6469
d2449f69
c08c0469
e3dad369
d15f4869
adddd669
92d08d69
3168bb69
482d5a69
1774f969
85147e69
ec227c69
5cab6169
ad685569
c7a3e069
54010c69
abf58a69
ef62869
14686569
b17d669
c31d5769
22afd269
115d4569
ffdf1469
39f6c569
817bf269
2b809469
e2d8b69
70301869
11f46f69
92446b69
d1228d69
56a7b769
daf2f769
89fbdf69
2b84fd69
207d207d931e69
6cb5da69
43c63f69
f03ea069
ddf7f269
958f967f1a8369
1b29d069
fb86a269
36483469
53a6e969
eae23469
bc43fb69
3ffaa269
ced2df69
192df469
fb1cc169
12d5d769
b8e65a69
f02ab069
49f14a7e661969
44ee2e69
92b3a69
d41d4e69
63f1169
a80d6569
b989dd69
c4e40069
bc1a8469
6e31669
b98c169
15f2fa69
c05b5e69
dc8ec069
3874bc69
5b5313aa
82d4bcaa
abc4edaa
56db88aa
100752800aa
c2baa2aa
829fbaaa
3e332eaa
905355aa
3e1bfcaa
27a254aa
8c94ebaa
3a2632aa
c0ff98aa
bcb5f7aa
10391faa
ce1effaa
1ca027b46a5aa
6733c3aa
900775e3aaa
dbd4bfaa
10074d257aa
185bdaa
afd9b5aa
b37c24aa
9aa780aa
100077f1feaa
9c6755aa
1622fcaa
1a780caa
c036c4aa
f41bd5aa
fec2d8aa
c714feaa
1886e1aa
fc466daa
7873787f7c1baa
14eda7aa
28585baa
b6b049aa
bd59aaaa
bcea6aa
bcdb89aa
3e0b11aa
ebf7a9aa
9b4431aa
f5b8dcaa
13d617aa
f0bd52aa
100e9caa
11a19eaa
9e8867aa
c6753aaa
746984aa
defb22aa
d6d907aa
60077058aaa
e71876aa
3ac83eaa
7090c5aa
70be85aa
994456aa
1c5ac4aa
bb074aaa
1012bbaa
ac3bdaaa
af6c36aa
cb97b7aa
f3ab32aa
68ae24aa
85698baa
f5471aa
4b149baa
8fa0e6aa
1254e7aa
a3e1deaa
958609aa
3df723aa
b7afedaa
8ad9bbaa
e6d5bfaa
fc72aaa
9f9eb6aa
670e59aa
d8cc76aa
54ec0faa
6ecf89aa
4da902aa
c2447aa
5a5ba3aa
a04876aa
abcb99aa
2e621daa
4e0146aa
62a2a6aa
f92abaaa
c06d54aa
48e686aa
60076f6d2aa
be476caa
a61c3aaa
96e4ffaa
41057baa
f7d231aa
679c2caa
63d24daa
d44689aa
9f60f6aa
335e94aa
978285aa
d9826faa
e60ed4aa
d5b95caa
38b2e7aa
606ca4aa
be4202aa
aff349aa
12005caa
5e407aaa
a72845aa
75767aa
33525daa
dd1596aa
4d8f13aa
de48d6aa
fd289eaa
d15a1eaa
e65f57aa
ff1132aa
2093a3aa
ffc6b9aa
294a08aa
a3ae4aaa
2bc0c6aa
800bb9aa
aa19e2aa
82a318aa
d9c845aa
ce4ce9aa
a56816aa
e653bbaa
100f3faa
c53c0aa
a7d5ebaa
df44afaa
9bda5faa
6d97d0aa
bf48c9aa
25cb41aa
d92898aa
a303c7aa
19a967aa
ee490aa
eacd87aa
3e27efaa
336b68aa
27f97aa
89be30aa
8596867f971eaa
f4d649aa
82634faa
343368aa
ffa449aa
971fc7aa
527eceaa
476385aa
600770456aa
bc4509aa
156450aa
2a61baa
49a8bd33
38f9f933
bf410c33
14032633
fffcff7f0a9833
5f184233
b96de533
d79d9f33
f71a9233
d3e7033
597b433
bf302133
a7efec33
59b68633
8879b333
9cea3733
e8b28233
42fcdc33
40037533
2145f33
c87f6f33
a6ed4033
e807033
f3537033
6a624533
97e47433
11c8f133
c73aeb33
335ad33
98c95b33
4b224333
a6bc0b33
45343833
17ae1133
56a4a33
400758f4633
52f72b33
dc46a333
683e6333
4bdd0b33
fe163a33
85b75433
b5134933
3a4f4233
97750533
eae04e33
537beb33
d8cd3933
ec9dc533
6dbdc233
6d04a033
17773fb9
aded85b9
6de9b8b9
8f7d90b9
fe09a9b9
aa5023b9
2c512eb9
c16f38b9
ad74bcb9
904a97b9
e7d093b9
daf669b9
5337a8b9
9805a3b9
8ef96eb9
ce1529b9
262317b9
438ec2b9
fb1298b9
e7cf5eb9
a5ac18b9
b5769fb9
63622eb9
e97cddb9
184027994e0b9
961b9fb9
a870b7b8444b9
61798eb9
d40c3eb9
9a52d2b9
49b057ab047b9
5b1289b9
bd93b9b9
659c3b9
3b4b80b9
8e2bb3b9
c02d02b9
e474c6b9
9c870eb9
8d380cb9
b83c5db9
985443b9
29dc9bb9
d3d35ab9
a84478b9
fe6cf4b9
934db8b9
b9f75b9
2eedc0b9
b399ebb9
95af32b9
24e54fb9
de0acfb9
5f7542b9
8bfea0b9
8e3489b9
347eaeb9
acbb33b9
2274227cb381b9
956fd6b9
edb845b9
90075ee09b9
faf8c0b9
766077b2a5bb9
359b7ab9
fc6266b9
59b2d5b9
21adcbb9
4914c7b9
bffdeb9
11dbd3b9
d20afdb9
2437efb9
af3c3eb9
d2b7c9b9
8e24b8b9
d35615b9
a778f6b9
62e94ab9
ee8df4b9
947bc3b9
570e90b9
946903b9
553826b9
5dd50cb9
1c5eabb9
cca899b9
a40178b7f9b9
b6636cb9
4a6a31b9
fe3658b9
594654b9
e8e02db9
35e8dcb9
46df66b9
4dabd6b9
c3acf3b9
572923b9
1f6348b9
4aae86b9
68081b9
b0976b9
e1144db9
b829a5b9
59d151b9
7092d1b9
458cd3b9
8dd9f6b9
419b0cb9
cbf9f4b9
a50abeb9
2d99c9b9
203fa1b9
ec01b9
b10fb6b9
1851f0b9
42ff9eb9
16bab5b9
8a5b9bb9
2ab199b9
666cf3b9
b5784eb9
8622f0b9
b178d3b9
c0297cb9
3c6bb0b9
14e5d4b9
236d75b9
a88e08b9
58cc57b9
da8cb7b9
d9b1f5b9
f2e76db9
70075adadb9
3ef54eb9
f6c22fb9
ad2ead7e5151b9
821f49b9
98634eb9
c2dd58b9
15589db9
89783fb9
643bdb9
eb977fb9
f544b3b9
fb8630b9
d522e6b9
f0d286b9
bd92ddb9
1b6e9db9
cace3ab9
1f70bdb9
f65d3eb9
adfe4fb9
24e56ab9
a0bdfab9
2d3e8cb9
eaa2bdb9
c74da7b9
e7cd80b9
480afb9
8a5fd0b9
f708d7b9
21c5b0b9
fbac41b9
dacc02b9
367b8cb9
4bc7fbb9
6db942b9
1968c8b9
ef588ab9
bfe60db9
344f88b9
92518b9
f11579b9
e47075b9
68d319b9
7146ecb9
b44439b9
179e187c5412b9
eaf0b6b9
38fc59b9
3d65c7b9
5ad3f7b9
54dae2b9
10000ff7266a41d
14aabe1d
2cc1321d
60b0cf1d
9e8a761d
8069211d
f47ab71d
d5a95c1d
a840691d
508f411d
e149cb1d
815f2e1d
91c98f1d
ee16f01d
360c361d
61905b1d
8ee9551d
df47e01d
a59eb1d
5439ec1d
5dfbea1d
f893401d
a8d7311d
e8ea4f1d
98037b1d
c27dea1d
29bbff1d
c0d8dc1d
6570301d
86df0b38
33b19d38
43a04795eac38
1d7bd638
64e46338
b0eea038
1ead2538
5c4bbb38
ac6bff38
cd142c38
2213a638
d5e17a38
5e2c2a38
1ea77338
282f7e38
bdf22a38
d9b01938
da172538
fbc7fc7d744038
d5b8f38
30f10238
14691438
c4401338
ebd3ef38
2971ad38
c293fa38
1b405138
6a753738
a6427038
f0f21538
8fba9538
e40cd838
932a5d38
25ece038
c929b338
91204c38
f91ea038
65005738
5209df38
312f5238
cf581838
8e18d738
5421c038
1840e638
c03e6338
4c633c38
36285f38
15046c38
bf59ac38
6e32c338
92078238
9057f538
3a98c838
cd66f738
23e3ab38
d0f81538
17e8187a417567
87fc9967
caa8a867
3dd24567
4ae0e367
191bba67
99bf8667
ac3d3c67
ac288067
6062167
a2661a67
bec95667
b4e4fd67
c2841b67
3ea1b67
51d9567
6e8e4f67
f120f79ccbd67
4f995367
ca60bd67
9b2ba867
bae8c867
f6b57b67
a771e267
3e925367
d2b0a867
6c64c67
18e74e67
e967e067
ca530d67
c1e97a67
2f8ea167
1f14167
cbfff967
d45a2467
2c045667
aa842b67
8d3fc067
ab3d4667
5a0f8767
ad045267
3e742e67
c21c9d67
c5d38467
99e3a967
a62f3967
f0576767
35bb9767
d854467
5ecd6567
cd982c67
91e02667
fffe1267
d619d67c733467
8dfcdd67
eee0c467
f6b76667
2b10378126867
2d92a967
3a604067
9907e167
2ae04967
eb8f9e67
be0ee267
422dd567
bc192b67
e41bb867
3c0075a60467
dd93f67
e7fbc567
9f8c8b67
ea44dc67
89a53c67
4fc6d67
38dead67
f6163567
9a38e367
b5480c67
f73a867
f552e567
41e4c167
fb100767
43904267
bd2a1067
70c8ba67
8ec8e667
a19c3867
69aaac67
ad653a67
319fd167
11c52e67
d6fdb767
61b18d67
329bc667
8af65867
4f53e467
a41e9b67
ae2a3c67
d6e21d67
435ea467
f4135e67
565e6867
dd106867
1203e31b
b4b2391b
98441b
753077650511b
8555151b
19828a1b
9d29691b
639b821b
80c05f1b
ddd7211b
47fa931b
b9d8601b
a17a011b
5a71c41b
5ca0ed1b
33eedb1b
60c9181b
f8acf979d6f91b
49ced31b
2ddc321b
4923b61b
6521dd1b
2951fe1b
f8c7c11b
31cc2e1b
c5c0171b
469a7d1b
57195a52
bbac7552
844bda52
5ed9ed52
9e7bd152
1a441a7bc81252
b0823a52
e4908852
6affb252
8cc3bd52
ed793252
a0016152
d60d8752
8dbe3052
efa44452
e9817552
30175052
d2f81952
68ab152
b8273e52
1b9cbe52
58542952
a8adf752
a9017817d952
54c6cc52
c201783d1952
afedcb52
4007474a152
51ef9252
e4846e52
66a3a252
28e1f152
52209952
878bb652
d2442d52
9cd0a7aca5a52
3c36c52
4032c852
9617a652
f6dd5d52
1067ac52
34981752
997d7252
b05fb07daeba52
e407ab52
591d7152
ffa74152
97029c52
e5d4bb52
8d4f5e52
6d61bd52
1cae2252
2f3ab252
9f5bf752
f4077a52
58564952
b71eea52
62475b52
35218052
6557e952
8913c352
56175a52
aec9b752
54a5a952
d6c13b52
40d36052
e3eaa252
c2acb352
a7cb7852
13c6147b7e0a52
13c7147b7e1852
65a95e52
c49cee52
83177d52
347ecd52
b2256152
2fecfa52
f6b0ab52
28e0379727352
bf2ef952
400747e9252
5f78d452
bfb1059a
beb4fd9a
d6e9649a
ac1d29a
4f29f09a
a11ef19a
804ba29a
9d73be9a
e490859a
eb44a19a
595cc59a
4107e49a
54db299a
b4ac929a
a5de459a
93ea999a
9b45b69a
c1e7a9a
9ad4af9a
8856889a
bb4c1f9a
1d91df9a
2105879a
3bd589a
ede0e59a
1de5429a
5e4bbb9a
8bd5979a
dd36029a
4b415d9a
bd36a69a
9bb6809a
6d38e69a
3e72369a
4742179a
f599d09a
965fa9a
35d4b29a
baded59a
15a2b19a
5188d79a
1873659a
c488139a
b5d7a09a
a77c459a
e436889a
239a239a
5be94d9a
5279359a
3bdaf69a
af86309a
a786d49a
6afe4f9a
f2baf89a
e0fe6a9a
ba24989a
2eb8109a
242b0e9a
acdddf9a
da62359a
ba11589a
1fa1709a
90dee79a
16bfdc9a
acb0f49a
d145f49a
8f9df99a
34bce89a
43007466b29a
500b989a
ca01a09a
565a6d9a
2134a49a
8cfb729a
44256f9a
5cfb679a
4caf269a
f4959a
8376179a
a441459a
cca4bb9a
fed5ff7b488f9a
2260a59a
d096089a
2062bd9a
fa11329a
3087909a
2d3d679a
495eed9a
89db039a
e853c69a
97da3b9a
f4b1a9a
5703309a
6819df9a
f732e49a
d7397d9a
12d1d29a
e727249a
34d0d09a
1291df9a
56c499a
579f169a
33d2ff9a
fdcf439a
cc896b9a
1641c49a
886f099a
fd2d089a
a5ac829a
8003bd9a
c2acbd9a
9578809a
b42cfe9a
619fb79a
c443d19a
52e7d19a
936b329a
da86d9a
d88cc9a
2ce86c9a
4405869a
22c9bd9a
3067c69a
4e171e9a
6556169a
d201758bdf9a
92eb1e9a
418cfb9a
628d769a
6866279a
156f2c9a
f18f6e9a
58f7c79a
2676549a
1400733c4b9a
a97a9d9a
5028239a
c6de9a9a
9808b29a
1a8fc79a
23a2c09a
1bc5b79a
b754e9a
b0a719a
9525569a
388b969a
bc00439a
acd7e9a
d005b89a
3e9b49a
d49f009a
dcfbcd9a
300715cb69a
1e0078296dc1
2915a3c1
101ebec1
8b3af1c1
185184c1
73326dc1
2fe870c1
c0397cc1
a4d501c1
5c21fec1
b8f059c1
dba258c1
898a84c1
42e81cc1
9013f9c1
f33eaac1
85ba35c1
c6cde0c1
3c9ec1
a25809c1
49731ec1
400762b4fc1
42ef0ac1
93daa3c1
235931c1
5646ec1
df70e7cec2bc1
14d7bac1
30075d765c1
b5fc4ec1
608d3ac1
310213c1
364c4ac1
694bc3c1
49fe55c1
908435c1
db079cc1
404b79c1
c96685c1
2332bac1
e5821ec1
993f9ec1
99f435c1
6fd087c1
d6d801c1
cdd495c1
c58880c1
c45f50c1
1f18f8c1
b5ef22c1
f544e7c1
f2bcacc1
897e96c1
d46327c1
92acfdc1
c219e1c1
2e837bc1
8a19cac1
ae2786c1
925d24c1
f59f57c1
cdee75c1
d820c8c1
3a16adc1
4007640e3c1
33233bc1
578f9fc1
5f1a53c1
de132cc1
c61aadc1
41c29dc1
d7d77ac1
f0def4c1
cd213ac1
d2c2a7c1
70b0cdc1
2ec5a1c1
6db82fc1
fc9543c1
19655c1
abd86dc1
b75ba5c1
f8b8bfc1
be87a5c1
fecdc9c1
335037b7378c1
22bc1bc1
646b10c1
dd51a9c1
272e4ec1
fe7809c1
acfe05c1
6f98aec1
423887c1
bbad8bc1
ae9d82c1
4b728ec1
99e95c1
af4066c1
91577dc1
4cf447c1
c9aa45c1
55b69bc1
18c539c1
611c54c1
d21509c1
bbfeebc1
40adc1c1
b18611c1
24b98cc1
8e3566c1
f79245c1
9963e2c1
6a287c1
b08040c1
83cc7c1
8502a9c1
c6bdc0c1
ee8b23c1
ee2bee7fc29ec1
af2f30c1
a9138ac1
808036c1
896472c1
a12007c1
ba8247c1
3e0ed2c1
6a2d55c1
63089bc1
968212c1
63e814c1
167511c1
c63834c1
2b90bc1
ad70fac1
91ffd5c1
b8517bc1
5ac1a5c1
dbf7a1c1
3caa9ac1
6a3339c1
874e8ec1
be3bbac1
f61a0cc1
a2e40ac1
913a2ac1
b1b388c1
d5123dc1
e0a3d0c1
64529bc1
e18440c1
5f44f9c1
68f4f1c1
bab993c1
364070c1
9afe00c1
5c5410c1
c1980bc1
10342bc1
19c8b5c1
1a1ef2c1
665bdbc1
d7a0e5c1
1d2a51c1
b87b70c1
dddb4c1
8986a1c1
561650c1
677630c1
e66db4c1
541546c1
9806c1
1b87ccc1
557ff3c1
f561eac1
41f47ac1
bb62d7c1
bb04c4c1
e1049cc1
81366fc1
8915dec1
f593b8c1
1ed271c1
81df35c1
d22a33c1
ad1b65c1
8c74c1
8069fec1
f40741c1
d546b8c1
8001799994c1
1d3ac1c1
3150d2c1
2eb64a3b
c4c7ac3b
4ac4f63b
45bdf53b
10074816e3b
86c1663b
61936f3b
3254d23b
4722d3b
e1b9fa3b
f60b4d3b
527bb43b
a39b9a3b
8821183b
37c1293b
ec60363b
64eb9b3b
85a6cd3b
6fa1823b
4bdeac3b
4226e83b
a1cf353b
2f717d3b
b4a3e93b
12108b3b
150076f4c43b
eedaa93b
3738943b
5b8b393b
b915e23b
9ea8083b
10af853b
e096f23b
168f773b
1d4c293b
7b64b3b
31f03e3b
5dfc6d3b
6b6a693b
ddcc723b
e8bf2a3b
4786643b
1ddd3e3b
2a51903b
100076acae3b
70a6bf3b
8e006d3b
8b85fa3b
ec2a13b
5dd7173b
820bbe3b
9b106f3b
e711343b
eaf2183b
85ff773b
ffdaff7ef5a53b
4aec3a3b
c87153b
cc921e3b
50205755c8d3d
feea523d
8f7eab3d
3cde3d77dc6e3d
c324e53d
f65f3d3d
a0ddc3d
bee80f3d
a04afe3d
bfb0093d
4541143d
e298123d
daf8b13d
ed8c943d
b64ac3d
55a1c13d
80dbea3d
d21fc63d
c93c603d
81c3bf3d
23ffbb3d
935afe3d
b9e6cc3d
b92a0f3d
65573c3d
d5c5713d
a40e0e3d
a71db13d
5d7f73d
8859bf3d
5928e13d
4006f9c6e3d
2ead823d
c123113d
caa0843d
66a1893d
43ca2f3d
c5bc23d
a2d2d13d
4d67cd3d
3ab04750db43d
d720d765a823d
eee3113d
6bcbb33d
683b3a3d
fe5b633d
14382f3d
ac67ac78e6e43d
f742fd3d
c6517e3d
94e613d
c64dc63d
6bf9893d
8b5f1f3d
15c6ea3d
bc99c63d
97017338ff3d
e512d13d
5df8003d
ece3d73d
3506923d
4fe0ec94
b8486894
1b20f894
2660279840d94
8a4e2294
1a6d4894
70376694
4ac8594
1300760e0e94
3754fa94
26ee8194
46627594
a6987894
f7ef9294
4f0077791e94
897d7494
173cf194
a32ac494
2d8df294
be302f94
f0075d4f194
5adb3d94
1c37fc94
808b9794
c8e38e94
aecbb794
d1a8a594
9e694394
6da6be94
59a5db94
c4009d94
8d108d7d964394
b69e1d94
fd740c94
16f37794
348d5694
4c683494
20fae194
39e23194
fe61bb94
e3fa4194
655d3994
6a10e394
f5df794
486b5794
a8034b94
58d42694
7209cf94
5cc75a94
f4acb994
367ac294
21e02094
da1e1394
a17c1994
b6608494
16765e94
f700d494
5370b094
80c93094
acf18b94
ab7eb594
1c91df94
d111494
190f4f94
9f37b694
34633a94
50c03b94
f0160394
6ff3707d5aa894
c8882394
ccaf9894
28b60994
3efdc494
63b4e394
240076b1cc94
c4a2a694
85d73494
2f890094
5b264594
2ef96294
5bc9ee94
58f33094
6dfcbe94
c8615194
2285a694
f9b3b94
1b547694
d2861394
b5908594
48ab6794
c8c64c94
d3a56b94
b65de994
3e6b0194
b1466894
40bd3b94
883dc894
a1254494
11422794
b9ecfe94
960c4794
9d285394
42772e94
1158e994
410cc794
b1081794
9fa1a694
b14d9594
81284594
3f75ce94
5eaab594
40a36d94
a725d794
10737a94
ca6ca394
69bab794
9609394
8cdff294
20073da8294
597fbd94
3cb75d94
536c2e94
f45c0994
d7d63894
8c49be94
f29ea394
42c27a94
56618394
8fe03794
fa6b4194
b6cda594
2a155b94
71404e94
c4e3f994
823a8694
8f27c294
6b477e94
af9c6394
3c46394
660eb894
f060194
1e66eb94
2d950894
16306f94
a9072c94
87909d94
83fd0794
8dd6b194
a411544b
f3f1154b
f83f234b
cf4ebc4b
2a0f1c4b
fa5da44b
4101284b
f7c3124b
a644014b
e64a684b
f191e64b
128f9b4b
1a488b4b
11c1124b
cfa7be4b
d484a64b
44aeb64b
1bff844b
a43884b
e15f884b
ca21f04b
dd58284b
b03c3b4b
e1d5b4b
bb252e4b
455664b
2d494d4b
fc94fd7cfed94b
50cb924b
e1c7014b
e493104b
32ace64b
44c0614b
223e194b
4f27fc4b
7076384b
f2b3014b
ff8fa14b
dea1894b
135a194b
15ba1a4b
969b984b
2af0054b
3b39cf4b
538cc64b
1487734b
c5405d4b
fccade4b
8dbd8c4b
f5b524b
ca6eec4b
bb472b4b
36c0378b14f4b
b823814b
480d854b
fbb904b
c0dee14b
c0feae4b
9668a54b
6f1f274b
82266f4b
f4015d4b
103b514b
6363304b
5e9bac4b
865c24b
f458944b
3e35364b
854fc64b
d92c834b
63ae164b
13a9f04b
a7815c4b
29ec274b
5dbbd24b
5b7eed42
64f6a242
f7de4e42
f7122642
5a859e42
f6ab0042
c7f07142
6417b542
480075e87942
8ff4dd42
ebd87342
dad6cb42
390075ac4542
f4fd0b42
59bf142
5ea2bf42
c0211c42
41d7dd42
2eff6942
b2e8d742
83f74c42
9387b442
c3181c42
980e2e42
10071d23142
42498e42
e90ed942
de20f142
7f7087940af42
ad600442
51a1d842
b8d23142
854b3642
f14e5f42
405bb42
8b6eab42
a7db5742
296caa42
22b7542
90ca2e42
d0e82142
990b6342
c244c542
f787f87caff742
eaea3342
ab668f42
f3a38c42
6dcceb42
397d0342
5841c242
30ecac42
81b8cf42
b3a8042
c025f142
90eee42
b0d8b42
bd492c42
37457d42
938daf42
2a0ec742
f127d042
6a8d1842
2814de42
670c9a42
e6e0c642
6c98b142
90b65ead
30075f59aad
4de01aad
c55793ad
deb893ad
7145c5ad
a4cef8ad
6f629dad
16dead
52a3a0ad
8ff90fad
f3657bad
beb3ccad
9ccf06ad
3a8d4bad
db6b05ad
dc46cdad
c068f0ad
657b81ad
6de7ad
946889ad
56bc7fad
25db46ad
38008ead
ce723fad
a877c5ad
e6a271ad
2ea6b5ad
b15ecead
e81ee5ad
1308adad
dbe85bad
c4f546ad
2437d5ad
4b90a7ad
be849dad
421047be610ad
acf6f5ad
880ea5ad
816e34ad
9bd17ead
8d2d4aad
3e9676ad
26802ad
b1a86bad
ff23c5ad
eb891cad
1e3a06ad
422590ad
24f20aad
650040ad
863537ad
1b3a32ad
35141cad
e8d9a8ad
5aa57cad
6f8819ad
19d797ad
951298ad
8c0e29ad
de9a21ad
db3d75ad
364687ad
cedc7ad
17195ad
71e379ad
8a882dad
9eb769ad
63aa82ad
65be5ad
6bb5dfad
e3dcfcad
5adc7cad
1a1739ad
2d7aad
ac9d51ad
486ce3ad
b27f4fad
67cd78ad
3716fad
6820f2ad
fb2983ad
72d073ad
1e3a02ad
a2075cad
155150ad
387900ad
344ee8ad
1e6e59ad
5a5b98ad
3a2cc7ad
95f509ad
822d21ad
ce3c92ad
aea9c6ad
70f239ad
71e457ad
b87e2cad
9a100ead
17f74ead
412c4aad
6dd1d4ad
f6ef0ad
d13edad
c27596ad
60488cad
3613e1ad
2b1e01ad
4f599fad
9c06e4ad
360788ad
e79141ad
b00775dcdad
507220ad
b33886ad
9f06c1ad
a578ebad
ba08ddad
142c18ad
d9a7d7ad
1dfd22ad
8c6b84ad
f8e107d39c4ad
e1d28dad
6a2915ad
ad09f1ad
419454ad
3eef80ad
3465347e6f8fad
4822faad
fea3e9ad
82ec0ead
3d19daad
2f7ec7ad
14eaa1ad
cf2525ad
a41879ad
9f5362ad
5e5364ad
729d68ad
1e1b8bad
573e4aad
e70c30ad
8e8f64ad
e322ecad
fb50a7ad
67022bad
952171ad
358e367e7553ad
6bb96c7f2842ad
b6baf4ad
6aa1eaad
8ce1ebad
a24592ad
d1631dad
156438ad
a022fdad
f8e1b4ad
6c72a2ad
d03aa3ad
cffc25ad
9f1d46ad
55390ead
1697177d97cfad
acabdbad
d20cd2ad
2b867bad
8b9a4cad
4e9029ad
85dcfaad
e30da0ad
e41a9ad
a69f69ad
8647bc73
3455347e7db773
a72bde73
54ff2a73
ab1dc073
7684d73
64b7d973
a7d1e073
6bbecd73
5c512173
39eac073
82a3c573
adbe6c73
e8d97773
8ab11b73
d8db1b73
38980773
f3372b73
9f280273
dc44b73
348e173
ee2d0173
56245a73
f5017a7e3c73
ee90f373
447e7873
1ed54873
95ddaa73
ca702073
8f481973
6cf0c473
9f93e73
30659e73
d7fe1b73
36e00373
df86f773
bd257473
f9975573
c1c6a873
a4ae8473
46fc8a73
fce2eb73
5bca9c73
16902773
89bd7573
bffa3173
d49f7d73
2fa9d273
66b55973
60076d0ad73
49346b73
f66f3e73
ecbc8a73
d616b773
70e46473
d60aa573
d15b6673
d2313173
2399e373
15bfbf73
63fd2773
504a3b73
c78da73
5755bb73
3f024f73
31e5e973
555bd673
bafa473
5b5e4773
caafcb7fd7ed73
8f1a0673
be668d73
3d7d1173
f01d9273
ec24d173
adb5d873
56272473
8817ca73
cebf4073
d205d973
9c9cdf73
67581f73
ba72b273
a1589773
c8628473
af610973
91a3f273
b39b9d73
4bca2473
d15fa273
8b6f2373
a6b52973
4cd9fa73
c0518973
ae5a773
dbee7173
252b0c73
81323073
e31d4373
4cf51d73
617bb373
8fffed73
a0653973
73f41373
1955ea73
8ac67773
d9a2e73
32bbd673
8b135d73
f2030873
80640b73
1842f373
4ed23c73
dc756073
e2c7a273
8cb0e063
bda44d63
3c508e63
cf30d7c065763
c408463
19a72963
3e37ad63
1470179b6b263
8250863
990178f3eb63
63d25363
5d73bc63
58596d63
3a253763
cc166f63
40387563
a83ae63
89fe8a7e644e63
368dc763
8cae9e63
1296fb63
6dff0663
e9284f63
245a9763
1e9f1963
76a8063
b3c5ab63
3613c063
ceec8263
d33aa463
25955963
ce5ad663
ff3d3563
1d6a2963
44489463
8bd7eb63
ed3ec763
1007454d963
184a6a63
f9663363
c8a1f863
9ee69363
5bc0ce63
49e99763
afd00d63
a96e3763
d6f3fa63
e5db4263
66f8677e192963
e8d34463
214cd363
f7808c63
64cae663
ecb08663
5395b363
608dce63
e3042263
661acd63
1b336963
1b846063
d3982e63
b42db463
5887ce63
dcf38563
50fe4563
a49c8763
4b69663
afacf363
cf77363
a862f63
ddae7963
95d63b63
face2863
5c2dcc63
d2866063
360077ebc663
9f4d0a63
57560663
7101f63
f4bd8263
c873c63
e8648063
a953c163
509e5263
6ae97c63
51110c63
5ba25663
ce8fd463
1dd0f263
c8846a63
ef4c2363
bd297663
9218f263
813fe263
2867fe63
27e26a63
d49a6763
516acb63
16041c63
8540c617
cac17
b962ac17
251b3617
e2e36d17
10000ff7e9a0817
8bec6817
c8bed17
4604c617
6ee29917
29c43517
27043017
2bb58517
cbcc9917
6eec5117
9001ec17
4e2f9517
c1440a17
dd2ce817
cc81e917
44838217
9cf7e017
ee6dad17
43138f66
aa639c66
f9936566
ec018766
cae7c566
e03ee07fe91f66
63079966
51980566
fec9c566
ce712d66
d28d8d66
aaf4ae66
8cc87466
da509366
66a9d466
48f29866
82ca0e66
dedb7766
9479a366
9f92a866
2d3f4e66
1fb1207df51b66
4392266
23e6966
9fc81266
3692a966
24f6c766
dc30c266
53ffc466
9c4ab966
183d1066
217b4166
ab908166
909b7b66
a2c74066
baadcf66
32a61166
311b0766
5168bc66
f87e2a66
ed388966
8a2eba66
4164e66
1b535c66
8921b766
150dd666
85972a66
586cc366
dd778d66
34defb66
9864b66
53d9f66
3f063f66
1a3f5b66
35e08666
a7c26e66
e90ed466
6e568766
84c68266
9cd46d66
e7f99d66
ecba9a66
67a69a66
97c89e66
9bc06766
c6a6d066
714f0766
f7035a66
c8ecfe66
a63a0f66
34cb5866
1dba7166
565e9966
56d4766
ab0be466
fd867066
98e4f266
6d95c66
f0077a9f966
f4ce4066
b28a5466
74382866
39de566
b4fad166
12823f66
41c27e66
65b1f266
41b8b066
5c744666
6acfc666
54e6f866
52325166
155abd66
8d4f2b66
20075899366
9c6dfb66
98ffe866
c7734966
43e44d66
578e4366
a789a766
abe36666
ecd7c009
c586f109
a21fa409
26e80e09
2b74c509
b896da09
c4ae7b09
10000ff4024fa09
33f6b609
9335d583
7203e683
3afea083
c1d52183
4ca73b83
1724e83
975a7e83
c39cc583
5b8e0983
30074f72d83
6e74c283
d0705a83
da93a683
bc99d483
3f42b483
b423a183
69bf3883
4c300e83
9ae5b383
d5f47483
357a7483
32827083
68446083
beba3d83
c541cb83
39b21583
478ec783
5e849583
64af5d83
65fb8c83
3bd97a83
bd846083
7075a683
100738f7a83
dead6883
24449f83
30cccf83
9e8b4783
97176583
8f0b3683
ed20f7be55583
8162fb83
f8bb8183
288d8c83
1300769e5183
a96a1e83
9a6e5f83
1569bf83
c3a1e83
5f116583
3a3e9e83
39d61283
90ae2683
551e1983
eb53b583
ba0de83
6f300f83
3fd8c383
29f4f83
35351b83
cb875f83
4881f483
5025283
e1721a83
8b651883
e54cb683
40219e83
626d7483
3427a983
33725083
9130b383
a548a183
c72b7f83
9d954a83
fb8aa783
133a137c293783
81dcab83
2cf037a3cbe83
6b847983
5926bf83
9182783
858c5983
94ecc383
106d1e83
2b141483
a3128d83
ef92f883
c7b84883
7112af83
e36c4383
ddbf283
2399a583
e349c883
4db9fb83
bef7b583
bce13383
50c5d583
58046783
640c2883
f937be83
4c0e4c7d893083
adeba83
f44c9183
dd800883
3454883
f1389783
2e164c83
c1932683
a9073383
b701ca83
201ac683
a8908683
90bc3283
312e7483
19d75a83
ae7e5f83
65714783
6ef86783
e42f1883
3d3b883
c0461383
86b75c83
bfd66a83
42786083
495ca983
8efb8f7e2a2183
a6b66283
4ebd0183
60075763683
937c1383
2762ad83
9b78256b
48aea36b
ad8c0a6b
445d616b
57c0d96b
d375c66b
301b566b
3b89796b
949ae26b
c258f06b
e060876b
e0415c6b
4030746b
a226c76b
74a6a66b
c0e0c7ce3786b
e124de6b
525a4e6b
8dac0e6b
d35bc46b
a06c16b
f2c1236b
8435df6b
6f1edd6b
5c612c6b
ce34bf6b
fbdc5d6b
f5adc66b
6437ad6b
8ea0646b
5c13be6b
86ad046b
409ed66b
386a2f6b
998d2e6b
62b5b96b
8f966a6b
9ceebd6b
7242016b
be0fca6b
7c0506b
e051ef6b
2bdde66b
f6fad86b
1ce026b
eedf796b
100752fc36b
3bf3346b
a3dce56b
f113c36b
f342f37fe5096b
747fa86b
22051e6b
81e9a56b
c579266b
3842916b
253a4f6b
a394286b
94758b6b
17b14b6b
d9b49a6b
3ba0f76b
655cf06b
6cd2c76b
53a6c66b
9c4d166b
6d41186b
91e86f6b
2265026b
ae46696b
d741d66b
68de9b6b
ff02ba6b
6d8706b
318dd96b
ac93196b
dd649c6b
72b7a16b
d6e7436b
5af6de6b
eaa2606b
2ce5806b
af017a05d36b
8486366b
4b8b816b
219b716b
438ac96b
9d8e3c6b
bed5b46b
e297586b
32eb436b
8324f16b
1baa286b
6e96e56b
5a746b6b
9737e36b
39c06b6b
fc8d186b
8cc5f36b
4cdca96b
8bb9136b
f185816b
5f25df6b
2f4dce6b
4734596b
ad26556b
73bc786b
47e16f9c
ec95899c
eed6e19c
dc2f8b9c
574eb69c
ab823c9c
cef47f9c
bc8e659c
2ecad69c
83e6589c
1366d09c
f35149c
eba5cd9c
2d3ffe9c
f57ee9c
392b539c
8bc49d9c
8dd4d89c
ce55f09c
6114f99c
170b869c
d8c2399c
e083059c
5cd57d9c
c5ce089c
10071aba19c
135d1e9c
13007504409c
91637c9c
38897b9c
8aa9219c
b1f0b79fba09c
29bbd9c
a5c44e9c
f96af49c
620e649c
d40ff9c
b174479c
b0b8e39c
1aa7669c
16ee29c
c6b9119c
165eec9c
4677169c
b0c50d9c
9cc7369c
651a3b9c
44a8229c
547a9f9c
36e3129c
b861719c
a5a1279c
f8bd489c
a0e1a99c
d50dd89c
d8c2bb9c
4241427bc31e9c
2b771c9c
62f1929c
ad29f79c
c6017750d39c
2df5b99c
bce25c9c
a704399c
616d9d9c
be82d9c
1fe0199c
9e39a9c
3dc7519c
31c5119c
c8f9b79c
3ef2f59c
f85f509c
237bf9c
fd44059c
9fdeac9c
268e9b9c
a3dc1f9c
1aee1b7add379c
a651b59c
5e8e099c
1a092f9c
5c6909c
3ab70e9c
6e10cb9c
70735d9c
9221a9c
50189d9c
59d9e19c
e2d60f9c
a2d2499c
e7e8839c
3246519c
1e9f099c
2dbe249c
1375689c
5577909c
f602189c
88e9929c
d808ab9c
eec0fd9c
4f74369c
4c58279c
d0b0f29c
f15a7d9c
987f819c
6e84719c
a251239c
ef40c89c
1f24b69c
50d1f79c
47284e9c
1dcdd49c
2804929c
d974479c
f700a89c
37ec819c
d7c85f9c
969e977c95e89c
340075fd7e9c
92d1b89c
efee879c
56e3ec9c
24702a9c
3f83bb9c
1a327b9c
e1b1309c
d451709c
b03679c
4c03d79c
edd4db9c
b53b1c9c
19f3389c
e0576c9c
eafae09c
935b6b9c
91b439c
1aafd99c
5bd1869c
601a2b9c
50073ba3c9c
be47a9c
d2b18e9c
5f7f5a9c
de21ac9c
ba1f829c
a477cf9c
199aef9c
f3d0789c
90e3b29c
9b993d9c
e829c59c
1007269a09c
f184359c
ac955e9c
6ae7209c
fd1dfd7b9a741d
8690c41d
b6d2f61d
e4b8c81d
4aa4d41d
a2e7dd1d
99daee1d
f2b1591d
c9a1671d
e724aa1d
ee9d751d
27d2271d
2d8c801d
ce629f1d
1100735a811d
e59f631d
e7f0c71d
b8cc041d
dffafc1d
abda9b1d
9d781f1d
2d303771bc11d
d973b31d
a25b381d
65d09d1d
1f20a41d
a67a3e1d
aa8941d
317d331d
250af4c4
27ba44c4
c0dc4bc4
8e506bc4
2043eec4
edc32ac4
54e194c4
36d240c4
23b12cc4
901314c4
456b6dc4
ba56f3c4
1007468c6c4
a6c617c4
85dc66c4
851087bd968c4
eeaa61c4
ef447fc4
beb666c4
1400772fcac4
200704c4
1c49f7c4
2e0078067ec4
a55bfc4
d647cbc4
6c9335c4
95370fc4
5f3886c4
919e02c4
252027a9290c4
c4e2e4c4
d6ed8bc4
cea78dc4
a95938c4
44038ac4
e02646c4
952495c4
6633f7c4
50aef2c4
39649fc4
645e2cc4
a5cb86c4
3cd43d7dd722c4
1f895bc4
e65103c4
a6bbe2c4
dbeaaec4
194647c4
318ca7c4
9bcc68c4
12a806c4
a75f48c4
cd18ecc4
c4f01c4
6e2091c4
659d2c4
d8c545c4
62043bc4
b85e18c4
cc7837c4
eebc6dc4
697a7dc4
37f5fbc4
1aee11c4
94b473c4
a50f00c4
28785fc4
3818b7c4
46d1d9c4
5c5c70c4
13499ec4
a2c06bc4
100742829c4
e2cc7fc4
17a276c4
229dc5c4
3c07ebc4
955224c4
63dcf7c4
c64973c4
d1afa1c4
bc54b4c4
a8066ec4
b3d61bc4
22dbb7c4
bb3b54c4
1cba4ac4
5fe188c4
c7efdec4
8cd7b7c4
6a8365c4
d067c1c4
866c10c4
1a125cc4
ec6e2fc4
70bb2ec4
e49443c4
ae8daf7ee4dac4
5d145bc4
3023d2c4
8fe297c4
589f8dc4
e16b54c4
aa5123c4
88399fc4
5cba1fc4
2719dc4
66ab0ac4
72ea12c4
f3ee5fc4
62b80ec4
66fd97c4
142ca8c4
a788eec4
c37b8ec4
e7967dc4
5e1dd7c4
941fd6c4
44274ac4
345030c4
d01f5fc4
141906c4
5e0119c4
d2ea9dc4
59ba13c4
42684dc4
13171bc4
48a759c4
3a919fc4
2ffee2c4
f3c88ac4
3973d1c4
ec09f4c4
668a0cc4
6d95cac4
d8c1bcc4
a015b3c4
4e2d36c4
dbb78ec4
f87e71c4
de01adc4
e692fac4
ba1b44c4
49f1eec4
5d3674c4
1948ecc4
f4e87bc4
f8de70c4
f59d8dc4
6da874c4
ff0656c4
663429c4
29b46dc4
906b6ac4
fcd219c4
a37894c4
3e247cc4
713f76c4
fb5de0c4
c01c5fc4
1158dbc4
996ca9c4
6e1160c4
1cc8cfc4
d235e6c4
8e2fc2c4
be2168c4
9ad7c5c4
f0d64c4
2cff46c4
b4a4f4c4
599dcec4
9190f1c4
2ddadec4
4a7ca0c4
494abec4
814a8ac4
9b70a7c00d9c4
ccddf2c4
868193c4
f7d225c4
63b38cc4
5e18dbc4
257b9fc4
c8ea0dc4
eebc73c4
4c25ebc4
dad9c7c4
28af3cc4
a8d597c4
af6c59c4
485e09c4
5a0133c4
457dd3c4
413bbfc4
f3a86ec4
37a2bb1b
f1c9671b
f094101b
e2cee37dee091b
3667b71b
c8d7541b
df0851b
ab20b7adfe01b
487f11b
499f51b
9b63461b
33eaf71b
97a5671b
b068011b
473b391b
c26a9a1b
9e8d4c1b
b4e1e91b
d326401b
c0a0701b
1280137b6ceb1b
f1bafa1b
d93b401b
f75c531b
32b2ea1b
a564eb1b
880b451b
90cbe2a7
eda38da7
829523a7
ef1897a7
4dad91a7
42a2437e01caa7
8335b1a7
ffbe4fa7
3fcb27a7
65a9cca7
81d029a7
5d3db6a7
403354a7
1684ea7
fae5afa7
44396da7
fcd56ca7
88361da7
50984a7
5b6baba7
5a4818a7
38dfc4a7
2f9efba7
21e0f9a7
6b75fca7
6738c1a7
3c4259a7
cc25b0a7
aedf1fa7
2a0cd2a7
fc4679a7
5d0630a7
b44c8ba7
e1ebd0a7
ca4e2ba7
bd64daa7
f6caf0a7
943384a7
b9a71ea7
ab2c4aa7
34795ca7
934b55a7
5a0f3ea7
f6c9fba7
be1578a7
9b19a7
64924da7
be388aa7
e17525a7
e10954a7
8aab24a7
44553ba7
52021ea7
d1b95ba7
6fdccba7
1c1184a7
8f9deda7
5a86cca7
912af2a7
b926bba7
9ea376a7
c937cfa7
cbeb41a7
54f3dca7
cc3effa7
636f94a7
bea815a7
342001a7
35ef22a7
caeddaa7
8ff5bea7
a1b7eaa7
4d0e38a7
dbbd62a7
6a29e9a7
fbf26fa7
c6e0d4a7
dd43c9a7
d4b457a7
3be754a7
26ee87a7
320ee0a7
a55c37a7
c06e5ea7
dcae7a7
10074c32fa7
8e9a04a7
c74dfda7
d85aaea7
453a8aa7
f30e29a7
5a6977a7
35ec24a7
7fda7
c21d98a7
15dfe0a7
cbc16a7
9b781aa7
f59965a7
c71d44a7
69e461a7
3a133fa7
b89603a7
d47771a7
80eefaa7
3f68da7
e91cca7
a26181a7
2e8d68a7
ecbf3ca7
2ab4f4a7
c59042a7
90e4eba7
5786b2a7
478649a7
dbf12a7
6dbf41a7
2d679aa7
837393a7
ad8fb1a7
a55399a7
a08d6fa7
2795287d7d9da7
34e3d0a7
944bb8a7
faadada7
512a7aa7
4dad17a7
32a6e7a7
d1befa7
8b0e7ea7
465433a7
71b85aa7
d51078a7
cdc895a7
f6bf6ca7
58bbf0a7
285982a7
b866cda7
962a16a7
96a422a7
29ae00a7
17002a7
22bed4a7
251ef1a7
bd33cea7
a28690a7
d560c4a7
a330bba7
6f766a7
95ad967ed180a7
3628c1a7
542d01a7
2d2a34a7
fb07a1a7
8cd819a7
f41522a7
e866c8a7
641a2ea7
144828a7
f0d8efa7
1d0077a091a7
de3082a7
edcc2ca7
b77329a7
6c0f1fa7
bd2f75a7
8baa8f7f
bc18fb7f
6494677f
becff97f
473047c18b47f
787e47f
f073167f
4fec127f
cfbfd17f
1f2edd7f
5e614a7f
3829307f
bffb1f7f
a56e657f
c71b17f
d675db7f
81e9b7f
100758fd07f
eb33cc7f
3aac807f
aaea7a7f
c2e0d07f
a42ecb7f
d0abfe7f
f8a107d58bb7f
6011ac7f
c4a257f
a397437f
22594d7f
5bebc07f
cb3d2f7f
f741af7f
a481bd7f
3de44c7f
1bb2737f
ef8ba07f
998b477f
809a3e7f
9c4a9c7fa8147f
ca5bd77f
bf10c7d167b7f
2b0078d1fc7f
b4f7cc7f
1351467f
7308c97f
c3356b7f
a7881c7f
8568ff7f
47db7e7f
b347297f
4024cf7f
95be607f
464f6b7f
141f247f
1959e87f
223dfb7f
2b8ab7f
4709fd7f
9592f87f
d8931e7f
f0b9917f
fe7ee97f
fff9957f
328427f
b694a57f
e6f9087f
5204c37f
65a8f07f
bf97fb7f
1204437f
5c2b877f
28e3e97f
cf2cbe7f
1900784b7f7f
121ec77f
3e65dc7f
c37f057f
27ddef7f
16bec97f
700c8f7f
cd414e7f
18568f7f
b1f4987f
c425a47f
a958d37f
a9e7f67f
b968907f
ab77b7f
ed71f07f
2c7dbf7f
986427f
62994a7f
93210a7f
2423a67f
a87b6f7f
9f04a47f
9c63057f
1ba54e7f
61e0757f
437d437ed08b7f
296da27f
df12767f
6897df7f
b5621a7f
3e7a477f
d394307f
57ae007f
8d88047f
a1d1d27f
55f4e47f
3474bc7f
b9e9cd7f
ae5df27f
efc5457f
71544e7f
b72ec57f
fe24f7f
6cd7047f
857f7b7f
cb9aef7f
3ef7e77f
70076ffc77f
bc4447f
4c15c47f
82e1ad7f
b2788c7f
fbcd697f
945b7a1b
849f6c1b
9152ff1b
7007647ee1b
f5d4951b
b3de091b
6fa66d1b
a2f701b
bbc4a71b
b4fbe11b
b74b391b
b91be11b
da0ada1b
7243bc1b
453ccf1b
a7d5611b
e5b8771b
7449dd1b
fff9ff7f697f1b
42cba41b
d75d601b
6a065d1b
b9a73f1b
23fc721b
8d9ba81b
c231fa1b
45c2641b
90162caa
db8f12aa
a6c90aa
830b0eaa
278b6faa
4502c3aa
869cc8aa
256850aa
13c880aa
b5619aa
43c126aa
800781b00aa
9a600aaa
b3e926aa
caa7b9aa
9d257aa
c6fb49aa
46ad82aa
92c241aa
d8a065aa
5915a0aa
c0acf3aa
689604aa
a7ae4aa
510dbaa
498db2aa
6b93a1aa
c7ef19aa
f00556aa
f4421eaa
5e5534aa
5bc962aa
2896e1aa
9e04aaa
300872aa
d57da1aa
4816e8aa
6b8894aa
c4045caa
37922eaa
6dc420aa
6606f6aa
5ff71baa
56a5577ff4e4aa
2751caa
c0810eaa
b8d1cbaa
201219aa
c904ffaa
f99dc3aa
e50baeaa
5173517fe4aeaa
9c606eaa
377ce7aa
c3b98daa
471047cfbf2aa
99a3e1aa
2c73d9aa
bedf89aa
3690e7aa
873f51aa
f44363aa
a6daaeaa
e0893daa
1e14eeaa
2fd31daa
9dd997aa
1a66c7aa
5505efaa
2b4efeaa
df5d82aa
68a21aaa
e1c5c5aa
3fc569aa
113228aa
98eb9eaa
1f55daaa
4c04f5aa
85bfd3aa
209181aa
3d3c21aa
f6e77aa
6a8842aa
ddd14aaa
dc0688aa
fc5bbdaa
6ad9a0aa
3bd6abaa
dc7796aa
efc00faa
67d770aa
fa46d8aa
27ae0daa
c7ade3aa
212355aa
aacca6aa
6aa472aa
5f4425aa
17345aaa
5324537fea0caa
cf9d07aa
cf9fcaa
eff3c6aa
a9fcfeaa
c5d38baa
5f0169aa
149a6faa
85b6a6aa
2b53c9aa
e48eccaa
e54682aa
100765d5aaa
538240aa
e5b202aa
4a1854aa
241638aa
a07594aa
fdec9baa
936400aa
3e2983aa
8bdeaaa
74e4daa
125a25aa
84bf92aa
314c72aa
ce994daa
5fef83aa
6b3a09aa
fec49aa
db2616aa
a153d7aa
9b6b29aa
337fa7aa
61a2d8aa
134a08aa
e457edaa
85ebc3aa
dec10eaa
d78aa0aa
279e42aa
439da9aa
ae85eaa
c29350aa
729079aa
509716aa
34b945aa
292976aa
38d168aa
c4e86daa
aafc4baa
c0b29caa
198da8aa
73ca03aa
be7e48aa
64635faa
13f76aaa
b098f4aa
bde5cfaa
a796faa
e6bc60aa
2e2b87aa
70077f4bcaa
51dea8aa
652d2eaa
d1051eaa
f3e17baa
42007a24b7aa
f2a4fdaa
57ad33aa
459a8aa
cb430e1e
92ee551e
49f24d1e
b392eb1e
a6142a1e
85a4861e
d006cd6ff1e
151c741e
ad8ded1e
a238f61e
61d4e61e
8212d1e
4fed31e
b5a7ed1e
3dc5251e
f40cf91e
e21b961e
99c0911e
fff3ff7552371e
2679091e
8bf3a41e
b3087a1e
d2cf501e
1218621e
dace251e
4372491e
b0c8071e
bd10cb1e
ba3db21e
e7aaea1e
9de8568e
4002ff8e
4343bb8e
ad1cb8e
3f16068e
340075510f8e
433f0f8e
184f928e
9020138e
17a3868e
150cb28e
40185c8e
86007b8e
a3e2118e
df82388e
ca4fc98e
a9e30a8e
21a9dc8e
15191579f2de8e
ed30318e
e5dcab8e
5d14088e
eafee28e
44d2738e
33946b8e
183b48e
f336f18e
9bfea48e
8972b48e
14800d8e
f33d928e
be7f6a8e
8a2ddd8e
13a18d8e
c2cbc98e
dd808c8e
c7e4288e
58159b8e
bb301f8e
a6ccf08e
b9f21e8e
2035c98e
e880f28e
53dbf18e
c130588e
9570648e
b145778e
98c86b8e
f625198e
942f38e
25491a8e
b1f6028e
6e2a2b8e
522508e
dfb1a8e
807af48e
8bc1b8e
1857c8e
f10fef8e
8ddce68e
c94e2e8e
e3fda08e
f7c6168e
bf3bd88e
edd64a8e
e81ffc8e
20fdb88e
b7c8aa8e
a7e9ad8e
1a28708e
ef32478e
c801908e
b379a18e
906a658e
14876b8e
816c8b8e
262aa18e
3348138e
50917b8e
cf905d8e
194fc88e
e617e67c569c8e
e16f868e
1183038e
6f37478e
a637f8e
d5c21b8e
a6ba8e8e
5549768e
1186db8e
5a3aaa8e
366c728e
28f0377d70a8e
6588188e
6703558e
51e9f88e
25fac68e
8334698e
3dec0b8e
19a9798e
6a71e48e
6ef6e08e
5c24ff8e
aaec98e
8ba1178e
1e8b808e
2857cc8e
9c92b38e
1eb02778da18e
4b08278e
9b811d8e
e5a28a8e
e6cf2c8e
6849518e
5bcd308e
dd279d8e
a109da8e
5c72d08e
d1b9f58e
2d5e608e
8117f8e
9713ce8e
af60c98e
a786b38e
848d7e8e
a678888e
220074e5048e
552998e
c612b48e
897b338e
23e9748e
e653228e
8f6f658e
9188828e
1416048e
cb00e68e
a9b7598e
8ee91e8e
4a12b08e
33963b8e
1e761a8e
ebe68e
f8eb052e
2fbe862e
2f089f2e
245ea12e
ae7de22e
12a06c2e
961fd62e
e717b12e
4ee7382e
3fe7f72e
6f41732e
cb63542e
4dd97d2e
ad07072e
508dec2e
65068a2e
95f3882e
ce42092e
9120292e
aa3f852e
b936842e
100732cbe2e
ff40ff7da9932e
af57fa2e
cd82842e
d8523f2e
bc2ea32e
45433f2e
460076d4762e
9d32082e
7a007760a52e
9f20a92e
1388a12e
b67c422e
5199ff2e
3a229a2e
cdce922e
1494f92e
917a172e
1113052e
c8879c2e
e9b8bf2e
f7b41e2e
e7656c2e
f1ae3e2e
ea7abb2e
37f5cf14
fa9e3214
ba74c314
b9ee3d14
d62ccf14
cc2dcc14
989db314
39b2a214
2ef6b714
9ab55314
25425114
7e58914
41cad914
21dc8d14
2243c914
10000ff595c0714
1ef49c14
cf3e0614
986b1914
133a8e14
ed693709
28818009
a8eeb209
ea348409
ea0cc009
a6f85009
10000ff5a1fdf09
fcdd809
bd7b0609
d3773a84
2b06fb84
42b0cb84
aba29384
c4fba684
e6246184
5709ad84
d5a66f84
b9e4ce84
3589984
3b3aa984
400740e0984
dbdbca84
b78b0884
cd2ab584
6b8bfa84
5da3e984
d6c9b84
3cbea984
24e1f284
9c7e6184
61046184
13823784
cf42b284
afb7f184
f3536584
697f5984
bc09dc84
bd856384
69b32984
22612a84
3c4f0f84
2d12fa84
819d1084
99d8d984
c3a05384
52654984
498e3684
4cb05d84
489a6684
4296fc84
4129fd84
6e5aa584
82c39084
5d837184
40a1b084
9735c584
ec9ca784
a8131284
2fc06384
551b6f84
d3d9384
29bf0084
181d6b84
ffc71a84
df28ac84
437ccf84
aea39384
3f40479aee484
509cfc84
c909e284
a3954484
500744e5b84
b17f7f84
e4da7684
234a6284
437a2a84
11234184
61172a84
cc3e984
100728b3484
1162ef84
b5bf0b84
f1cb0084
21a0b184
884fd784
60df6c84
14a2a284
21ab4684
273dfb84
10797584
92edf484
20d47e84
53d27484
3193ea84
9ee71184
d815d884
9c210184
c83eb084
33fad84
48f40e84
80fc8784
add0b7ab22484
c3a3f484
b2485684
ccf92784
fbf05984
b0117584
d6000684
19a9fe84
f51f8184
2f994884
1e3a8584
594bd184
2fe36484
89fdb484
9a211e84
f3bd7384
946e84
a2672684
6dcaec84
c25ce084
9a009f84
cac96f84
914c4884
3dba6884
68445d84
5c775c7cd5f984
f1bb3684
b4117884
1460147b536d84
1439ef84
ec578184
804e807d29dd84
8d91b284
3e926684
12fc9784
ec42ab84
ac03ab84
20bf1084
e40a8784
f8560784
5fc4546f
905c656f
f2fb376f
4ab8856f
f1af096f
dc837b6f
91b8536f
c680566f
4809e36f
5efed46f
2ec516f
5f0b06f
bffe776f
1b102757da76f
1f832e6f
939c0d6f
5873316f
1291916f
ad37fb6f
83717e6f
2596af6f
43787f6f
11007240e76f
483d176f
f08eda6f
8955b96f
5f644f6f
8b93e26f
4a1de66f
48591d6f
c3d4536f
2515e86f
48f8156f
9afde96f
b572ee6f
fba0146f
fb1da06f
44ba3f6f
f1bbe6f
5713606f
3bf9a76f
6c306b6f
6036b96f
533f4a6f
f5db86f
2f561c6f
6b25b86f
fe836a6f
915df96f
a3af1e6f
4aaa546f
40070d12e6f
463afa6f
5699e86f
5ed0526f
f686946f
fddd2b6f
36b39c6f
a3ed746f
11e1c66f
ccd3cf6f
d0237e6f
ebd8916f
9c36e26f
aa695e6f
e8489d6f
e8968b6f
233b796f
80336f6f
b11dbf6f
6e95ac6f
d011fc6f
3038f66f
452b976f
4750e86f
c160896f
5ae4536f
4d87c66f
5c4ff26f
4238a66f
b82ed16f
5573036f
5386226f
3a61446f
9584276f
663c776f
9f10c16f
6c9da96f
4477f76f
252c9b6f
a5666f
bb01216f
500710d816f
b328166f
2e301b6f
d621b56f
4cd0986f
b22f526f
980f9b6f
51d28a6f
ff278b6f
60d656f
fe35fe7a815c6f
ca9a336f
4b34966f
3f3a576f
299fd96f
f7ed7f6f
8ff4546f
954eb66f
c352fb6f
d3be5ab9
dd3f05b9
1007131a2b9
e9220eb9
4c1c52b9
143f1b9
688293b9
fdbcd0b9
10353db9
d45cfab9
60072e36cb9
e0f198b9
f63e09b9
ee6ae6b9
1ac58eb9
45f05eb9
cdd4ab9
62310ab9
8db9cab9
1feb8bb9
c4d33bb9
265b49b9
e13819b9
ccf5e7b9
17ea66b9
1b9402b9
24019bb9
c87a26b9
2e07cbb9
75ea8b9
3e5979b9
e2d8b5b9
9dc899b9
824b3cb9
97ebbeb9
408ffbb9
c1f97ab9
d73848b9
20af11b9
936aa1b9
adadb4b9
4bfad4b9
aacd66b9
d3a201b9
1ec8ecb9
ed43eb9
8d7da4b9
57d118b9
9269d2b9
e58e39b9
6c597db9
6e27deb9
ae1454b9
d646ffb9
24fadb9
ed9dcb9
ea4d1db9
55a4f8b9
4206f0b9
ebaa26b9
dc761db9
f86d1db9
d5fb8ab9
963d15b9
2977bbb9
3fb78ab9
213a63b9
18aa66b9
f45dbb9
d887e1b9
cf7849b9
bd51c1b9
5699beb9
5b68acb9
5d6af2b9
daf9aeb9
32f8e6b9
d7668b9
2e0c55b9
bdec4b9
4ad3fcb9
392b20b9
561b07b9
879f9b9
c83ea7b9
ae71ae7bb4cab9
415625b9
9ab938b9
48236ab9
f0d5c0b9
fa0fafb9
9582acb9
5b258db9
9b62f6b9
c74360b9
9d5d64b9
a8977fb9
3d3fcb9
25a7a5b9
d580edb9
f4490eb9
8790878ae21b9
876b29b9
252910b9
12a20cb9
e6b9a4b9
6a9686b9
e8bedcb9
f83476b9
54f781b9
10e485b9
822f7fb9
f14ae5b9
14d910b9
c0fe29b9
5e2713b9
c35364b9
74af2b9
a9aee2b9
f68fbeb9
5223edb9
887543b9
9cd062b9
b4509eb9
371abab9
837c64b9
f16757b9
a1b824b9
c8ea1fb9
ea5ad9b9
c9daa1b9
d976ecb9
fb9cd0b9
5edba9b9
1d4556b9
f88deb9
a53a7db9
1d00746140b9
cf8a78b9
640c54b9
245ca4b9
d74f4cb9
67bc99b9
2ab344b9
30d7c9b9
26d455b9
949106b9
984ef4b9
42dfb5b9
40398fb9
3f43cdb9
818a48b9
3f05ecb9
3a00751149b9
150074109fb9
dc12f0b9
909e73b9
c50278b9
72ceb9
23eb5eb9
c04386b9
3993bdb9
47d49ab9
25a38b9
b82b09b9
a7a1d8b9
4bc458b9
6bfae4b9
1544c1b9
100711f8fb9
637dfdb9
9714c7b9
b68a15b9
9e172fb9
8fa80b9
48a1497ad3f2b9
a0f1b8b9
e234d7b9
3eb3d0b9
659794b9
999cdeb9
de6557b9
5dfdefb9
6ee89eb9
3be9b4b9
ce69d12c
ce165b2c
36c8eb2c
8d075e2c
5a60f72c
695cf42c
90da102c
4da3802c
4ae0052c
9060e92c
9d48472c
82805f2c
d34bb22c
ab418d2c
57b8eb2c
f17bb42c
df27c22c
e26db52c
47324f2c
1f03782c
9ec3f82c
4e6d2e2c
3013fe2c
10000ff78bd632c
9168442c
3e32c42c
beaba32c
bc5f22c
cf4b5c2c
fbe47c2c
57cac82c
45f4542c
2187a02c
f91aea2c
8c7d8b2c
516722c
18f2de2c
1a71862c
6856872c
f2e8252c
3cd4b2c
d974892c
1665582c
30cf442c
a5219bb0
4b42cbb0
22f38cb0
bdbcdcb0
48d3a5b0
91db69b0
f95761b0
8c5bc5b0
80e8b2b0
a6ab64b0
add523b0
a9ffb0
976f7b0
4efca9b0
c9d713b0
1ee81f7e190db0
1817a9b0
6e8b6bb0
d36294b0
3359337e9bd8b0
e56422b0
e4ba37b0
d30361b0
f2eb91b0
faa1e3b0
d6568b0
eee966b0
d3347fb0
eb7947b0
ad3a81b0
8811f3b0
b0ed04b0
58d853b0
6f19fb0
262d4eb0
73f8e2b0
16ec5bb0
39af7bb0
2762eab0
450661b0
69793db0
ac11ac7fd095b0
f80026b0
51290fb0
8157f9b0
d1c8e3b0
d304a7b0
362805b0
377d16b0
c0fbedb0
cd81e7b0
338778b0
52e9f5b0
34cce9b0
f90babb0
6b08eeb0
9bb2ceb0
fe4118b0
e9085cb0
8e70e9b0
27eb24b0
563effb0
9e7708b0
84b707b0
443c21b0
9fb2fbb0
aeb8aab0
459819b0
e0f31cb0
1899b0
d60c13b0
634d44b0
571ca2b0
e3e1bab0
486cd4b0
4f4d3ab0
8c0d5cb0
5f7fe2b0
953c14b0
a97d22b0
818165b0
6d0e21b0
40c649b0
bb4926b0
de64e2b0
4383ccb0
9e20d7b0
82b4e0b0
ffe354b0
a67127b0
619665b0
f10462b0
3b3502b0
1ee3ceb0
b587eb0
32a8bbb0
b2d55bb0
f8a45eb0
17d8ebb0
8443f5b0
5b5db1b0
eace3cb0
c080d0b0
6fef4eb0
4e308eb0
9473e1b0
8d12bcb0
8179ecb0
685272b0
d8bc3cb0
234e89b0
5e8cbeb0
aaa3bfb0
21f14eb0
6d69f7b0
5dd32bb0
be54bfb0
635cd8b0
c276bab0
650ea0b0
3961f4b0
e098e7b0
d3392b0
de0b3b0
8ff380b0
c5d3c3b0
d842cb0
f0bcb3b0
ee2eacb0
84708bb0
607e1b0
bf1f46b0
44f0c4b0
d57dafb0
32b337b0
599f51b0
6f807ab0
24a2dcb0
57c334b0
a05261b0
aecd42b0
9b2b73b0
b5298cb0
824aaeb0
ffde6ab0
96edfdb0
67230ab0
1a7027b2c4bb0
58d4fbb0
4339cab0
b146f5b0
d68e93b0
c97a34b0
673e52b0
9f6b62b0
e113d6b0
50076e96cb0
81881b0
dd62acb0
217cacb0
42726cb0
db7cedb0
807aeab0
b6256cb0
99d50b0
eca5e8b0
3767e3b0
826248b0
b3807fb0
f7c767b0
11c297b0
aef387b0
c1c86bb0
14ed31b0
3f5210b0
a22147b0
f0862e07
17060d07
9b40ee07
58c37f07
553d557bc82d07
aac4ab7c7a1307
a37ca707
33c52b3
75d077b41a1b3
fd2a85b3
357b45b3
e90eb6b3
4e62c1b3
50075681fb3
135017971c0b3
feb8e2b3
36fc91b3
abf5c7b3
cd9b1b3
2d054ab3
b9a219b3
be36b0b3
ee2d33b3
61e7e5b3
111fab3
91bdb0b3
54e634b3
9994cfb3
5b9271b3
10073c26fb3
4f52adb3
c2ac63b3
e253ceb3
889c92b3
f13812b3
322059b3
837f1bb3
ee78b9b3
8dfecfb3
849ad2b3
97181cb3
182493b3
fe33ecb3
fd4702b3
c07aa3b3
d10f1ab3
2565a5b3
fe4967b3
613d1bb3
37cc25b3
35674cb3
442aafb3
fd8081b3
d3281fb3
e052bcb3
5c70a0b3
ddbd67b3
2de076b3
51c255b3
c9b07cb3
6e875db3
5be4aab3
a70dab3
1dd4b3b3
857bc3b3
148d4eb3
c3f11bb3
f1c80fb3
962f2bb3
b624cbb3
d4c1a7b3
9799d1b3
30007796d9b3
ffb8acb3
383d51b3
a4b2b7b3
909674b3
80f738b3
1694f3b3
fcfeb0b3
81e59eb3
6db254b3
9d2e70b3
bd9f8cb3
c91a8cb3
e50c62b3
a8ad5b3
11301795452b3
373cb6b3
cb7340b3
3fb873b3
e85932b3
1cd40db3
fc2479b3
87f4bbb3
def428b3
c79352b3
241a06b3
dea14fb3
8f9ab6b3
23f519b3
123c7cb3
d6658eb3
6b409db3
a9e46b3
96f164b3
a2beaeb3
f00e4b3
85eff2b3
fa8a12b3
153017989d8b3
9c8d50b3
d5d4a2b3
1e27e1b3
92bb06b3
91856db3
f01deab3
f5a073b3
c7cf9bb3
15ba31b3
d32a85b3
85437bb3
4a6a2cb3
4ab07eb3
b86520b3
d1fc9eb3
8ba1b5b3
6f4ffab3
d7d2c8b3
255a64b3
6d7645b3
628193b3
a4999db3
1880279af98b3
d82e8cb3
c05f2eb3
371e61b3
e5221db3
a19591b3
425032b3
3b0084b3
19b650b3
bfbfa8b3
40b5ecb3
6387b6b3
3418b3
6421e3b3
18ed3cb3
1a8b7b3
90c53eb3
6b8a94b3
aa372cb3
30566db3
c19cc27e85c6b3
e1f66fb3
25281bb3
92879b3
cd7cfab3
a238f7b3
884c0b3
58b6fdb3
818b40b3
94e855b3
6abf69b3
bf34acb3
31ad327d29e4b3
1ec276b3
5892beb3
decc9fb3
fa2254b3
4e016cb3
b73336b3
ae44c5b3
a1bf6b3
ed8e8bb3
e1ae00b3
93865ab3
37db13b3
a88c92b3
5fb40cb3
bf8d30b3
8c1ea4b3
5d6d19b3
2d998b3
36cb03b3
443fc6b3
c44ef049
4e25e049
de7c249
6676e449
f61c5149
3c0ae849
f346b949
c0355049
40074b2a749
bf41e749
48737249
d203349
51c72f49
f9c71549
21fb3e49
fa113749
9257949
ee307d49
c2e1d349
63ce6749
650fc49
99922849
bbb81249
8c9d5f49
adf82849
2393ef49
3db96e49
162bf049
582ead49
59c15a7d644449
bad3f549
75b1f49
689ca749
57a61d49
d4e88d49
616ae549
fed42949
c8181d49
df2a4749
57558749
42133349
640aca49
54f8e149
88495149
c2633549
8a601249
b46a9149
6aa2a449
4b65d49
39d0e549
8cfb2e49
3796da49
a6939949
e7af2349
eeb9c549
64bc7849
2b903849
85bbf749
af7f7049
1df0af49
c62c7949
3d48f549
5e770b49
39c2d149
412db649
b9f55649
446f8649
d83d9349
17baf649
91364749
adba4249
316b317ccb4449
74d0757da80b49
8ecca558
53412f58
62d13558
3f9e3e58
b30cc758
2b14158
ebca3558
15428358
db177e58
4a12c458
4f00f758
42d2c758
2a131b58
87119558
8c2a4a58
ec5dec76dabd58
bb036758
dbfc4458
faeea658
e56c3458
4e4acb58
9d315958
29fd8258
f7ac2458
e2adee58
ba9a3d58
40b8558
ee30af58
df6cbf58
c74a4d58
fc455558
c6046458
e89cdc58
df4e958
51e4ca58
29989d58
208f9458
3948558
656cc258
ff1b9158
d60b5d58
a5fbcf58
9fb6f358
6a007083d558
e2bdd358
a97b6458
cb384958
3e04f458
a6ce3658
23f68c58
45b43358
b66f2458
d7e9a558
b8c0e258
2e71dc58
3d2eae58
b52d2d58
1082e58
cd22af58
afe75f58
eae0a158
9820e858
1339137458dc58
bc44e358
66d4c58
d781ea58
39400e58
a4f91158
1f7c3f58
3d943c58
5eab7958
20003a58
56ffa458
f49cf058
2584d658
31a39c58
95ced458
d7396f58
59231558
4451a358
c5085158
f09d6858
a439cd58
fe4a1358
c2e66358
5fc58758
80bd2958
a7427158
14af89b7
26c220b7
342557b7
af50c8b7
9d378b7
557fbb7
a0d884b7
36eed0b7
3cd26bb7
a10bbfb7
3bd862b7
d91b5cb7
2ce122b7
948b3eb7
5b543fb7
1f808db7
6352b5b7
4a7f4a7ecff3b7
c783b6b7
c02f00b7
b3ccbbb7
a2a7dab7
f9a7c4b7
6a707bb7
2850db7
a729d7b7
40d077b7
495166b7
83644bb7
62bc1eb7
547f9ab7
13925cb7
e75a7fb7
fd4079b7
a34c58b7
172da0b7
9e30cfb7
3ff3e1b7
3478c2b7
531057c266db7
a6bc84b7
e179b3b7
9ff3feb7
bd4541b7
2c33b1b7
1c81f9b7
90a7d8b7
5d6536b7
680d94b7
c3582bb7
40beb8b7
8fa8feb7
dfa238b7
1f6b12b7
819d50b7
e641a8b7
1c12b5b7
2a0026b7
cadfd0b7
619647b7
e69ceab7
9e2f3bb7
4686ddb7
5d5017b7
1b510bb7
e015edb7
d4bb77b7
32402b7
e29245b7
340461b7
9e02e3b7
89f642b7
f1033cb7
25c03fb7
b5bd7cb7
c9246b7
5ff357b7
58755db7
a61cd3b7
dac30ab7
4e23bb7
5f4d03b7
de0042b7
6cf902b7
62e383b7
5cc0f7b7
efb7bbb7
383ea1b7
2a92d8b7
ac5cac7fa73db7
83848fb7
8a0179e325b7
920d6eb7
710aceb7
d0e3feb7
63fbdb7
bb692b7
dc4f97b7
a8ea13b7
34421b7
8b7681b7
a15f0db7
514e45b7
c23e4bb7
ab4b89b7
476392b7
130f07b7
e35d3ab7
5256e0b7
ae1776b7
8cac29b7
c0b0d8b7
32ee1ab7
369037bbbcab7
e43ecfb7
bebf90b7
abefc8b7
386f91b7
d53ebab7
e87fabb7
50104eb7
16342b7
65033b7
6afddeb7
946ff4b7
82a00ab7
aa91ceb7
b6c6d1b7
6feb8bb7
a11d2bb7
302d5cb7
d6274eb7
6810f4b7
ca0629b7
ba4622b7
f84acbb7
37496db7
18ee11b7
e7b9a8b7
63c83bb7
178fdbb7
5151cfb7
c522dab7
3d8bc3b7
e89708b7
d332e7b7
6be49db7
605884b7
f3276cb7
390d49b7
730718b7
f5ff13b7
8c59d4b7
29841eb7
5bb066b7
39ec75b7
c2d346b7
a3a988b7
ad2976b7
544e6db7
5e22c8b7
eab0bab7
30562eb7
236868b7
fa93e6b7
9897a8b7
ab2667b7
3e79d7b7
39eb9eb7
382703b7
69360bb7
22a8edb7
675b5fb7
9abe08b7
afc121b7
28455db7
64bf7cb7
cc79f0b7
d24154b7
68fe49b7
fd53fdb7
33f293b7
a8b42fb7
b7613b33
3617367e818933
42d1e33
2c407533
8dff5533
c21d233
5ea67533
ff938133
63b19333
2c810933
ad5fe533
1da2033
1f582e33
4a095933
860087ca48433
f2ab7233
a934bf33
41e99533
855be233
f21f2e33
a94c4833
5e196633
5973be33
b20dba33
3bcd3c7e9b2f33
a151cf33
23b69d33
b0b0c233
dd830933
ad50f33
30f7c133
eb781e33
b2778233
d67a1333
140077fd9833
5d7f8c33
33571f33
72278233
e0331b33
85a8867f699933
d2e1a233
28453e33
a2b4e433
108f9533
48d70233
b850c133
de1d1333
c4c5b633
97f90333
3756f933
39d06e33
efe7e0b0
bfbe46b0
140077868bb0
ee5e8bb0
a6fd76b0
dda1d5b0
1283c0b0
da2c33b0
8b1a02b0
9a93c6b0
40993db0
cf9bd7b0
29e6a0b0
9e57cdb0
5c8adfb0
cf52bb0
9027ceb0
ff017a0dadb0
29ed01b0
bc773ab0
30f7e2b0
edd969b0
44c524b0
2d6bf1b0
907773b0
80bedcb0
2a5c2cb0
9f3362b0
e80272b0
57afb0
d76ee8b0
bcb00cb0
63f05eb0
959342b0
f2ff37b0
54d7eb0
aef925b0
f624b0
3d5d02b0
a60179a014b0
54af56b0
ae44cb0
fc8341b0
b4f9c7b0
6c9fe6b0
ee6505b0
259f4eb0
1448e1b0
1c281b0
4dc774b0
e26528b0
10074c232b0
40db43b0
984123b0
175209b0
1737d3b0
5039cfb0
ca7c59b0
435615b0
cc9acb0
85da1eb0
a7ec82b0
41d9d9b0
f04851b0
97972ab0
9c784cb0
3c404cb0
ba75adb0
52a652b0
a2a038b0
b152bab0
4391d2b0
10f655b0
5b31c9b0
e7dbf1b0
155c23b0
6209dab0
52d89ab0
72171b0
6a2e87b0
60e501b0
cae849b0
88ff90b0
be168eb0
5309e7b0
682290b0
9fac28b0
4da1f5b0
8279a1b0
9d2f3bb0
1300777ad2b0
589e10b0
e727cbb0
d3cbd2b0
106eb3b0
693063b0
d1df6cb0
80d8c6b0
115dceb0
9659e4b0
ad3523b0
29b44cb0
fa37fa7f93b6b0
5071afb0
f29fcab0
bdb48bb0
cdf93bb0
47df9cb0
9aa775b0
f33370b0
6d6115b0
104429b0
8d5ff9b0
ad4cf7b0
72950b0
ba442eb0
307ea5b0
d7e5a2b0
ffdf4db0
5ccd6ab0
e625b2b0
ed317db0
5d306bb0
9e2ee4b0
bc6d0db0
922543b0
d1af2fb0
f7da6db0
8b018bb0
7260aeb0
f253c4b0
b75c00b0
4e3ddab0
3d4b8b0
4d1d9cb0
5e5ed1b0
d63875b0
3236fdb0
87b93db0
3d97edb0
59bc5db0
6a746ab0
b3cfddb0
1e38bfb0
ab56f3b0
4fa33cb0
727c85b0
5e3855b0
657a70b0
53216b0
5b8874b0
e0cc27b0
d9aa15b0
bbbd58b0
500762447b0
68907bb0
62f8a6b0
d06dd7b0
3e7e69b0
171d4fb0
e03f9b0
d97beab0
215bf4b0
68db20b0
3b4e3fb0
27ceaab0
430ea8b0
6e00793845b0
4f5165b0
64334ab0
9e8569b0
fdc40db0
d7629b0
3bad18b0
38a047b512eb0
452001b0
4472bc4e
f37c404e
ebe54e
9bfb944e
a8ea674e
2eb34e4e
ff34904e
f7e5924e
ab8ac64e
e713454e
3c48074e
aacf584e
553c4f4e
35cb14e
aa2f164e
8125934e
cd64284e
3418ac4e
b503594e
3694144e
fdc3fe7f4fde4e
1ac2d44e
8744124e
a5093b4e
deef114e
55dc744e
2d22094e
9010704e
16c45d4e
fe7aa44e
19e0954e
91f9c64e
4a0b504e
c0a2254e
38069e4e
b2ebdf4e
6448954e
1a24394e
32b78a4e
3298054e
e550344e
28e1894e
22dd164e
305f7e4e
4719824e
cb3f784e
329cff4e
f008a74e
4eb2404e
f33e2a4e
afafe44e
e1d9e94e
4cc8274e
ea6a724e
e5ac9e4e
6ba7844e
a7ec464e
90906f4e
2a58694e
63e4454e
10deee4e
7376474e
6efe674e
23d027a95c24e
29c0694e
da6194e
4e9d2e4e
fd5fea4e
bb8d2c4e
10f30e4e
2b7ab64e
d978bf4e
8528104e
59bc0a4e
cecebe4e
ffcd634e
f51db64e
e303894e
8bcb2d67
88f90667
c630bb67
e22f7067
89605467
56c0578890667
49815367
a71cec67
59ffcc67
69733e67
94669e67
a0d13567
334e0a67
c2413467
19256367
17b30a67
5051167
27b04167
b8bd4e67
9024cb67
125ca467
37eb467
b5ba0867
30320a67
7034e67
f9eb5367
a6b71167
86a7c67
c5846b67
2b81ef67
64cd657b74b267
f829a567
4e084167
3140377f7b067
d65c4c67
9d40f667
bc612667
e6e4ee67
bc4d7c67
665e5267
f6c9b267
d66bff67
43db7a67
a40b0367
172ae867
70a7d667
1a081a7a1a1c67
dd384e67
f9528e67
ad15db67
12ecc767
2422d867
e9f25067
4e7eb167
fb899667
b0c3c967
9adcd967
6a59dc67
48543367
6413d67
f8d59667
a85a6f67
d5cd0a67
4a30d867
21dd3767
62d08367
2e736c67
bbeec367
ffe82d67
87b19a67
5e089067
2ddd9167
2f36d367
70bf2767
6b110c67
8b6e4067
6bf61c67
ea848567
9835567
61d2d167
baf41b67
1400744d9967
6c352c67
b31e267
600731c6767
a81ea667
37c57467
3debd67
20b41d67
981c6667
ed9c0067
6bd8cf67
788f797ba30f67
89e80e67
3b465f67
7d41767
66402f67
97683a67
905a4d67
d3a79167
28693967
8fc1aa67
6eeacf67
30d59abb
e86f94bb
915072bb
f6c5c3bb
26bbdbbb
a05de9bb
2ab405bb
6aedc9bb
df2d2abb
ca86f9bb
a88101bb
1f8772bb
5bc462bb
e16bdebb
c75f56bb
39ca7ebb
ee353abb
77fe9bb
13b0177fbd5bb
10072b61ebb
c9d33abb
86f0d4bb
820c30bb
1a1be0bb
18edfbbb
3aa69dbb
f091e5bb
d1e223bb
26b435bb
f2f14bb
12d024bb
897167bb
b37a8bbb
a367f7bb
28541ebb
1649b8bb
d7c4dfbb
dd60fcbb
5b576ebb
907573bb
32c0378ed1fbb
504844bb
3f3969bb
69a57cbb
4ae1d2bb
5bc17abb
fee194bb
6491e3bb
1f743fbb
6fd382bb
4dcafabb
1007210f1bb
ed1b40bb
1c8ee6bb
4f29bbb
dd82d1bb
880b1dbb
8cd7cfbb
4a39d8bb
1a57bb
46b1b4bb
337699bb
eb1b58bb
d37f05bb
1a75acbb
a5132dbb
1362a4bb
159b50bb
da81cbbb
8e8443bb
24d154bb
15be0bbb
957d1abb
95929abb
cdc469bb
92e1937cc2c7bb
142d21bb
9ec7afbb
900f34bb
8eb5b1bb
44605bbb
fac9ebb
5477f9bb
ecf3e1bb
6fb124bb
1ced7cbb
901aa7bb
17325ebb
91ebe0bb
5d10a5bb
93b64fbb
9e2d7dbb
a4c599bb
b68811bb
f78632bb
4865debb
4c4016bb
1aff1ebb
f3c356bb
36bc95bb
39a040bb
4d59f6bb
c5e867bb
616aafbb
97409fbb
9c51d1bb
37372cbb
59db93bb
b6c448bb
e74a04bb
58a2aebb
2c382dbb
b688e1bb
390f44bb
26e34cbb
35ca9fbb
e483b9bb
7132c7bb
fafdfebb
564d78bb
64df51bb
f2a9a8bb
ddd4d3bb
f338c4bb
b9fc49bb
26fc04bb
2eb662bb
146e67bb
8d3a21bb
13c543bb
14ba5ebb
f64f12bb
2be2a7bb
dae2f3bb
673c677c689bbb
9b0c4bb
3e7eacbb
672babb
abe0b0bb
dd5074bb
8df96cbb
eb12fabb
d4757fbb
c0f6afbb
4d35cbbb
566392bb
3b4bd2bb
5fe870bb
d1703dbb
d5589bb
d83b38bb
e7b00bbb
a5c89cbb
ec4b10bb
133984bb
9b1febb
45ddc3bb
10071fcf8bb
e3b83bb
a5857ebb
a70738bb
a1f7c0bb
56ca8ebb
391d80bb
cd691dbb
250075d928bb
c08c93bb
e5528cbb
fdbac6bb
21a16bbb
8077cdbb
302f00bb
1c405ebb
140d9bb
314d98bb
3d6e55bb
3a0f1cbb
15401780f76bb
b7ea9fbb
c75516bb
4278bdbb
9b486bbb
88cfd7bb
d3c03ebb
17568ebb
d65cb0bb
af168bbb
9834476c
ece9fb6c
d6771e6c
e058516c
addda06c
362c9b6c
5c0ff6c
5c79276c
b8336f6c
fc32566c
d0bcd46c
2d73736c
4fb8276c
8d95456c
bf38ee6c
a1a0316c
80b6a66c
154b576c
a5802b6c
6a11aa6c
6b324b6c
300726c
f24e2a6c
35e34a6c
ab9ac26c
de4a606c
df3edf6c
dbb1e86c
f088c16c
32756d6c
434cc06c
d7ae76c
ec6c3f6c
5daad76c
c535956c
a4b2d66c
811bb36c
85c356c
544cda6c
c1c1836c
4d290b6c
9ff3b86c
648c516c
13ce2c6c
d62eae6c
8d79ad6c
433f746c
b5d39d6c
5a31896c
95b1976c
92e3c46c
b212e16c
1f2546c
fed1ff7f9a3c6c
9d435f6c
642d766c
c9b6e86c
1741fa6c
18f7636c
2f3cc76c
d1c1aa6c
8444b86c
9d63b56c
d9733b6c
989f16c
5f62dc6c
3450cb6c
ab75cf6c
b4b546c
e049c36c
3330136c
633e736c
da42666c
cab1ee6c
4f02dd6c
6b024a6c
4997736c
a179046c
df3cb36c
69c76b6c
e0ca856c
e109826c
ea0db56c
d8dd916c
905be96c
32a6aa6c
b40f256c
1d89446c
6b6bb96c
a9ca076c
92a296c
1a52bb6c
4ab1dd6c
49f6396c
94edaf6c
3869a16c
861e366c
8afc486c
811b906c
b2feff6c
6a2bc96c
d6f7e06c
5abecf6c
18e7006c
130017a3c536c
49f3056c
6ad0086c
3d31b76c
4b41754b
c05e874b
be5fff4b
bdfab84b
e7017a22da4b
600766b474b
56c7954b
687afc4b
dcaedb4b
469b4b
3cc0904b
f0c5fe4b
33eb1c4b
c716e24b
df8a14b
e07d494b
c409364b
f6c26c4b
e4ddcf4b
3f50cb4b
1563f84b
7120b54b
3939b94b
1eb50c4b
c0fee64b
fea4174b
4470134b
c267684b
12d2137d2cec4b
e8889b4b
127034b
6413794b
a0d2364b
d329554b
6f3c4c4b
5e40174b
d7e8f34b
b886104b
b93b824b
c872c14b
3404b84b
286c784b
1d95cc4b
69ef174b
5fe73a4b
b72af04b
c7c5734b
a2ce374b
b9507a4b
2a46124b
e49e294b
b2c3324b
fdb8ba4b
2a468c4b
3755244b
7455d14b
c33fc24b
82f3974b
8e06604b
1ece754b
ec42ec7fb3fe4b
ceba444b
5c7fdd4b
3b132b4b
48e8324b
d4e7494b
4552f84b
d180ba4b
3688fd4b
5c8c044b
3e116f4b
2e58204b
3b86cf4b
906404b
ff78f34b
d4b0436b
1456686b
72db76b
6fb36d6b
c781cb6b
e3886b6b
c39d016b
96842b6b
d33ab6b
e8acc6b
3d3e726b
fb26fb6b
cb4cb6b
3cf8b66b
af01ff6b
e882bd6b
5e97916b
f8789f6b
6285766b
e89a236b
2997676b
d1e5416b
be2f0c6b
4592d6b
31a53b6b
ee37356b
420e0c6b
efa5926b
1319bc6b
db82246b
cdb3726b
2fd33b6b
4f35dc6b
5499326b
1875276b
6b8c706b
62b4196b
639f966b
f6d1176b
f6af776b
45fb516b
f834626b
5af6cd6b
ceba056b
3313846b
a366f26b
8f52c66b
bf34806b
dcc1416b
3dd7936b
676ebc6b
5f639d6b
4250c16b
2bdeec6b
56cdc96b
30b6236b
664e166b
93c6726b
e988ec6b
e0779f6b
4d32da6b
6405966b
433c886b
19f0716b
cca37f6b
3afa646b
351bcd6b
25b0356b
cb1c3b6b
bb6a536b
a6e5b16b
9b199d6b
d399a46b
359df06b
1db5686b
dd1ed26b
f1886d6b
d57cfe6b
859e7e6b
be1f886b
14dba86b
6446be6b
2a2efa6b
59f2a56b
72dba56b
53d7e06b
9004096b
35f1e76b
646a86b
7304b26b
2411826b
71661f6b
e568f26b
b9e0246b
4ca5276b
243e946b
e0b0736b
b021056b
b8cc696b
474fc36b
956d636b
3a97ba6b
dd42146b
11c94c6b
10000ff7ffdcb6b
3e8bd96b
c77da6b
eb4b1469
8595d769
a6544969
57227569
1874b369
f3377f69
110aac69
6b204569
67bfcd69
37fdba69
d8306f69
c9308369
d0207f69
6eddf969
2f958069
1ed92d69
72e07785ffe69
925ea869
55dc8069
b99a8269
565a0869
58192969
67e06669
1d821269
9af95269
27cacd69
b9635869
afb15669
8b68f469
386b6669
b6380f69
e8f19d69
3268d69
2bacae69
f368c69
453d5069
a1c57d69
c97ca269
be64ec69
efa56269
b1c8cb69
2c191b69
8989a869
97811269
cc70c769
13ba147962e469
59391469
d1a88569
1c71c669
55e10769
9a3d9e69
31190d69
40c86369
6c196c69
af3e7969
b8253e69
1bfc8169
7feff69
1e1ed469
6f2fd969
fe664169
a169c669
80896769
fcca5a69
83ffd969
e6425669
fa168769
4d851269
84e5d069
8b3b7169
1ba45369
6e49ba69
33a60569
398aaa69
28fc1b69
3dd8d669
6e040169
ccfb8569
1c8d9569
e518e57bd66c69
fb375169
4684fb69
27e44969
b265e569
173af069
c9c26b69
ec933b69
91cd0169
e756569
c6beb269
1d204469
3b0cad69
48cd7869
a4aca69
41111a69
e235b069
5baf2b69
ea3eac69
9be5cd69
364c1669
d814f869
d134a069
a7141069
6eb57969
a87ae669
8e97e50
80b04350
357cc250
4ba1f050
40e87c50
84268f50
3e87e750
f0457450
f9040a50
d8a2c350
65b9e150
65e3da50
3c14db50
9f68aa50
18ccaa50
914e9850
5271c350
1f79ed50
64a2f150
8629e850
837d8550
3ec5a150
e8ebcc50
da708c50
2bfb4c50
48e99250
6b3dfa50
14d017a263f50
deaddf7f4af350
d4949550
2ea09750
19d5b650
8d883450
fd7f3d50
98a8bb50
e5fcae50
1ed05050
89391d50
9c2cda50
a4b24650
6e4fcb50
2cfb6050
1b769e50
1a46b750
9a70f750
510a3550
90474350
2006207d5b6250
44bdef50
95b30e50
9af60450
da3a4a50
5e7d0750
201dec50
b4ca7150
f6380f50
10f06b50
e4372850
d7126550
3bfe5a50
4317ef50
1b8ac150
2deafd50
56efb550
421b5750
610c5b50
5eb49950
bc4c9d50
d2324050
9cd36550
b246b550
24f25550
a7ebb650
c52af750
b1931350
5ee91250
112ec250
de96ce50
b3ae2050
31547550
22ff73c
d5446a3c
d9dd53c
adb02d3c
e6c2683c
6c5c3d3c
9b914f3c
1801313c
8e03cd3c
bbabe53c
aecca23c
330076604b3c
c5a0333c
f5217b3c
a556bf3c
bd2b623c
b6f9473c
b986e83c
2012133c
45744a3c
5d20693c
49076e3c
d1091e3c
edaf4d3c
4e6eb23c
b7be7e3c
419f13c
442a923c
9235923c
55157e3c
4207313c
6516d63c
c48c283c
3779c13c
5cc95b3c
16aa833c
a300d33c
df15e23c
d86ed87d5c983c
d250a63c
275f277ba83e3c
5de95f3c
8e50123c
520e7c3c
982aab3c
dc56813c
ba1fb63c
b835ba3c
c085823c
31278a3c
d2adba3c
9f3abe3c
4f2573c
d6791e3c
d8fd513c
bd73763c
81e3583c
3bc1013c
3d3e183c
6ac8013c
acd96a35
d0ce5935
8918d335
9276f435
fe2cda35
8f4c635
bfa10835
80a29e35
b7437635
8af7b435
869d5235
34f94135
4a91a135
d9728535
f740e535
51712935
b590d435
1e832335
1b8a7735
4e045735
ef3b7a35
bc685035
c0d8b535
38cc6035
33ab9b35
9006f51e935
97e44435
e313a335
bb8a7635
49d28e35
cdd38635
f2b6fc35
c4f84635
b6676735
dad24c35
ca771d35
261ab035
2b6a5035
41959035
e5222835
e78e2e35
965dc35
bdcb2b35
12931375849035
dedc7735
4be9ac35
ed64ed78102735
1c045835
33028635
66d03935
ba1d5535
b9ecb135
85d4be35
e08e68b3
cce42fb3
1e7a2db3
e5d282b3
5a6540b3
47244b3
5b2c2eb3
c9dbbcb3
4b7840b3
9f38beb3
abbee0b3
ae533db3
ae1a85b3
6d3b3db3
1b92d7b3
228edb3
b05640b3
4057d5b3
150cc6b3
3c128cb3
b98384b3
bb717cb3
de386ab3
8d0c70b3
800767934b3
99190db3
d1787fb3
2c11d8b3
c2bcc0b3
6ca84cb3
600763693b3
979792b3
ed02efb3
100743e09b3
1fc5bdb3
c3a33eb3
917451b3
528412b3
3226f2b3
14f762b3
978597b3
cc793b3
15240cb3
f83723b3
dfaf35b3
2bd92bb3
4e2086b3
e630f5b3
6e6ef1b3
964663b3
6fc938b3
e66ad8b3
17612fb3
200483b3
540f85b3
3f6345b3
e05e3fb3
69fa18b3
841812b3
35423cb3
625e9bb3
2e5572b3
5da85fb3
fd26deb3
58c4a7b3
667379b3
b32986b3
61ff33b3
61479db3
ee7465b3
5eadc9b3
e92b53b3
4e6ffcb3
35d037b28e0b3
8e0042b3
c8faf5b3
822fa7b3
359d01b3
61111eb3
fa06a6b3
c20179ab4db3
fc63b3
b4cfe6b3
510078ce27b3
4e5575b3
dc6e0fb3
384e4ab3
a3c7f4b3
e0e3f8b3
500762143b3
468480b3
aa8573b3
b0e073b3
624a9eb3
4c18d9b3
fa12cb3
fd2d7db3
431f73b3
f0f665b3
8d831fb3
8713877eda74b3
72a6d8b3
4bf68cb3
a32347b3
a5f084b3
ffcfb7b3
615050b3
81f3b0b3
33866ab3
2b0445b3
eb96d6b3
53a4e3b3
32845fb3
df4a5bb3
d42710b3
8b962b3
e0454eb3
b40ee2b3
993e45b3
527779b3
b8f067b3
f47007b3
ff4d79b3
382373b3
ac15b6b3
1a06ab3
a2309b3
4d83d2b3
6f155db3
987071b3
be7c6cb3
731ec1b3
71b8727eadd8b3
5ffc07b3
5bdfcb3
b0b34eb3
a1fbd1b3
61c569b3
d69201b3
ee3ef7b3
7e2abb3
39cb84b3
92017962deb3
1ac6c4b3
162017a468ab3
f50a49b3
9cd113b3
73bb06b3
e4716fb3
112eedb3
7232edb3
484be3b3
d3d72ab3
bf34e7b3
45d82ab3
52bb9fb3
bc0179a407b3
63afcbb3
338d99b3
dd6d77b3
52e7d3b3
2ab715b3
54e8cfb3
290510b3
ffe3abb3
29a8fab3
e45f79b3
6034c3b3
3aa4bbb3
4b539fb3
9827c6b3
44c63ab3
32bc6eb3
737706b3
264e92b3
b8a24ab3
6d45a3b3
c0d698b3
e47806b3
c48e4ea8
d8cf8aa8
16455fa8
1db7eea8
61404fa8
67f169a8
aa23eca8
38538a8
a2bd08a8
a656c0a8
b920c4a8
d1c484a8
db2e1a8
30cf2ca8
915a17a8
491108a8
cbc4a1a8
e2242da8
1ea5aca8
80076036ca8
8dcee8a8
6ba583a8
70dd45a8
3f5585a8
8cfb9ea8
27338ea8
26eb57a8
96218ea8
f53e71a8
ef39cda8
9b137a8
3fcf78a8
c40d0ea8
6499f8a8
4c51cda8
c1950a8
8f8728a8
b81da0a8
55705ba8
398f26a8
5c0b10a8
aba6aea8
f26460a8
ecac53a8
a360fda8
86a7aea8
8a58f6a8
97fbc4a8
1a6e9ca8
1c7eca8
39005ba8
8770c9a8
36f3cba8
21006aa8
50d64ba8
515981a8
367c0da8
e3bb41a8
d8b908a8
efa611a8
34f86ba8
9b5130a8
bda345a8
49c264a8
68cbd8a8
5e2ab6a8
85691a8
ae8afba8
6d0da8a8
b09db17eb167a8
9f4ee0a8
c8968ca8
10d35ba8
60395a8
e94e95a8
62abfda8
b35d95a8
51cd70a8
60535fa8
922b2a8
d4a548a8
c1b481a8
ed24b3a8
b9096aa8
8801eaa8
fbb630a8
2a513ca8
c7ddc9a8
d32dcaa8
94da8fa8
4878dba8
e0ec9ea8
91e518a8
356874a8
e92ea7a8
90e524a8
e52e16a8
559f63a8
800762391a8
8e7097bb435a8
9dbfb8a8
f8a82ea8
327e5a8
9ff5f5a8
e1d9ada8
a2c9aca8
2cc99ba8
1c00774ff4a8
6fdf6ba8
c4ae80a8
8b6475a8
9bd12a8
c02617a8
70c8b4a8
462e467dc4b6a8
8ecb1ea8
914411a8
71d3a0a8
b2cd0aa8
2200778175a8
30a584a8
24af41a8
437a1a8
3f3769a8
f6ee03a8
d72ce9a8
5808aa8
8977a9a8
e2b97a8
f55e25a8
f89294a8
363ff2a8
4ac80ba8
e04fa1a8
3cd53aa8
e992e4a8
489f32a8
60569ea8
956a8a8
9a6013a8
4f636da8
2775d0a8
4a8f1aa8
a4b8cca8
459a83a8
3a1299a8
2eaeb9a8
7264f4a8
1b3b7ba8
c335baa8
98addfa8
d1988da8
cd3550a8
4eff29a8
e294d6a8
b756a7a8
ecbf94a8
e7a8d8a8
6feacba8
674025a8
edac6ba8
35878ba8
b4897aa8
1172cda8
2bf816a8
e1df3ea8
feb4f5a8
50b1dfa8
8946ea81
1b923181
eaeabe81
2424247f1d7281
ade2b681
da693e81
670b0581
8946a381
c0e31181
d7d54c81
e33f0481
b1e4ac81
429c5d81
22768181
34e82981
c683a181
36a11b81
85e01381
cd02b381
aa3c5d81
ac42fa81
a8660381
6bffce81
ce694481
4d576b81
f51d4281
cfe76d81
871e7c81
e85d3281
d1ce2281
d13d6a81
a5b71a81
9080d681
19251e81
bde61381
2cedf181
bf6d9f81
5b5f8181
68747b81
30479b81
21ee3181
90267e81
66d99081
27240181
50077944781
fc7f0381
84935481
b9e53381
399d9e81
a0078590881
d79d8981
14fc9681
5e0c3b81
e8c94981
ea95a781
3eecf181
c4a9c181
88c7bb81
4ba1d481
80ccfe81
3aff4381
86342881
261ccb81
e8fa4781
2172b981
5a041c81
142f4081
8e6fcf81
a9979581
bd30d681
8d71be81
49b15b81
f8d4f681
b90f0781
513c517fed0281
4c7f2f81
f3d67981
c54a9381
805c7381
b7825581
dd5d9081
beea9281
51d1e481
72c7a81
df505781
5bac981
b851481
f95f781
1f6e7381
ee7e2881
f0017b778381
5b99d481
33e1347f7b5681
edc6ba81
6460e681
6ecaf381
fea8ab81
e0cd8581
c285d681
db536881
de885681
a3b89b81
f8cce781
6b354981
d4062c81
610c5481
abe4a981
5d381b81
ae122a81
2fc4a381
bed83c81
5622a281
888a3b81
99296481
421a8d81
ee753081
40d10681
a0434681
cbeb6a81
8020b281
55bf567ffb2e81
ddb48481
a04abc81
39194781
a2623181
dbc89681
cb25881
851d5f81
1af2fb81
2ab3265a
a4d1c25a
b9ff645a
83c6f25a
138975a
6ada025a
f18a8e5a
c5ef3f5a
1de2ab5a
200731cff5a
657f5b5a
21c54b5a
329ec75a
4b1b8a5a
cb3af05a
63ac4d5a
ddd1e5a
3862385a
462665a
bbb1035a
23f9ea5a
9c3f9f5a
6084185a
38e10a5a
47ca635a
5c624d5a
633d205a
2da3e55a
38b4405a
e312265a
d6244b5a
58e1995a
68d5555a
8a69a05a
b36c865a
5287f55a
9eef485a
17ae6e5a
1156c95a
e9d5675a
228aea5a
582a785a
caf67e5a
569f4c5a
cd9c185a
61977e5a
6c17ca5a
34d26c5a
30bc035a
a5938d5a
4aa6875a
6ef40e5a
fce4fd7d5e705a
95734e5a
c827e95a
4a5af35a
5618e85a
3176125a
ffd5f35a
c327c05a
f477ee5a
682fe75a
3d29355a
6dffe55a
73a6b5a
3bed815a
20ebd65a
a99d165a
3355925a
14d6f75a
159e95a
f2d74b5a
a5c4555a
2775595a
23d8ee5a
2e70a65a
f964a55a
8cbe955a
942b225a
85e74e5a
49f9505a
bec3b5a
2aa28f5a
fa10b85a
5141a85a
e06cd5a
b57d945a
a3a82b5a
31a0378f7625a
20d1345a
fa01cc87
3aef7387
42940687
29046187
de3e0387
3fc6c887
4f70579f68487
46ef9d87
27f46e87
18ea6087
b4308c87
36b1af87
653067a337e87
cf65fa87
2f763187
28d03794bd387
1d1ea587
2039d87
587be987
25115c87
4c293587
c61b9887
8a521387
2e0f5287
4d25f587
ef3f0287
10072ea3587
3cb8cd87
f0ab2887
dc06ff87
600749f3187
f2e07f87
fd733b87
d7e38d87
5a923987
42d6d587
c1599c87
b3004187
d76eb487
c87f687
1404e687
496c4187
5d096687
1237f687
400076f8ed87
51517f87
871cee87
5c754e87
ef1b1287
93c0a587
93b21087
aaf41b87
4b684187
5265a887
f8dddc87
52994c87
9440ce87
3fda0787
f3ce4187
4f69a87
8178a887
dd4ff187
f5a9df87
83f72a87
61b44787
e2762087
97d58387
8dbfa687
21de987
9f3a2087
1a39687
1a795e87
82163d87
fee86a87
f23de287
3b62d187
2a86fb87
f5053c87
59d00b87
be9db187
55d69587
4dacf887
ca53bc87
dbea4f87
a0ec4e87
8d318d7d4e7d87
acad7787
b101d787
9c025b87
396aba87
c801c087
330ad387
ba167087
b36e0787
ef778987
618c2887
1565fb87
ef30c087
19a2af87
6f58e887
100ff587
d8308387
a8280587
f6ece487
855b2187
32ca1b87
71efb787
9255f187
64b1657cf7f787
58759987
4c4a887
1d5c3787
25eabf87
6acd0787
3c567e87
609ab87
d2867887
3e380887
27cf5d87
2e9dd787
9146c87
ff6bfc87
89c82187
651fcc87
5c468987
5dfc8987
8a3fe687
13028187
6fb2a787
c9e66a87
d6932287
f00e2187
16249987
48322a87
4d27d887
42c79ac5
4f921dc5
b9c7d0c5
a4ed54c5
5172fac5
c9e3e9c5
204319c5
fb2c30c5
f516ecc5
b6c496c5
a777adc5
488e4fc5
f513a0c5
4ab6b4c5
bc718ec5
aa968fc5
13a233c5
4e2ef5c5
cfabf5c5
dfc712c5
f0d931c5
4aec4cc5
2dd39ec5
63359c5
227ed8c5
985d41c5
330c9ac5
2ac93fc5
a9024dc5
34cdc5c5
6742f6c5
10074f404c5
e5a672c5
995e23c5
b8a449c5
d7d9ccc5
9ecd2ec5
b050c0c5
36fa27c5
419864c5
9c291bc5
d043f7c5
d4cfbbc5
11007811c5c5
e190bac5
f720f7c5
c1d468c5
81017a0f36c5
9b660ec5
685205c5
4500796e44c5
a38dd9c5
35f3cec5
469c37c5
38b9d5c5
21d503c5
e1b379c5
3322dc5
bd5898c5
e2921ac5
a7bc4ec5
2a0c85c5
53c6a9c5
a47f4ac5
cbe7ac5
5f0c45c5
b89459c5
d541a0c5
871145c5
592bc9c5
ddf569c5
38e4ecc5
f69399c5
5a4d44c5
633cec5
45c309c5
5ac446c5
beaa4fc5
3436afc5
3208cac5
c450c7d4179c5
e167f0c5
ae64adc5
2cc0d3c5
c25c4dc5
6d5127c5
40687c5
17c017b24ffc5
2223dc5
b66ee1c5
dcf708c5
880fadc5
e896fcc5
48fbd5c5
db0e4cc5
bef204c5
ab16dc5
4ad805c5
260078d808c5
6ef364c5
ec2580c5
5cad0fc5
6a775ec5
25fbddc5
fe8c91c5
9a832bc5
bdfeb8c5
f9f63fc5
3097c5c5
de0fd9c5
e272fac5
123b56c5
2776dac5
9ec9b0c5
a31d5cc5
d5ab64c5
9d63cbc5
acc995c5
87eae3c5
3e793e7ee106c5
f16be7c5
a0e150c5
703bdfc5
911603c5
36fd5c5
953375c5
2171a2c5
9ae793c5
d8dd19c5
ee4fb1c5
90ff1ec5
620596c5
eb74aac5
ac87e4c5
a326a37fd714c5
3d9617c5
c743b8c5
d85ba2c5
5511edc5
3c7544c5
cc82d6c5
570771c5
adac4fc5
4edebc5
f7a423c5
8bd3ec5
4e6123c5
9c876ec5
143becc5
64c69fc5
190d53c5
d8892ac5
9b22fbc5
f9c64c5
fee3bcc5
a515bc5
805bf0c5
8cffabc5
a84333c5
b10425c5
56bd2ec5
e58ca4c5
d7338c5
83dacc5
b7ef04c5
33c2d8c5
ed09f2c5
318a00c5
5560c4c5
39f02dc5
497beec5
951517c5
97fa49c5
a8ced7c5
2dc719c5
2403c1c5
5fc860c5
bcc20bc5
179b64c5
c9cf62c5
1e17b3c5
de0ae3c5
6e5aeac5
554d65c5
100758410c5
e57497c5
657c71c5
b5b470c5
cac233c5
15aa9cc5
e8c1dc5
65d0c7c5
fa1107d7e58c5
2a10e3c5
dc2a83c5
1f07e4c5
1c16f2c5
d060e256
19aae756
90b40756
a8902356
70dd8556
53aff856
50d2ec56
1f44d556
ace16856
1672ab56
99391056
bbec4456
e5c45f56
c7f10c56
a1ed2856
5a5a8956
460c7556
22ef4f56
952c6356
4bf0de56
65714256
d117fe56
489bbb56
a630fc56
28648e56
50a33656
72b94056
cb9ba156
e0393f56
9b52ca56
555be856
5cd4e556
dc82e156
45ab8d56
44656056
33715b56
61bdc56
98e6f56
ffddd856
355a7e56
4509b756
d308756
d926ec56
b71f0456
f12ff556
16ebcc56
ed386d56
c537b756
3409f56
bc817456
c62ac056
72f077b7f3956
69a077b68ae56
9c26356
72bb2856
2b610f56
97e0a156
b644f956
9810f756
dbf69856
de7ede7eed8256
95449e56
2142ff56
ba0c1456
47915156
8d5df056
af3ca056
9ca7ed56
300750a8756
a1381c56
bb11b456
ba2c9f56
cd1eb956
4dd68a56
208027a3c0656
e0856
f9e6fb56
11af127c65d956
5bf7d456
851c556
5daec656
c5cef056
28e656
cd4b0656
2dc39b56
25ed4c56
87282f12
2d3cd512
b8581612
f2d3b312
fe135512
8ae08b7cdc9212
c4bdfd12
d0bc4b12
bed8a212
d4e3c612
5e4a8a12
56efe712
ba455a12
e686912
ee1a7d12
7520757cb06b12
219e6512
2cf8b212
1e9137ab
390f397e7097ab
4f3d6cab
9cc1f6ab
2f870eab
439191ab
e87549ab
afdb4fab
2c9bf4ab
1c951bab
a896d8ab
a62df1ab
6f74cbab
c0fabbab
2d0b8dab
dcf560ab
11ce44ab
56b5a7ab
e2bab1ab
669fa4ab
b68b6dab
a0d90ab
996595ab
ed4c9bab
fe04ceab
906cc7ab
81629cab
253273ab
3d5395ab
eeb0dcab
144767ab
7068efab
f76b1bab
541ac7ab
9bc663ab
e60b15ab
2a9af8ab
b8cb19ab
b05136ab
bb6c3aab
2e0c0dab
33b3d0ab
b91485ab
55b088ab
ad67fdab
e84e7fab
b61acaab
57a31cab
aa9513ab
8d9a49ab
3fa5407e8c2eab
66a021ab
d56de1ab
82a297ab
e648bdab
28f914ab
30075f963ab
718f20ab
3d8121ab
20fe38ab
a9d4d2ab
2fb83ab
1a2d3dab
db6b03ab
1188e2ab
d4e692ab
22ab237df03bab
83928cab
d38614ab
18d32aab
6135617ef823ab
f41dd3ab
7a302ab
667b42ab
318037b85f8ab
c11119ab
255e95ab
c33325ab
c00c5cab
c11d38ab
15f5cfab
a75d03ab
b4a246ab
c91ccaab
a733a8ab
50b84ab
c48ad4ab
beaa42ab
d8b2e7ab
b30924ab
2b55efab
f28178ab
929d01ab
5b2bd1ab
520907ab
35ab26ab
ef5a74ab
5a2aebab
26be61ab
5a0109ab
df2d06ab
ee97fab
8166deab
6eeb7dab
33998ab
c5e4c6ab
f6d0eab
b0a725ab
65c9aab
a6d55dab
ca232ab
e6cfe5ab
a64204ab
130077d1e2ab
2aeb5fab
44709eab
73441aab
5f8cc7ab
36cc5eab
ef1092ab
34e47ab
5ce495ab
10074f01cab
95a01cab
357bcdab
20c8a0ab
bd3f38ab
445264ab
a8ffa7ab
5a787cab
cd6551ab
9a6dddab
b27b22ab
f336f2ab
bbf4a8ab
34d6fbab
61e943ab
61000dab
a41925ab
ab17b7ab
50278aab
f1aa29ab
2c3798ab
a983eeab
b5e5e5ab
9e8afcab
fee9bab
dcc8f5ab
11d2cbab
a7f78ab
3b75b8ab
3d0078f8bcab
6dcb7ab
3a3627ab
efa7eeab
12aacbab
9d1923ab
c3c8f8ab
395124ab
21ccdaab
f7d9edab
1e620eab
b3f761ab
fc5ebfab
58302aab
9e8414ab
350e48ab
22edc1ab
df3703ab
ce111eab
661547ab
cbc6427e
b2b0f57e
4fbc0f7e
d34afb7e
2c57e17e
ac0af07e
e7c24b7e
9f7f587e
4d98c87e
5849297e
a1c0a7ca4987e
c784d67e
9fadb17e
b07f597e
ade8827e
a4890d7e
c6d2bd7e
4d9c647e
d668e67e
5d15387e
8404d77e
c46db87e
37ed097e
feb7907e
11b0537e
6627b27e
ebf04d7e
4ecbdb7e
6695547e
a6bb9b7e
86085d7e
2007557167e
2dc0817e
b945c57e
bbd47e
d661117e
58158a7e
9ea1bf7e
9dd74c7e
eae7f87e
6afa377e
3f377d7e
4a063e7e
dbe9a97e
54f1a67e
cd89597e
90c5727e
e7961a7e
3e8e9a7e
df98b37e
23dc947e
31cb0d7e
fd528e7e
a10179ddd07e
352d957e
85fe867f395c7e
f05c2d7e
fe93567e
26b4d17e
b4e7ff7e
4b0f1b7e
c0ebec7e
d086da7e
a30a607e
b6839d7e
b03ce67e
180d187d81a77e
d8ee4b7e
f1c14e7e
2dd907e
c8b0e27e
eead9e7e
c8b7dc7e
526d2e7e
4aa4b67e
44bf707e
93071d7e
2877477e
b351137e
d236307e
fd3e5d7e
bc65e7e
184fc57e
a9ce407e
1719c57e
8903227e
2f641c7e
fe0c537e
8c45fe7e
64a48d7e
61b1e07e
2a17cd7e
310078abfe7e
f7b8257e
d626b67e
e6f717e
188ce37e
8245cd7e
343c17e
11bdd67e
858e487e
5310b17e
24e1677e
d1b16c7e
90b7107e
6795e37e
8363607e
5706577ecb5d7e
f5f6577e
88a7777e
c88d7c7e
ad49827e
44390e7e
f43ce37e
50c5c47e
1fb1157e
6ec7d27e
d9b7787e
cff4f7e
4dba227e
6cb3927e
23092c7e
2b34757e
e1546a7e
91b5a87e
b910227e
d14632b9
8de91ab9
bef758b9
61d324b9
4007600d0b9
e9fac4b9
717ab8b9
aeab39b9
c8c60eb9
fd9305b9
2977dfb9
558b2ab9
3c44afb9
b48499b9
d88a8b9
1fb317b9
cf010db9
2d0affb9
69e22eb9
8fbe1bb9
1323137cf057b9
c10724b9
8a80cab9
9711ecb9
dc7bafb9
5c0476b9
9d4aeeb9
be91d4b9
adaa4cb9
cc1423b9
3f7317b9
ca7fb9b9
3fdeb3b9
1717e3b9
62ad2fb9
8142bdb9
5f760fb9
1c1063b9
d2ccdb9
e67ff9b9
423545b9
73b7e5b9
566ebb9
e6e232b9
d7c8c0b9
9705fb9
5ece5ab9
1a4a67b9
1b33b0b9
a5fcd6b9
e5b7bab9
239eb9
522836b9
f99239b9
5235a5b9
c18a49b9
b5e334b9
534cf0b9
cfd79eb9
3c3212b9
201d5cb9
1ffb88b9
8791a9b9
67559bb9
b66603b9
fb4954b9
eb24f8b9
17b083b9
100746468b9
ab61acb9
4c62e0b9
90c100b9
592a10b9
f2cd1cb9
d62f67b9
4a5287b9
5dcf25b9
61047fb9
a6d306b9
66667b9
10bfe0b9
efbee6b9
4c06e6b9
1df01e7d63e4b9
9f19d5b9
d2d1a0b9
8089fbb9
2b159db9
9a70bfb9
888282b9
2598abb9
5458f6b9
cacbceb9
98c0a7c3e58b9
8a15b0b9
967d97b9
9bebeb9
f789d7b9
603714b9
ca190cb9
aa94a5b9
39a7f0b9
ce7e08b9
610791b9
b71db77f3306b9
679b9bb9
386006b9
d72016b9
e6d823b9
de4346b9
6de043b9
47aea9b9
33d43fb9
f15933b9
df867cb9
6a4c68b9
ccba2ab9
a368a6b9
187af9b9
e717b0b9
290accb9
e8f404b9
44c667b9
c3e4a3b9
15c259b9
dce1dcb9
5ca145b9
3fa7d6b9
5dd9d6b9
c4ac47b9
936cedb9
2b9027b9
e7f44ab9
4c8a83b9
ef71d6b9
650fb2b9
a52a1cb9
a0946bb9
1d4d5eb9
e00771797b9
f93d51b9
205cafb9
b9c062b9
e2177ab9
1cb1e2b9
6817fbb9
8133dab9
f86adbb9
e46282b9
27c9f1b9
b8adbb9
183fd4b9
f0290b9
a57a74b9
5c0809b9
44ec58b9
36c7d4b9
1b80a0b9
b254b5b9
39f112b9
5b5e1eb9
d3fb6fb9
48064db9
659347b9
bb1b97b9
9c02b0b9
f9ebb4b9
993ad9b9
4b1d59b9
c3615eb9
36eaf2b9
5848c3b9
4b9304b9
bc9ac5b9
86b42fb9
6f155eb9
d9c68db9
ea11a9b9
a5a7e0b9
e310e7ca500b9
f2fb37b9
2c6114b9
a0b678b9
ddd23cb9
eefd3cb9
dbcd1b84
f3e69f84
34dc1e84
232d6b84
c2c8b884
3e813f7d98ad84
c3c22384
59b84d84
1ab13d84
915cee84
8af6e784
dc348184
23b35884
4b19f584
8fc3d584
fd902884
2efaa684
e833e584
100737bd584
d80e4b84
17050984
70075db4684
23a6f784
c2b86184
3c123c84
eb23e984
c1291384
3d6f7884
35534b84
ca4bac84
1eee6d84
ab670884
c9f95084
cbb9e984
65b92684
3651c84
6c926184
f40ddd84
d2483684
8d20f84
236d0a84
34c1d784
183ffb84
812e8384
c141f684
98272484
99512984
87571884
a7c37084
38180984
b7534d84
df9f4384
c1fc2384
aa2de584
e907c984
2a648a84
10073d8b884
d4902184
5f17184
26d9ae84
d2665d84
cf71d284
e92cbd84
df85c184
21edb184
85f26d84
69ce4684
58cc1684
fa3d2084
212ea84
941eb84
d6d96084
42e79084
b2a11684
d1c75f84
2000bf84
2f382f7d513e84
d6bbbf84
c24adf84
ffb39b84
afbb9d84
f8a4f84
2268d84
8180f384
f601796c2284
ed6a9e84
e5e50e84
88d184
6ecef84
1393ba84
926b2a84
caffc084
38639384
c6979d84
d8bba484
7caae84
4a805b84
fc35d784
8423847e58ac84
e7d44b84
d9c38384
b82c0884
9248c884
6b310d84
dbaff184
afd8d584
24f32984
53cb6b84
c1d1d84
e849884
3ce2fa84
3f7fa184
506d5d84
23445284
e7e9b84
380a0a84
3240e884
4c479284
402dd384
52ba4c84
83b4f584
747077b720b84
b343a184
98d8f484
5df067b3b9284
c4788484
1548e784
db740d84
f47d1984
1d801a84
94c28884
1dc9784
c9d8770
53033c70
b8d57070
165c1570
ee213370
cbd06170
d9a5d370
f08edc70
731b0a70
1eec7d70
cd2d0770
11912770
d7bed70
d935a870
e3b7b070
8cc4d870
f19b0b70
a01c270
a9d26170
2c03bc70
9182cc70
9828b770
4d1d3870
b0e4e770
3cc4bf70
2e00780e2370
85435570
d4a91b70
834dd170
435d9170
543a1770
2f93ca70
60626870
b6fe0070
6f844770
52b61270
eba3bf70
9a49c770
ce03c970
e13c8b70
d3b67b70
f18b8a70
609f1970
befab470
33d44a70
d9985370
4da39770
87d28970
a5b1e470
dae20e70
3b846a70
b5de2370
5e1d5c70
9dcb4770
cae47d70
d176b70
39b6e570
56934870
4be91570
66770370
a36d0b70
5b9f670
a8cca970
1d145570
e7f8c570
246eb770
9d7a5370
f982c970
d2eb270
60561d70
373ce670
b8812970
b8a75970
8af96a70
52818c70
5ab86a70
4a584a7e13c070
532aa70
c051d170
157f0270
2bcfd070
8bac8c7eb48670
685b4f70
40a2cb70
f4f57c70
28eb297d7b1670
f0769570
73724670
810c770
4543d270
4913f470
e5908e70
9c024e70
67d1db70
1bc42e70
481c9870
d1da1870
b42cf170
e6f15a70
e30179a4f270
dfa0370
a8b28e70
d447aa70
45368670
17fd8c70
c72ea670
c0b04770
2976d570
fcab2570
dd502370
f5023670
e263c870
6a56dd5a
5a53ac5a
c493385a
c0dcfa5a
fea0665a
6db91e5a
8326e85a
48077e5a
5aa3085a
a4dcf45a
537bfa5a
52bf1d5a
9edcd15a
e60a2f5a
91fbdf5a
cf8135a
a240ba5a
6647b05a
4e73f85a
da13185a
8007424485a
eaeab25a
f0074bf125a
ef97185a
1bfbd15a
3724377b95595a
a9b0b85a
6979a55a
f9d0a25a
594f5a5a
90d04b5a
326a8b5a
932a175a
3d91a75a
eb1b0e5a
2d0075d6f15a
100074cedd5a
3dbad35a
b9d8ed5a
2242745a
40b0f35a
c189155a
f4b4385a
b06bd45a
900d085a
dc15c55a
c7965b5a
6a337d5a
46ee975a
b239e75a
9394605a
ca024d5a
6e38b25a
d9c1dd5a
33dd785a
ed337e5a
714b905a
dbf655a
4c811f5a
322db85a
4657215a
5669565a
c32ebb5a
d9866f5a
d182e25a
c5c5865a
2f12f65a
f39a885a
385d785a
601baa5a
9fc37d5a
d254185a
9e74995a
e885045a
e0865e5a
fd580f5a
8a654a5a
e212d15a
29a2e95a
c0dbe85a
2444bb5a
97b5805a
2bf2985a
10071e7e95a
f8b5d15a
e44d8e5a
c888c97cdf105a
e57ba65a
1ffb095a
a4f49a5a
982b7bb4
cb125eb4
3e3991b4
84c490b4
82f994b4
97d63ab4
440597b4
bf6a39b4
1000753dadb4
b06ff1b4
9d0a4ab4
c427d3b4
6a0404b4
5c8e7cb4
2f6372b4
e49b5ab4
b9450db4
efb13ab4
3deeddb4
83027ab4
197a6eb4
40cb01b4
e15b08b4
20a0fdb4
e81bddb4
49c216b4
cf3014b4
9e773bb4
6a46c7b4
c75ce7b4
bbe9a8b4
c9ab35b4
43b0447c2f21b4
1f354bb4
45c7b0b4
c41f02b4
db3e5b4
d95f5cb4
cab3e2b4
89201eb4
8fb5f4b4
c48dcb4
5a0006b4
b0d352b4
10c4cbb4
bd8bd1b4
3558c6b4
3c1f37b4
dfe940b4
525f83b4
8facdab4
6b040ab4
442f56b4
2a2f66b4
269da2b4
99c5a6b4
83cb6fb4
69ce84b4
b7c477b4
2e116bb4
1c253b4
1b9a60b4
12cf87b4
b7de77b4
54635ab4
659c5cb4
501f88b4
55b923b4
c7c957b4
a3df3eb4
711f7ab4
6fb4dfb4
2d2481b4
35323cb4
a976c3b4
a69f94b4
26466eb4
8a679db4
93cc6eb4
61380eb4
591a9ab4
92a8afb4
3f0505b4
b16e57b4
280bdbb4
f5ab0ab4
d9dfdab4
c30a8bb4
3f0efbb4
cbc232b4
eb5bb9b4
ad71ab4
c29692b4
5b0802b4
905441b4
10c625b4
f6f50b4
daadccb4
bf201ab4
421da8b4
52e273b4
d06696b4
a024f8b4
fc32d0b4
b72a3fb4
a6c5acb4
1781d1b4
c62af4b4
9cd138b4
9304d1b4
66c981b4
77d45b4
cea05b4
2470d0b4
889710b4
f202bbb4
cffaab4
cdf73bb4
5b54beb4
a97948b4
9136b4b4
4f20feb4
ca781b4
31803791a92b4
2c1ab6b4
97a4cab4
45b409b4
6ef3db4
64e867b4
450076aa2bb4
b3204cb4
64a36eb4
cbcb27b4
e2f273b4
1d1206b4
43e2e6b4
40073ee95b4
241c28b4
4b5fe5b4
340d5b4
6e7737b4
f5a99eb4
4a436db4
1a2e93b4
88790eb4
a4338bb4
400cbab4
3bcbc6b4
41cf4fb4
5680579a835b4
de8e98b4
8ed5c2b4
ec4723b4
fd2753b4
9dbba5b4
48ce55b4
8de50ab4
e7c629b4
639af5b4
2b8d91b4
39e4c8b4
37f21bb4
360bdeb4
9264a5b4
e015e2b4
b0c734b4
39c8fdb4
11eca1b4
8e0177612ab4
21251eb4
5c8505b4
aa2f4db4
8219c7b4
af61deb4
b2e9b37d2836b4
1706d5b4
d29219b4
894a76b4
415e32b4
e41596b4
71de47a5
63aec4a5
442bada5
5fd05ca5
d4b59aa5
62d8f3a5
f73667a5
cf0858a5
ba0108a5
813e3a5
e06247a5
41b425a5
1f6b68a5
6c226c7e8f68a5
36e34ba5
6bf542a5
3a3d52a5
675680a5
f8a891a5
cae0ea5
a85f81a5
d7adf2a5
60832a5
e2a4c4a5
d0076e8a3a5
2fb285a5
8f188f7ed761a5
1a698ba5
f2947ba5
1df6d8a5
fa1f89a5
4438d4a5
6dec2ca5
dfcfb0a5
6bfb88a5
bbf51aa5
cdf81ea5
3a5518a5
922618a5
ef1256a5
509381a5
cb1ca9a5
94157ca5
5d5d66a5
7395cda5
a706b4a5
4d706ea5
31cf0ba5
b1e80ca5
cccd09a5
3fa31ba5
589858a5
b1989ea5
c8ffb2a5
c01721a5
d401d5a5
672c1a5
a501b7a5
15007769a7a5
62e67da5
3819a4a5
218c9ba5
641a1ba5
49abb9a5
272424a5
4c5efca5
ad927ca5
34df97a5
e1eac6a5
d2bd04a5
bc92b6a5
c1ef20a5
c65e85a5
f70496a5
b9038ea5
ab9d16a5
ee68d0a5
87971aa5
239cc3a5
5f2b5ca5
bfdc95a5
f66bd2a5
2009e2a5
a87275a5
e99901a5
abb875a5
63f661a5
396047b2711a5
9553fea5
631d69a5
b87340a5
f69b68a5
71c7dba5
39938da5
c0164fa5
e25494a5
4a1eafa5
bd418ca5
179a7da5
27426ea5
200754846a5
aa0c6aa5
e391fca5
14d2f2a5
ec1c83a5
52fb31a5
b8d5b5a5
50e3c7a5
8fd821a5
fc9a8fa5
23691ca5
100742ca4a5
37cc2ba5
818535a5
d50179b1e5a5
e93205a5
f37a50a5
cc8b3a5
8c5a76a5
fced51a5
23aeeca5
ee087aa5
729b47a5
9820fba5
9ecc35a5
ede65a5
187caa5
88acf7a5
a4baefa5
55253ca5
8a62f3a5
8ddc3da5
85ed04a5
9228c2a5
3efc5aa5
e7a9e5a5
a0ecf2a5
9d848fa5
4056eaa5
187a91a5
66f02ba5
68a382a5
1edda3a5
a15210a5
68b4d3a5
a1bfeaa5
e5bc69a5
df7dd1a5
a89393a5
9e3df6a5
356826a5
1a3285a5
3700785622a5
2653faa5
62592da5
100746bb0a5
af7446a5
22e225a5
8df809a5
a3228aa5
fd27aaa5
209600a5
d522f5a5
58641aa5
d11aeda5
82227aae
a1519cae
c439e9ae
3f21c9ae
59f23aae
28ca9ae
e5aa88ae
3380f0ae
e7602bae
d22f32ae
4ee768ae
313449ae
88ac08ae
310077c12cae
fbf49fae
486acdae
bbdb3dae
9c82e0ae
633531ae
488959ae
4870e1ae
fa4b81ae
36b962ae
f53763ae
d8bf3dae
8dfd8bae
2e35feae
21a43dae
468be6ae
6029f6ae
11f066ae
cadbae
d007670cfae
b52eb5ae
f1d5f6ae
523f7aae
27b027a5249ae
e05da8ae
96e187ae
49bdb5ae
23da82ae
cc1f0dae
f14c8dae
584d30ae
e809fbae
dc6ce8ae
81f0e9ae
a9953cae
b5c8acae
d35074ae
91fdb0ae
83fa5bae
250679ae
8d8984ae
699a92ae
ad626cae
6cccc3ae
e6ab0aae
e12edae
eb3e32ae
9a5be5ae
5c125fae
dd911cae
9399a7ae
b45e43ae
70f41aae
84da4cae
d71012ae
1be790ae
e13ebcae
fa1cf4ae
28c403ae
ba3001ae
3c27e2ae
34ba0ae
4db2cae
bc7602ae
11078bae
1c678cae
4ebb4eae
52edcfae
ae6649ae
6b1c54ae
56aea4ae
dd41e5ae
399fa2ae
44541eae
1472feae
caf4baae
9b454fae
367052ae
664391ae
eb1beb7eded9ae
f8ef3aae
97c4ccae
60461cae
6b2770ae
5c4075ae
ea3c3bae
cb7487ae
3f1d3eae
4b3282ae
4ede7aae
bd4f28ae
729f32ae
238fb8ae
26eaacae
33b7a4ae
ff949bae
8c28f5ae
6083a4ae
e54f5ae
fedbf5ae
46d495ae
1722b9ae
d2f9e9ae
f77867ae
cf1bd1ae
19745cae
af68a5ae
1c76fcae
1852d4ae
c0d0f8ae
fae41cae
5738e0ae
ade586ae
9fc3fcae
b8f05ae
282160ae
cb6f36ae
c1dbf6ae
c4343cae
dd6a7aae
9248e9ae
c8828ae
131beaae
f2b2fcae
c7072cae
592000ae
c3f4f3ae
314ba5ae
857b61ae
fd3107c2cccae
fdbf54ae
ea01e9ae
bece03ae
2a70a8ae
18007709d2ae
9abcd5ae
473223ae
25ee15ae
5d4861ae
6dc096ae
a7085cae
357544ae
c00868ae
8dd476ae
c87449ae
876b63ae
896529ae
bcc495ae
b229eeae
241027a3a37ae
d642f6ae
570143ae
216913ae
e41ba5ae
98ae67ae
46f506ae
ab8766ae
a31747ae
61314eae
192a96ae
438a8ae
5a715e54
c9b1f754
8efe0054
d6219e54
e3a58c54
d77cdc54
53fd5d54
d59e9954
37662e54
c0f82c54
b55de554
b4c43a54
50db0a54
6ab82d54
2e8d7e54
40113054
acf4f854
a117c154
1a680854
8a6cb454
1e448e54
c3091354
92f8e854
f883f354
f19cf754
615b617a340a54
b264fc54
544b6554
8e60f54
241b5754
3dea1554
1e441e7908d654
5b87e54
28243254
a5bf1454
15e68654
ec162b54
4dff0554
d8b72d54
53b84554
cc68f254
58359a54
375fa954
272aee54
105e1154
5dfe3b54
38de7054
baff6c54
be2bf254
c95e0154
4ec22f54
d21c7f54
e2ca6454
a69ff854
52794754
db03db54
3d7daa54
37611054
f9f9f354
3052e054
d666c754
655c3354
92815e54
35e2d054
3976aa54
c6a43f54
1abbc054
f0d7f854
8060807a7b1d54
e99fda54
9627d654
13fe9454
24fba554
6742b354
100701b7b54
ad004254
80095b54
99f08854
42bf8354
1ab8d254
e1d1354
93ab1554
8a0b254
800fbb54
eabdc667
4f89507cff4567
41f12b67
45f67367
b3559f67
e020af67
bce7d167
4a579f67
84abd67
c0bb1967
3c3ca367
de864d67
8d6b3267
da22e67
46faa167
1a00765b6967
20a8217c1a2167
d29e567
8e697667
5a221267
3d45d467
b00757a4667
9aab4867
49552067
a0522167
4981c67
da567867
8a670d67
3590bd67
65ea3267
a613c067
68690d67
a60178309167
4531d267
cdf12167
1ecf6a67
ebc37667
e5367d67
4c60cf67
d915f167
4866e067
4d40fc67
af2fe767
282dab67
9c5b1567
dc689167
ea2a9867
62660767
1f260867
d163fb67
1c8db667
39296367
abeab767
ecdcb867
55206767
10072cdea67
91f2cd67
f0feee67
eb94fe67
d263cd67
8c158c7d8f4d67
c10b1167
60060667
bb79bb67
f48e9f67
20945867
b6f0ce67
5578c867
1c59a067
911ba367
2ed0379b15067
27538b67
c4007f67
510a1867
ef9bf967
26cdf667
52bae67
fea78767
b134d467
20a31967
50e07c67
c4e11567
6cd72e67
512f2b67
10073389b67
dc3ea967
af544567
64da1167
470b1e67
e50d3a67
70991667
5b70f167
65bba767
33e77367
fde37767
211be267
aab93c67
ffa14367
e68c8667
9ec07f67
b1369c67
f4f2ee67
24cb6467
1eab3229
5dc15929
d5d06c29
c7086d29
c183c329
745d7029
8f54dd29
d242c529
57ddd929
b7172e29
3c016129
570ad729
d3868329
588cf329
2c3bc329
61d9ae29
ffadff7f8ece29
aac5f529
61f9b129
54f52129
ccddb729
2b990b29
46abf229
e1f49d29
38983629
3c891029
d4050729
b1271129
fe2e6229
c9293629
f9f8629
d9c9429
530078e3ad29
3eff6829
16451d29
b7952d29
21b20529
5fa2d829
626d9429
5e6dfd29
956cfa29
157e1c73
8cdae473
ef7b1b73
7603173
a3719573
a2482973
a2fe5173
d23f2373
af38d473
c077d173
68974173
ba006d73
ef97d073
83a5b573
1fdb5573
c9ef7073
f9487473
31ad3473
b554a773
8afaf473
b34dc173
a2eb7773
83332373
25182575c10a73
bab4d673
3bbc5e73
3f8c5a73
cefee273
3fe14873
2ab77073
91b89773
201dcc73
b49e9873
ec2fd373
fa30f173
30369473
5e0aa073
6bb5ce73
ece29073
b7191b73
9b1f6673
40c8ba73
2feacb73
4f363d73
e6f41073
45b42373
c21b9173
256eb673
d5bed677813973
355d9c73
13f90c73
5c9df473
eb78ad73
b0ef1c73
5e424d73
9ec14d73
bca6a673
c39bae73
ce5bac73
59267073
e9dd8c73
17c33473
9890bb73
8295cd73
84b88d73
824c9c73
8f80ce73
ed998d73
894b7f73
d1f27273
5b768273
f05ec773
826bb373
8006ec20d73
9922e873
1e518173
b7489b73
2bca1573
32e56973
3707ec73
fb857673
bc780a73
c8fc9173
9891fa73
fe7ad473
b1927273
e5cf0473
b889de73
8bfccc73
5194e473
aed96973
b54bba73
4800573a52e73
4a415273
fa96cc73
4dec3473
810171772673
fa142e73
338ae773
a9ed3373
5b91f873
59b2e173
5ac35d73
43ee6a73
4df14c73
332bcd73
2d257573
32054e73
3569f373
eb1f0c73
edd9b773
f3be7573
210070160773
2beaad73
93d8bf73
807c2e26
4d44326
c897026
acb45126
dce10e26
dfe15d26
1c461826
e569f026
c6994426
11bf3826
88558726
c9a6d726
10000ff75ab3d26
ca2c7326
3a039526
45d1d526
a6ccbd26
4ede4626
95cc6a26
ff4b3e26
b1786d26
53b07d26
3a7d2c26
2b16fb26
147ee526
c91fe326
2b14ee26
525dc126
dd460e26
f8a2ab26
ef9cf126
bf061226
39513c26
2f483a26
4b4c6626
19a38126
d83a1126
48bbe426
42143a63
9b0a5163
b79b7463
32bed463
f7680263
8559c763
e747e963
4ee37663
2103163
4b3acd63
cec95863
3b247463
a8da9c63
e0ecf463
8e169e63
c4502e63
aade8063
85b3e763
c7ad6463
dc296b63
88340663
fbf31163
42af6b63
220e163
27069763
538b2063
d1af3563
2cf67e63
4ef3ef63
e00bc363
66238163
b9498163
50eebe63
c7560e63
4bf0b363
cbf60d63
cec1eb63
fc472963
5b1bfd63
39afeb63
6e56a63
52b4ee63
f649463
cc027663
ae324263
cd70da63
d7faef63
c4e8a663
c244d263
690072fe4563
b92f3a63
8ad1263
f2027863
699ba163
f7b0f763
911eff63
b0faf463
e62d3663
1ce9cf63
5e1f0463
edb36163
1c920463
e2f95563
4d123963
8763e563
9e30a7629fa63
38c43977eab763
17035c63
45f95363
54f0f863
60677363
e4b89563
2e10374eea463
fe9cc363
e8895a63
88421d63
6b17e63
9e53e963
614d63
19ea2d63
9447f163
2cc92263
b84b3f63
2df23863
ea1c4b63
cb07063
29b40763
220f563
379c1263
c0184563
eb508c63
b02ba163
d6ae6363
fd630563
18234863
e96b8e63
8dc0ea63
2c9f2063
ba0fba7919dd63
700745c396d
5bc8fd6d
e75fd76d
1aa5256d
a23c866d
cc862d6d
591816d
a584a06d
a49f9c6d
c7225d6d
fa56026d
c59fed6d
24f22d6d
ec71bf6d
1074107aab5c6d
ba16e6d
fa9ece6d
b348f16d
4f57666d
1f27686d
8e53b6d
2918726d
660a0c6d
29bb376d
e5ed006d
906cf86d
3ef41a6d
2909956d
d098056d
bcb0476d
3072eb6d
f7e2866d
8514906d
3aea856d
8f8c8b6d
e2f0a86d
3e08956d
e8a9cc6d
d0dcd16d
1149156d
916f176d
318cec6d
65f7e6d
4376f46d
97eecf6d
ca63ca7d2d4f6d
d36b5f6d
1935626d
c9ad696d
8ca1826d
e0315c6d
71da636d
6616df6d
bd2a286d
f75fa76d
3ab0fc6d
fd6c4f6d
6828bb6d
5da086d
bc9ef36d
2ede576d
e7e7766d
1dc71e7b438d6d
faf95a6d
3c10736d
ec32aa6d
3aa9636d
4bf18d6d
3790596d
a84d536d
813a376d
7480779db1a6d
982efa6d
216076d
3cbce06d
9d685e6d
51c79d6d
c82b4c6d
c8fa5e6d
591ac56d
ec742b6d
973e0e6d
a0074a6d26d
3366f56d
6b140d6d
386c426d
e53ed36d
815fca6d
f6098d6d
4d18556d
134c056d
12dff66d
ff8ba76d
8007474fc6d
97c2836d
ed1e316d
d0af6e6d
32f696d
bb507d6d
3903786d
6e9376d
99e8026d
135a846d
6688256d
34f42e6d
961cc76d
14f5426d
ef73856d
54ba5f6d
6b01887f
f599ae7f
d5ea9d7f
4938a07f
631eae7f
1b73967f
38e9607f
341fed7f
826baf7f
2810117f
af21c47f
bb45b97f
d5c7307f
2737cd7f
1155f07f
309d2a7f
9b5e2e7f
357b6c7f
b3aaf7f
9fba727f
3289727f
a99aaf7f
dfac3a7f
a9c9f07f
eaaa5c7f
3b8fef7f
7ed747f
83f087b76c57f
8c2a2f7f
fd616a7f
b5451d7f
e43a097f
64aede7f
20be827f
a934247f
bfa3837f
9f30bb7f
eed3ef7ed3987f
a582c67f
1b34717f
6ae8cd7f
b4e64f7f
493137f
b23e007f
be1db57f
5d2a0b7f
5c58657f
16ac017f
8e99d57f
684cf17f
5c007855b17f
397547f
30f037a77e37f
8d7a8a7f
646afa7f
86a77a7f
4fe0ba7f
a005ec7f
139f2b7f
f7094e7f
fdcea37f
26d7167f
f6507a7f
cef7a57f
6cfa1e7f
2125997f
308db57f
4bd2217f
32fc537f
a9279b7f
dd53617f
9a401c7f
c71e737f
71813f7f
aa8ab37f
871c1a7f
27c0ed7f
30074e76d7f
bc663f7f
525b547f
e574fb7f
e3af677f
439cea7f
17d0179bfb47f
5c7b697f
eba30d7f
9040be7f
ab63307f
5533267f
2a9597f
e13a397f
fff5047f
264027a397d7f
1960279cf5e7f
4647b97f
8758897f
c3a6d77f
296deb7f
a2c9367f
c96a337f
22689f7f
893d537f
e1f0cc7f
8de21e7f
dc42bb7f
827cea7f
e3dbd77f
b2f8a67f
80bf797f
e1c1c77f
68a7407f
1f0ffa7f
873dff7f
3bf1087f
d6e54f7f
900760fd17f
6b7e047f
a3f8af7f
bf49577f
657c9e7f
2bd0607f
4c90ba7f
68fd247f
ff56327f
84ff527f
eeb9387f
4157d67f
685e2121
63714a21
e941c621
be2ece21
3c89fb21
cb2da721
def67121
960dc521
c0cdae21
6ae7f321
2f6a7421
fffeff7b2d4221
2a9f9521
c054cb21
3bfe0a21
8ae64b21
2007120cc21
1fe29521
c67a7221
f757221
c5bd8821
eca63a21
235ab021
f3679121
4267df21
45e94e21
544d4321
bf67c821
37897b21
e7291b21
54b83621
42aa8c21
3b469c21
96da8eac
14203ac
f6d20aac
9a943bac
c1d83ac
5d9cdbac
9f6accac
a4bef3ac
6a834dac
e9d067ac
6145a5ac
7691777ff4f6ac
dbea3eac
332e27ac
18a65eac
6cd373ac
c4a74bac
2ee82f7f0725ac
16e91fac
42d29eac
c289b6ac
53962aac
49400aac
3e1bc9ac
d4a10dac
48279dac
a73560ac
172341ac
6c2da6ac
3f3c8fac
6740b1ac
5a02f4ac
e3e595ac
703a97ac
ceddb0ac
619f0dac
463fe8ac
a2f0b0ac
71c1bac
6762f5ac
e0100cac
8afd2fac
3b6051ac
72f959ac
52d519ac
6aa12aac
4241ddac
e91a98ac
ede822ac
f83d75ac
5366ffac
bb33e3ac
d4913dac
97b531ac
974c2cac
8e5777ac
58035bac
ee2bc4ac
4e1b72ac
10f4dac
42d99fac
f64f7cac
636dc1ac
b43de7ac
15e5e1ac
8bab44ac
e2745cac
f150a1ac
d7583bac
89c36eac
e0f05fac
b931d0ac
ae0329ac
591eadac
492b60ac
6df05eac
6f4db2ac
a3533fac
cc528fac
1b610cac
1db5a4ac
9ba071ac
cec5c9ac
2369c5ac
10075dd9aac
194737ac
af017acc5aac
65297bac
353933ac
fbb90aac
ef4d4fac
1069daac
6bec44ac
590a65ac
ece441ac
dfc0c3ac
f7ce77ac
320a60ac
fa9356ac
1fe321ac
3ac33b7f4131ac
6873eaac
10af46ac
a5f020ac
5d2c3bac
11a267ac
22b1a0ac
a8e455ac
58007a1d57ac
531d00ac
58bacaac
57a8cbac
2d6895ac
c90d40ac
9f2e33ac
837f2ac
3f1afbac
f35213ac
4c05daac
6ce5b8ac
9d6a05ac
1e4aabac
1ebb1f7e9bc1ac
21ec0cac
efeed5ac
d6ffafac
26f4d2ac
362eeac
94fd4dac
805382ac
f9e461ac
d7b0c7ac
a08e65ac
6bfca6ac
2349acac
84dc87ac
23e524ac
8e5eaac
d57aa8ac
c4e91bac
516925ac
3ab486ac
ffa240ac
45d2acac
9558d4ac
e62a2dac
c74e4dac
24e24aac
9f94dac
e0dd65ac
8cfae2ac
6db551ac
8d109cac
59dd89ac
f27a7fac
701905ac
a60341ac
6c20e2ac
95c409ac
74e685ac
872f1cac
617edcac
d49e88ac
348fb0ac
66e846ac
b92249ac
91e8d0ac
df1a38ac
9af9d7ac
72eae2ac
1e469ac
3ce0f5ac
83140d1e
8442601e
4222fa1e
4cc7b1e
40f81a1e
966a631e
e12f0b1e
179b071e
989a101e
1d05a81e
d7b4a01e
a2c4b81e
24a3a01e
878ae91e
8644d71e
4c72161e
ea4e8c1e
b14f151e
43177a1e
ee78b11e
9011261e
e3f1801e
be828e1e
fa5c801e
b0a0ab1e
c0d4471e
f046641e
10000ff7b48c31e
47fcef1e
14b6b51e
3cbad298
e8848798
1e990f98
6db28198
ada2b598
aacf8d98
51631c98
ceb6f698
2e8fbc98
c75d8b98
dfe71698
44484998
9f635698
14900898
d56b5498
18605d98
f676f67fc14798
c2103698
8ffa7a98
3b5cfa98
2e8d2398
8cfe9498
ef4c2398
10652b98
54822298
45b047bb90998
14a9f398
8c296398
56bf4f98
a4735798
4863c798
95d2ef98
b719ba98
88268698
18f53998
e4563a98
f2e5ae98
60508698
5435ac98
d054d298
3ade3198
e2bf0698
992f498
2a326e98
3fe88298
86d92598
2b5ef398
67eeb898
ddaf4d98
38107498
20de9698
10a09e98
e7ad0d98
c3ce5398
46690998
30968198
5ab81798
bab3d898
86557398
e6790598
89115b98
4d0bdb98
708bf98
e3869398
467d8e98
fbbd4f98
3deddc98
3200f298
cfea3798
4549c498
8a3cc698
6c267a98
986a5598
d7b32f98
cb967e98
de6f9298
8cd3a98
4d5a4098
67579a98
1fea4f98
67845898
50c28c98
55772a98
8f8fca98
c0282b98
cdc70898
4e3dbc98
13f47898
fca78998
3cca0098
a2d15c98
3b97198
93e80b98
b3aeae98
d0fcfa98
ad867d98
6bea4798
ed034498
1a3db998
c78a5e98
45b5b898
bcc10d98
c3024498
ea266898
a2d52398
6eef7d98
7582298
92280c98
8e82bb98
e85ef298
10095398
66bee298
52f057be53398
46fec98
dea86f98
e9819b98
e4776098
b1259e98
3d732c98
a5ea0498
991b1598
93fbba98
60d10298
bef9ea98
4b5bdd98
1bf73398
828ff298
9aab3f98
d2e52d98
d1f99398
e382c098
a8bb2898
57b98798
34f92a98
a47b398
9af26898
8f0ddc98
136de798
4abbaf98
86a0c398
13916898
4f7efd98
9b1a7a98
4fc64198
362aab98
d8ac5998
70b3f298
58ffd898
994d9498
8d1c1b98
2b13f598
bb80d298
c1026d1a
8f2e431a
b670b72746b1a
1060de1a
54cdfd1a
e0f3e175704a1a
6750671e2fe1a
35b0d1a
db9ac11a
e247311a
ea372f1a
b7376f1a
54f5411a
f443761a
fece881a
8223ed1a
8ff1141a
ecd8381a
22a0271a
d310d7299d51a
14c9741a
55cdf91a
e473ec1a
89b38e1a
c93e621a
b251ce1a
93debc43
b2d83343
e3374143
ba578343
9ebc7b43
ba58fa43
20618343
8d5b0343
df56c43
1e4027642ea43
c8438443
4f4d2d43
53519643
bc2a0843
261b0243
e7cbfb43
38e97f43
abb83943
46c81c43
360074159e43
d6398043
8f619943
a9265a43
2e438843
9f543b43
b1f91a43
a68cfd43
84f03a43
458a3343
c3564343
66b8ee43
f5eb8343
b9e9f743
f998b443
69500e43
cbc2d343
ddea243
87a4ff43
87cf2e43
d210f543
f7355c43
456b6b43
388f3979a8e243
51e06843
b6f5a143
2dd93743
cb109443
aed65943
d2f2ca43
d10ca543
a971a97ac16b43
3a963e43
ac80c543
fc4f0c43
27e95143
923e5343
bccef843
30bd0743
9f60f943
5df9a943
ae6d1643
6311e143
690df943
9a520e43
1be61c78f40e43
ca8f3043
e23bba43
bc2bce0c
ceeb10c
3f0e1f0c
a93a2d0c
e57f570c
b77d3a0c
e9021a0c
3aa2fb0c
bd3d960c
3884cf0c
10000ff546b8c0c
a782590c
4c463b47
b5730847
383ddb47
be192b47
ec4f5a47
a8e6d47
e839cf47
9645ec47
3f3da047
2028f47
4cf51e47
f3cc0f47
5685c247
3422d347
c871bb47
828fb847
63440547
1caee147
d8d95547
df88647
65c51f47
ddda6447
a29a6c47
eed43347
c75faa47
c2df5b47
8304347
b8491847
dd237247
e6a3347
bf373147
c7388f47
11b18247
9c6b6f47
b265c247
5f947747
32529747
85fad847
df9e1247
28868c47
42199a47
3f1b5847
aa3fbe47
89f7f347
e4a50147
22f2a847
4bf8947
105b7647
25abd047
37553547
6a5fd647
568ef047
a32e047
c5aef847
90fcc47
acb8a647
e439e475c1bc47
5438f47
8d1cd447
1bc61c73a66347
385d3847
c2961f47
865cba47
19035147
e19c5347
c2bab347
77eb47
138be047
934bfb47
4bb67f47
92087547
32acc981
9d4f1281
e2b65681
25732381
35518b81
50f40a81
c6906e81
8e99a581
608b7481
f763d681
65538a81
40a81881
17bdab81
375bef81
b409d881
6fe6e81
afee6e81
b7f1c581
524a9781
2db91981
d1236281
3c9fed81
e15b0e81
bedcbd81
43eb8081
4b197b81
88b5df81
4ffce981
3a54881
33fc1181
b82a2981
56105f81
ac4ffb81
29557381
21d93681
ca955881
f5126f81
368fae81
5d061d81
53085781
e7551381
b73d7f81
b6fb081
1e116381
eb5b2381
b4183981
6b066781
167d281
9e8a1281
5f1c9b81
c2e15d81
42afc381
4f8e181
2528a181
3d1c3681
c47aa681
bc2dcb81
340ecd81
93865181
9ff3fb81
fc3fb081
ed642e81
b2cab981
ef266581
9876fb81
b5fcb081
61892681
18dfec81
66306181
81e56f81
1b9b2281
15f0de81
49d71581
26cf5681
faab5581
609d7981
9f6ec981
56f0fe81
c789f681
32876b81
848a781
4372bb81
f209f27e8a3a81
bee00781
8967dc81
f9c8be81
abb6bb81
6451d281
eafdc881
5c757081
cedd3181
95569081
c3b8c181
e0ed2281
a7817581
d60e2d81
4243b981
c314b781
499e8381
3b748981
17349d81
9525f581
3cb047a624b81
9b9e5d81
1f697481
660ca381
f5f46881
887a1681
d2c13881
dc912081
99da6c81
a2c0a7b5f3381
51c9c681
b3a7dc81
821c9c81
f4880681
5d2e9281
bccce481
9aa55b81
3c592781
836c9381
158c7f81
b44b3681
734ec781
f82d7981
c18aee81
4c56c281
21203081
8153ae81
d79fb41d
aad36c1d
4dca7c1d
fdccfe7bb03c1d
4f99fa1d
e0e25b1d
92fc301d
2744181d
4d4d4b1d
d385e1d
d2e1661d
f924bd1d
bf9af1d
36eea1d
9b84651d
283f6b1d
9fbdc31d
14de801d
647f0c1d
c8564c1d
2340276f2551d
2fc8bd1d
fc32841d
67f87d1d
3b65c01d
8bf68c1d
b4a9031d
f0d64a1d
b5bde31d
d47ea222
1984d822
d2562922
12aba422
d5c74822
d519f222
5dda6822
e904d622
40238e22
8710ab22
85d77222
d711e422
3e92ea22
6840a322
84c1fc22
683b3622
59af0622
5083c22
f21aa022
b5563222
dc3bdc7d0a9522
dc8fba22
278af122
23786422
c6dfad22
25bb4022
1dbb4922
294f0622
99590622
a1567c22
23c5247b39c922
40e12422
60985c22
b3a9e022
dfc2705a
c1dc655a
665b245a
35a4675a
6986935a
b272f25a
c89f8f5a
ccf91c5a
2f2d225a
eadcb65a
d54cae5a
df306e5a
226c227bc00e5a
f1e4c85a
a18fcb5a
21156d5a
f672ae5a
b69da5a
10ce265a
202d165a
b10d6e5a
90e4695a
656067a0dee5a
9ccbad5a
2144d65a
69e5925a
c96385a
1920278a93b5a
fd66035a
d388d47d905a5a
7e007781905a
dd7b265a
44b0b15a
864b585a
1ed2a65a
35af485a
bc98785a
ace105a
64dfdd5a
400743da05a
e661d25a
f0804f5a
b37dfd5a
69480d5a
57bb4e5a
3007412045a
5969d85a
6220e5a
4a65895a
fe45365a
cf3bda5a
f0f4125a
70ccb85a
c8593b5a
86061a5a
488e685a
8f6c5f5a
46a9915a
8ba7e15a
30fc7c5a
c95c755a
aa7475a
981c645a
2085045a
b379ad5a
4b26a15a
8e86a5a
1d15145a
beedd15a
5292b75a
18524b5a
39a0565a
93b4d45a
a6ed465a
f0b5205a
c9a3385a
af0177d4f35a
291c215a
ad83035a
891e085a
d578795a
dd63ae5a
f0017825885a
50d9205a
3d80165a
cd7f355a
3707fa5a
5d0b335a
130f405a
864bc35a
42f047742d409
93144d09
bc315a09
2c8f6d09
fe78a709
312cf309
fbd1fc7b5aff09
b5e4a909
c7cb2809
d9c3fd56
31dc2856
6fef9e56
25f25556
9a291b56
94546756
c5e66f56
fdc1b756
e7b2b456
ed00d856
4d851056
87a31e56
a2c27c56
6b866c7ee04e56
d15b7356
90b097c66e256
b4cd7456
896bdc56
a97d0556
5e97ea56
6b07bb56
1ed91256
2d02af56
c4969f56
30075968256
bd0179e50b56
c206b956
14b3cf56
3ac4d356
aed18b56
b7ac556
d0bf1056
b998a56
a3933056
c6f74856
bd3d5c56
b4fc9156
1019e256
ef2dfe56
d8fe4356
d3baa256
187bb256
3f9fb756
8752456
33aee556
a7303256
8820dd56
292037b246d56
28ca1356
da4cd156
558057bdf8456
c10d1156
37644656
2d5a2d7e02c256
58451056
4c71c456
562dd956
6f9f6f56
9116d656
26f0277ddc3b56
aaf2d956
bd765c56
41cde156
3dd47656
19adaf56
2eb656
ce5c0656
3588ae56
a92d4356
f71eb656
b95cdd56
436d9b56
df3e7656
be783256
2ef1b356
2e7b2e7e091056
189a6056
1474b156
b2149f56
52c2ea56
54b62c56
c4c70c56
43864a56
dbd74d56
5666ea56
feb61956
bb4f914
c5a59414
e5151514
c4705f14
3ccfc614
81fd2914
e9e30a14
25cb6d14
3b968814
53eb8f14
2eb83714
be92d314
5307c614
c746314
d707d77a203d14
a46b314
cda01a14
28f92978778e14
f5a34214
a509f714
3e7ae039
b37d5c39
f7653e39
98d94e39
a380d239
df702539
cc5c7939
89aa9839
3d92ae39
74e97570528539
b4412e39
a5fe1339
48338739
ccca1739
1e6f3939
f7f69339
3c088439
47b11339
a5a7ae39
8b188b707f8b39
ab586d39
cc68e539
1ac29239
8a764039
bbdec539
3e0b8c39
b1afb739
47438239
2b53ac39
875bbc39
a4e3a639
9d325639
54d83939
fde33439
1faab339
e0fc0639
fbace339
1e05e639
2b283739
314ec339
1da3c939
67fdf39
c5bc2339
b10b7439
b27f6339
99ee8939
31b66439
55a90e39
1aaad539
10cdea39
2ed1db39
fb245139
ab4d4239
aaac1d39
86dcbc39
a88d1a39
95044f39
514e9f34
95a6734
bf4e0e34
ff8634
b26a7934
3b1b4034
ae13c34
e5503534
8fc13134
3f8f4a34
4796d334
4ddbdc34
23a7b34
4a8e0634
8981c234
b04a3434
a4f00734
17c7f734
17912c34
c8b8df34
54d09f34
d3244434
2bc9fc34
26702736a1334
c7512a34
23ca3834
8ee8ed34
d633e634
bb36ee34
faa06f34
f5e87d34
8006f164434
db11f534
447d1534
fd91fe7811de34
d1cabb34
fc1a7934
d954e934
4c926334
882fc734
6737b134
c8988634
c0619234
c0384834
2ed1d734
d42ca934
df3b8e34
1628ab34
67ee8d34
c38b4034
e5f56134
4634dc34
25589278
32409778
a1f46578
3a609a78
61a13e78
28cee478
8684378
d19cc578
2b232878
8c384b78
e4ff9378
cc8f2b78
f47c2378
cc26f378
3b478678
dafdc378
61fb5978
1f0075d14978
4cb33778
5d305d7c723e78
d33d5a78
8be03f78
dc549578
1f7d9678
aa684078
6ba0779d12278
3b928978
e94f7778
56910c78
fe8a1e78
8a2f8878
240af578
36db1078
865be578
6c3da478
14898b78
2dee478
a5804d78
5bf9ca78
bf899978
c19ad878
d296d778
2abbd978
fa0ea78
4f1bcd78
fe2cff78
48c04c78
9aa73178
bb27b878
80b9c778
5bcb8a78
a4d21d78
60bbe978
98c3c178
a3a3c378
3f69db78
3852578
494c7c78
f126a878
393faa78
54b6a078
3f4f2b78
b0f8da78
6720679c62278
be971678
d7ce0c78
1e2cf478
6a187178
3c6bf778
fd660078
4abf9378
933eab78
187d5878
974f5678
c21b8d78
89f0b478
fd85e578
1d6a6978
2895f978
43c0a978
490d2278
80f5d078
90296478
576b1478
4fe5cb78
9bc5fb78
5e68ed78
8c556278
a0734878
ca071078
42b50a78
147e5a78
ff39c678
dbec3378
60ec8978
de37b678
6cc06778
965c8e78
6718c678
300739e7178
ae72ba78
b3879878
a09a4778
c3cf6a78
39275c78
e1489578
87878478
ffc13378
b214f78
52381578
80a9ba78
d8d1578
b72f8a78
a4e39378
7bdc7c7cbb5078
39358978
19a61a7b27a978
fc3b6178
2de85378
581e0478
35abb339
b8094639
e4399439
c682639
c3ef0039
29498639
2c85ff39
fc480739
1a0075160339
6ef9c539
127ac39
194e3839
f0b12939
e47c2439
64352d39
49988939
960fee39
336fed39
ffa7ff7cea1f39
3c0075eb0a39
65a21539
42cab139
13d9ab39
16b06239
d6a8f439
64e17039
d860b139
c2f15a39
9941b439
aadfdf39
d0d27339
e8bc3e39
d3bd4739
9dabd039
58b5c439
c151bf39
6af7d039
89821739
c0e76d39
300731cea39
db2cd139
e4c04439
8363839
e4737439
2a147639
fcd60339
531b7339
9c899039
8afbda39
8a387939
35505839
b4dd0039
61b36339
315eb639
faf77f39
5f1d3a39
46e9cc39
bc8bbec3
91498ec3
eb2c01c3
29b03795012c3
1097f5c3
a4ef60c3
1adb50c3
f19015c3
2a916c3
5169bc3
3e0076f1fcc3
2d2d9ac3
f2654dc3
fbc40c3
8a310bc3
a3f643c3
e370b8c3
5f5cf5c3
8edc2ac3
e3a8fc3
aa74bc3
cb0f22c3
35fc35c3
dbdf7ac3
8da194c3
9ef857c3
2cf5bfc3
a9b282c3
411a41c3
bd7b11c3
d04f02c3
88c786c3
4013cac3
de4f08c3
daebc5c3
448d5bc3
e20330c3
2298dec3
44cea4c3
4d4595c3
f90eddc3
8599fbc3
8bf3d8c3
c130b5c3
5bdaf3c3
35ff4bc3
3a9934c3
d33c52c3
b586b6c3
5b4f39c3
e2d5e6c3
a74320c3
326e70c3
119206c3
486028c3
3053b2c3
2b4782c3
20ed49c3
1bb826c3
69d398c3
e6ad5ec3
915237c3
b8bd59c3
a25307c3
257c63c3
79ae2c3
6e0fa7c3
315392c3
12bcb2c3
6d253ec3
6d7a79c3
82830ec3
312ff7c3
1724f2c3
9475f0c3
128ce6c3
1eb974c3
9c80e1c3
85b05bc3
59868ec3
97f3e2c3
2000764540c3
b9ddd1c3
be09a4c3
10072c937c3
e91d9ec3
48c8aec3
b27fb1c3
d7e2f3c3
7fd17c3
4f05ebc3
caf4fc3
2b692dc3
ecfd30c3
cabf05c3
7b060c3
3b3069c3
2f1897c3
dd0b5ac3
cb016cc3
672716c3
f8a486c3
f6ab30c3
4520ebc3
50f72c3
29e2f3c3
9de023c3
b26a2ec3
53694cc3
595036c3
e49edcc3
5a042bc3
72a0dfc3
59741ec3
9d3ac2c3
58ad7fc3
59a974c3
e70aec3
acd17dc3
949ac7c3
bd846bc3
338df6c3
3daa90c3
36099ac3
1670178b13fc3
e2663ac3
619fd7c3
e1f2efc3
dd1abc3
fb1f07c3
b26cd7c3
e777e77dcc60c3
a45963c3
cc1affc3
c7e590c3
eb3c52c3
4a8e8cc3
551af2c3
6ed686c3
b00c3dc3
28112dc3
4a7ddc3
8be815c3
b7e09cc3
e4093c3
3bb991c3
1424147b5b7cc3
30206fc3
188d58c3
28754bc3
24ea7ac3
f81059c3
17bbc0c3
5273e3c3
84fd5c3
bc702fc3
d1d95c3
f91d42c3
c44ff8c3
414d7c3
87a267c3
18316ac3
aba5bdc3
c2d42ec3
33c73dc3
fd8cf2c3
52f51bc3
1837a8c3
96f8e1c3
456e1dc3
17de8bc3
8a6ebc3
962f0ac3
d74e0fc3
4c94d8c3
a90e53c3
30073d897c3
4ecbbcc3
4c7cbfc3
f7e1cdc3
566de8c3
10072f2b5c3
b83822c3
5dd053c3
d5467bc3
cd5fa6c3
a63f06c3
f9112ac3
256908c3
80db5ac3
aa62fbc3
fe68eec3
80b0f3c3
963b65c3
854f93c3
10000ff63ef5001
f5236026
cc08b626
fd5f8a26
21d00726
9dcdfd26
bf6f4926
b621b826
4ab02526
280075b51f26
22d8026
dde22d26
db2e1726
30911326
3eced26
5f220126
680d8626
3e513626
4e1d8126
d96e6426
b235b27cbdef26
dcee3026
2fa96726
82d86826
41d54826
34459f26
b163fe26
ab181c26
310b5426
2c812d7b5ac426
1785c126
b6eb8d26
168dbc26
2123217b0f1426
3656fe26
33f81d26
35190f26
c39c2f26
5970826
a6f31ec3
630078f29ac3
cb3007c3
95bfe7c3
899d83c3
c33497c3
fc7521c3
699b2cc3
e195eec3
6c7108c3
cd5d73c3
caefc3c3
ef597cc3
b7368c3
bba26dc3
23aba8c3
e2b4afc3
9d59b6c3
14c203c3
b136e0c3
2d3793c3
be26e3c3
e722e0c3
3854b2c3
a9aa2ac3
6c19a1c3
1f118c3
aef72ac3
644c9bc3
b5bc49c3
9c3a00c3
50d10fc3
13df06c3
d45c18c3
de895ec3
68b852c3
883352c3
1f4a76c3
167dcac3
ae9981c3
92807ac3
667c80c3
843cb0c3
b66b39c3
c753bec3
14949c3
bdaa96c3
c462aac3
8a961ac3
8eadddc3
32d663c3
92517dc3
d1649cc3
ea0c38c3
66305ac3
d2c197c3
c0be45c3
4b1dbdc3
105586c3
a9a861c3
fd805fc3
5558557e5772c3
b302a4c3
325735c3
6316cac3
60e9b5c3
9b08c8c3
bca40dc3
4a909fc3
a1a3c2c3
367052c3
d1cbfbc3
1491157ceb50c3
e82713c3
fd25d0c3
a010c3c3
2f2d78c3
f04853c3
88804cc3
2cc16bc3
882545c3
3ca9c1c3
f7230ec3
d448cbc3
e3681dc3
f65dafc3
64186c3
9cdbf0c3
60ddb2c3
96d72ac3
2ee715c3
ec030bc3
8cb615c3
f2fdfcc3
b9f56c3
83e3847ec65bc3
f14875c3
c6d17cc3
94eeecc3
42e35fc3
b789afc3
b5e265c3
8c8685c3
1f32aec3
2c1e0c3
961294c3
6dfe66c3
69f2dfc3
d4d283c3
f19298c3
685cabc3
9b2338c3
fcc104c3
5a0d0fc3
1c3965c3
28f0c5c3
bce6dfc3
18824ec3
c623e5c3
34dd57c3
f9940dc3
223405c3
2a0ee9c3
627611c3
67b4fc3
aaa4b6c3
e91e9dc3
39e2b1c3
2b4ad6c3
d07a7dc3
e05af4c3
f977c8c3
f2a0bbc3
592c7bc3
efecbec3
fbc600c3
19df6bc3
efa9afc3
fb524bc3
e895bdc3
c0a0b6c3
5bf90ec3
ca1943c3
eca4fcc3
911035c3
c8bce0c3
ac4b43c3
59509bc3
3b9ee7c3
656b2cc3
814059c3
71e751c3
6725c7c3
a21a5dc3
66882c3
121640c3
26b976c3
fa7e41c3
b1a6a9c3
4978aac3
8de909c3
e960fcc3
a9075bc3
496f4dc3
715f67c3
920de6c3
1aeff4c3
e5022ac3
8bad9dc3
3538f2c3
931cfbc3
e3064bc3
cf0b05c3
144946c3
885560c3
ac2b2cc3
6b3694c3
f12f94c3
8f522dc3
aa85fdc3
e0fd54c3
1bf7dbc3
11cf127cc683c3
d6d661c3
945f69c3
3feb93c3
d5e4b3c3
20074eb36c3
ff12aec3
ecf50fc3
a773eec3
f05465c3
ec3170c3
a8a1e1c3
45eb2ac3
bad4c339
d0dc8039
af336839
fb1f2e39
c05f5439
9023e039
12e50439
96fbb239
e2ba5539
26497839
affc1439
df4ff739
e88a5139
305b3239
11077439
a8bcf739
e9ea6639
a6854f39
41d20439
9da10539
3bdfe539
fb47cb39
6e92b239
9e734039
e56ee039
a39ae039
55bf5239
3ed08439
d0d56239
f53df639
ad9c8239
edbbf039
c007346e039
68d12339
400d2d39
89ad0439
87e087879a839
8ada7639
6f834139
1a8e5239
f776f77bd7f739
e866c639
62057c39
e2b91c39
29f23b39
afde2639
b7384639
b2b48b39
c4dd0c39
3cdd1439
b857d039
f37cb639
e469b39
580c8639
cb27f339
3c361039
25403139
d19c8f1e
f127051e
2a8036e566c1e
ce55001e
3106a51e
d4820a1e
9847561e
f8980c1e
be93d71e
b21af81e
17f3851e
3eb2d71e
efd2841e
f3ae0f1e
fd58fd72e4f11e
50fb931e
10068170a1e
cdb0c71e
8d54bb1e
fd3c371e
f7ba581e
884f9c1e
f31d701e
c4bae61e
1c47c01e
9062991e
93278d1e
63426e1e
b59cb81e
eaa1031e
cfc21a46
d6b91d46
9c00a7ba76b46
ac063746
535d9a46
5a42f346
c2681046
87e08346
d64bea46
b8a36646
cecd946
fe16c646
c1fff646
e814c446
b2b04246
12063846
a64e0746
e188e27ecb5a46
cc56ae46
c99cd946
ffa78946
33f7eb46
aac53f46
1e6f446
6c00a546
9d3d7246
58b83b46
e8cd9b46
3b5047ab08146
e63fb646
96aacc46
400752af746
99973f46
5b331b46
89e52e46
94ca2c46
32520646
63947b46
a23c8046
46a52c46
370077d61546
59ea2746
4eddd446
bcfa6f46
5b49da46
8da41146
18f7c546
aafc3146
10073f8e146
6316a346
a3d0a7bb3b746
c31b9a46
5c970446
d118fd46
fbcc5a46
c354dc46
e6d46546
dd719546
68b077b40cf46
a408b146
9cea0846
39302946
f5727b46
efa1546
ff443646
f2ce4446
2ec4ae46
109b8146
f6e2f646
aa449046
34e6d907
d70c7b07
81627c07
d31e4507
10000ff789fce07
2b5d0607
2413f07
ade7bdb1
b964bbb1
864190b1
68a4b1b1
aaee39b1
9131e0b1
a41bc4b1
4922d2b1
291472b1
572ac6b1
574957b1
687af0b1
703141b1
b96dbcb1
b558db1
d83bf2b1
5f3babb1
ad72f6b1
be1042b1
d1fce7b1
2deb7db1
3ce41b1
27b990b1
41f66fb1
c8f992b1
b645abb1
4dc58bb1
66762ab1
5295e2b1
29ae2fb1
34070cb1
5ca803b1
70b554b1
6fed01b1
da1fb9b1
f38437b1
9c707cb1
28e995b1
8f683cb1
1ca593b1
e7c52eb1
c3e22bb1
a097f9b1
21df5cb1
e8cf55b1
df980eb1
b1d63db1
65a1fbb1
a32edbb1
a1b8afb1
9290cab1
227e32b1
6eecffb1
d75a28b1
63314ab1
20cb62b1
e03eecb1
965bddb1
100756962b1
5e0b9bb1
69222bb1
f378f2b1
acbef5b1
8f0e5bb1
aca8ad7f8c88b1
53e82b1
155107b1
994661b1
1ad2cab1
92544fb1
16f223b1
91d388b1
280fb1
9e5597b1
346927b1
5b7d35b1
39bb74b1
3fcb8eb1
c8a9f5b1
3c0de3b1
f35532b1
c770dcb1
dcd011b1
849304b1
472a04b1
e17b6cb1
f54799b1
b218b5b1
14dc157d6f46b1
db49ccb1
210fdcb1
daaf39b1
fc4dd2b1
46743ab1
c4ad9bb1
fecb32b1
4dc89db1
853731b1
8d9addb1
baa040b1
c63c4ab1
5a0f85b1
1d387db1
df2520b1
466603b1
10074c15cb1
d36ef8b1
905238b1
2f2691b1
a16a27b1
38955fb1
a56aadb1
5ae24ab1
cd196cb1
24ab76b1
d10f7cb1
4ee11db1
2e89eeb1
c01f13b1
ea487db1
3d83d6b1
829cfbb1
e36cd3b1
130077ca38b1
21645bb1
db52fab1
d6a213b1
49244fb1
6c9419b1
de85edb1
b1c97eb1
e2056cb1
4f0bbab1
2373bdb1
2400787690b1
9113dab1
83e85ab1
74616db1
f66929b1
5e1459b1
c6465b1
6b82f3b1
224a18b1
4defe4b1
e8f0a5b1
b6608eb1
3a3675b1
2b5853b1
1f6c3fb1
e6d6c2b1
897569b1
267452b1
ab567ab1
a7dd16b1
a0bb19b1
d73a46b1
bd3cbbb1
853d69b1
361b0cb1
b3ff7b1
42e857b1
31c3327e4eefb1
635a14b1
181b76b1
150de1b1
935373b1
c7f0c7ced2fb1
4c2260b1
561b55b1
1c1413b1
450ceb1
a88fa9b1
73c005b1
b94151b1
b75292b1
81306ab1
fc2cbfb1
aacaca1e
97ed141e
f486a61e
f394ed1e
b247a31e
ea09f61e
4d54b61e
db12b01e
f825e1e
68d5911e
68d5371e
10000ff74df6c1e
a732191e
827e1a1e
1ce68f1e
2cee0d1e
da2a471e
6658031e
13ed1e
d1de701e
f7825a1e
f77b1e
8732661e
b8885c1e
fde3531e
8eb8081e
2003781e
c3de8e1e
e1e7dc1e
2c1bfb1e
6740f1a4
3089b2a4
e689dea4
47a098a4
44cb57a4
5fcffba4
2fabbaa4
670fa5a4
f0075a4f6a4
d3a7b7a4
8db58ea4
623c1ca4
df13a2a4
d213eba4
9de812a4
8f7503a4
9288aba4
fa64f8a4
972eb5a4
846fe2a4
bc156aa4
80a4e5a4
e9dbe9a4
45963a4
18cea8a4
188321a4
254a85a4
46cd4fa4
4d2ec0a4
edf3a4
ea89cba4
c41048a4
c77ffda4
5d4f39a4
2cba20a4
61eaa7a4
fa306fa4
cda0e8a4
f1489aa4
dec00ba4
50f055a4
6537caa4
3c7499a4
6ad5bfa4
9d7c22a4
81d4e3a4
1ba9b0a4
ecd4d4a4
e90eb2a4
97caa8a4
1ab24fa4
de0825a4
40074743da4
d5e7b8a4
653700a4
1fd574a4
8c7de4a4
6f5affa4
1b901c7bc52fa4
9bd705a4
486523a4
f81d95a4
6c6a5ea4
9f2261a4
fdd950a4
93106ba4
1a2e97a4
ffc0cea4
c338c4a4
c901783684a4
58dba2a4
93b34aa4
41bd07a4
fd14bfa4
fbacf6a4
8d3072a4
c9bdb0a4
5980f0a4
140075e8ffa4
cbc14ca4
51d8e1a4
af3f0ea4
e8fdaca4
a6884da4
fa1940a4
526080a4
984878a4
711876a4
1d739ca4
da8dd5a4
700ab3a4
683ab9a4
6b0763a4
105c9a4
f1a7cda4
210f17a4
416e0fa4
577987a4
d95152a4
57aa06a4
400de3a4
299c6ea4
48423a4
4752f4a4
f881b1a4
282f80a4
f3b2f6a4
eedab4a4
cfb74fa4
1c51d9a4
99bd9a7d7d2fa4
5bbb9a4
f996f2a4
5300aca4
4c714a4
5016dfa4
3a77fba4
4030479d772a4
f298e2a4
643bba4
43994ba4
22c02793a52a4
436cd5a4
172c8a4
9579dba4
e0d555a4
e1c652a4
60cb60a4
eb1628a4
9a3f45a4
5d1562a4
6e026ba4
cc5fd0a4
43882da4
44fc9aa4
81661a4
4b7f1aa4
db07a0a4
5b25eaa4
c64868a4
613d40a4
bd5d8ca4
57917fa4
f57391a4
d5976da4
cb4db1a4
c2dcdda4
3e13eea4
2266c0a4
395024a4
bc4411a4
be4f12a4
c7ca38a4
660d0aa4
b28417a4
1292137b5fe4a4
ecc727a4
39d0dda4
e7073fa4
ac9015a4
dc634ba4
b64032a4
3102317c5919a4
4c0f75a4
23fc7f73
a0ad7073
ccfd7a73
e677d673
8c8ab173
5a89073
ec44a73
df49ad73
21503073
ed714673
62723c73
c94dc373
c0fa5673
e6f67573
ae04dc73
6cf05073
616eb173
a84dc473
f255a073
6ecdd73
a2f10673
ac590573
db175973
f3d03073
1b2073
93c09073
127d4073
a4aa5573
5b36c073
c1d29373
24076273
c645ab73
1f7e2e73
113a6d73
d1d47573
dec08473
39f07073
8399973
dc54cf73
315a4973
57f4cb73
40073f8a173
ed37df73
63cd1373
bd828f73
ee1b9d73
bddf9073
e8bb8373
8e880873
31bc1c73
5361a873
49742873
1917ed73
56531c73
3a1f3773
e340af73
3c01f073
4254d873
adf54473
37a5d773
264a6f73
e66c8073
582e7d73
4bf33e73
10072f8a673
39edb473
231d5773
38c43173
23688673
25a1de73
59afcd73
26ca0973
bca92e73
e8dbb673
83209573
742af73
c93ee773
a098a17d073a73
8b44c373
9307ab73
38401873
3007386ee73
112a1873
e7e3d373
a702c173
44b5de73
1f14c873
1ff9c073
8e349373
2d657473
f7b26373
df542173
367fa273
8ef7d873
6a382c73
dd2ee273
27f0278dd3573
d2a8b173
e4066773
f95fb673
ad701073
faf15a73
5c6d5c7c7aa873
94f77b73
b571a473
38df9e73
aa9ffe73
aa9cd173
a08c0a73
37af5873
31124e73
6700770ca573
51d99673
d0074f46773
23e35f73
d446f047
3784c347
a2685647
86e2ee47
f8a34147
a323a447
2f3c3b47
22593147
b09b4847
b1136347
27759047
311b1147
a2268d47
1e4be547
b50cda47
879d2047
b3e8b847
d1872447
3873e747
21221647
5f59c047
99212e47
4ce79247
65948947
89f50947
85dcad47
7294647
689a5347
365fc147
68803847
5a758447
55194047
6f807347
2cddd347
aa737047
a6e54647
66a36f47
fa9ecb47
c7ad0b47
31397f47
e8748447
116cde47
c5209247
e949a547
6e78de47
44a63e47
56c36d47
e72aad47
2542c147
a7aab447
1cb3c847
250075cfa047
eeb03b47
87794847
ffdbff7d48a347
58120747
2f90b47
6ee2d947
1c1f4d47
d3713f47
5fd3347
2a67af47
29151247
da212d47
1d5ff147
9e04a147
c361e447
45208447
87c05f47
cdb69847
bdbd7347
d0ad674e
52adbb4e
fe819b4e
cded134e
8ca2d84e
4bbaa04e
9e24c74e
107dac4e
3931854e
726494e
4701124e
91bd7a4e
915d664e
e47b3e4e
c134ee4e
f352ef4e
89cbb04e
773d84e
4bea24e
b78d1d4e
f7b9e34e
aa96044e
d00751f6a4e
b1f85d4e
bd0134e
10072d5034e
5f2fa4e
33acec4e
a0c9744e
bcd3a44e
d022a4e
2cfa4b4e
4f6b274e
a959464e
24118f4e
29eae94e
9fff834e
463e584e
dd20e7aa9494e
4800064e
927e464e
a2a6ee4e
b35a294e
b87c294e
508af64e
c8f70e4e
c861904e
5f75534e
3d80e74e
f2adc14e
c77dba4e
3c73104e
f220f27d86b84e
fa6bab4e
b0cc044e
ad613b4e
698f654e
9b35e54e
5c332a4e
5aa7e54e
3d43674e
6ff5c4e
4aa29c4e
ed4b024e
5e9cb44e
6572ea4e
61898c4e
637e034e
393ca44e
629b984e
1531b4e
2a79c24e
f5e44e4e
eea624e
958df34e
34724c4e
cae6734e
89b45f4e
e2a6bd22
2bfea522
3392e522
f3c6bb22
89b21d22
f8463622
70d1b822
ebbd0422
151dd822
a82afa22
f47bbe22
6211622
29e3ae22
1b269122
bfb5c522
9d7ab222
c9cb5222
23105922
ddc54c22
6e491522
61659c22
cac08822
af843d22
fa14d522
ebcfb822
d6ae9b22
f62bc122
aa88e322
2022af22
ee4f4e22
f91ca922
10000ff7eb50422
d8c78722
dabaea22
ea860104
10000ff5b3fd604
89d7e404
9e73de04
abe19b05
b79db705
93b36f05
10000ff43cfa305
d2bcd05
a0076e3f380
472d9580
10fe1080
28fc7f80
50876e80
6046df80
59ea6580
5439a180
93e6bf80
a4663280
e829e280
af985380
241b0b80
893b3580
8202d080
c5dc7880
b3082280
a74b8b80
a5061980
afd3a380
88dfa980
61a66f80
d4ea5580
1f40c880
1c6be280
a4a34e80
8e8d3580
fcc37480
c161e680
119a880
ecad0b80
2745f480
6dfe0480
f8ed4f80
e4b7d780
19da4080
3cba0580
f3ce0280
200ce280
2f565f80
30075a5ce80
101c5f80
a97b5f80
4bdfa980
ecbcfb80
48a84080
f60c1a80
87827a80
f8d79d80
12454c80
96906f80
70c20e80
ca0b8380
4c008480
a51f8080
6435f680
e6bdcc80
cbdb9780
2a43ef80
67529780
e1187780
11ea580
5b733880
8a33d280
436047b7a9280
2abfa80
f74b180
e3af0580
137017a3cdc80
dfa40b80
ccb64180
e50d8f80
47af4880
2c5fd180
f5e68680
33ecc080
cb0179ce2d80
f3719b80
bf766880
cfd6ca80
29770680
5db50180
b5c580
a4a0a7c5eb180
db546580
40076065e80
f98f3b80
a8e09480
685f2b80
d52dd180
abecf80
adda5a80
8519480
e5a75c80
2caf8480
10fe7080
4e8f0c80
e9d76f80
e4527480
b04de080
1ef72e80
41c70c80
50a58b80
8a74c480
b7ffea80
99b1280
10024b80
cfdbbd80
157ced80
4d83cb80
ef61ef7f840180
635cb80
cce0fd80
51063480
53660680
b0a0c080
4c3b7680
ee162e80
21541480
c13bf280
af846e80
65a74c80
448c1480
c007706fe80
a6981480
be502d80
129bd280
3f894480
c2e2288a
135b078a
aad5b38a
2186db8a
ae6e158a
556db38a
8166898a
120077ebf88a
5548ed8a
8555e8a
357d0a8a
843f928a
e096478a
3cbad18a
f3206c8a
a6c08b8a
604067c59628a
40e9918a
154017ad5788a
f351d28a
c558ee8a
f259728a
e985ad8a
8f6b1c8a
2e32958a
31ed327e77118a
11a6518a
429bd48a
105b9a8a
d81a128a
3fed748a
259e258a
28c4dc8a
720079beab8a
2687d88a
cfea5a8a
ce027d8a
9853ed8a
91c84d8a
5187078a
a8e61b8a
6dc4098a
53a6d08a
13e7278a
34ba6e8a
55e1cd8a
d0077944e8a
9ff6288a
8395b48a
2b3037b8b808a
550a8f8a
92e6ae8a
bddf628a
91f83d8a
6caded8a
cdec788a
3511718a
ce3cbe8a
ff8e228a
c0077800b8a
2056d28a
89ab5c8a
ef62bf8a
49f8c08a
e4a8778a
1c8bff8a
3d000b8a
e02a9a8a
8973808a
e4210c8a
546db18a
217ec28a
c8c3b78a
109de38a
6d73c8a
e7a9cc8a
899c058a
9c04e28a
fe42648a
670c268a
b7f528a
3692d48a
1280418a
f11c038a
959fd68a
f4bf828a
6889588a
6bba578a
f49a5e8a
b797c98a
8f38f78a
d6017a5fe78a
9fe2e8a
2e9cea8a
5291e8a
3437768a
d6c5508a
96ff1f8a
3e25cd8a
3731ab8a
7033178a
53d1348a
36c1da8a
12fad38a
14e7157d97118a
7c4b28a
adadae7fb5558a
8628ad8a
52f37b8a
87e7da8a
9ebc028a
155ce38a
effdc88a
9c47418a
2895028a
c8042b8a
173fd28a
93f088a
c86a58a
7302168a
a0abe38a
eeac578a
98b8228a
a19688a
50c50d8a
99ea298a
5a9bf58a
64ba098a
b072988a
1949658a
8b52478a
a99bfb8a
6b1df18a
859dc38a
2bab18a
60fa528a
c503c88a
3ee18b8a
96164579
ee4afe79
bfd53979
5980a679
cd00cc79
e94a679
18bb1c79
16652479
c5cd6a79
266a0e79
b84f79
642f8079
e00774f8679
5aad2f79
98d10079
6a536c79
edbb8179
38781779
42e49579
4ae21179
4734e579
b29c6379
436b0e79
4b958d79
5b3d7279
9286c679
d7a10879
657ce179
b0d7ad79
f735d079
f2866679
cc23b279
b1d11979
f4495e79
80268d79
cf79ef79
ca6d9479
4b461c79
719ffb79
c525d979
bbf01979
f2232479
cd11d179
e0ac5579
9dff2f79
ecb7b279
a90b1f79
47eb7679
a237a379
86cbb279
ef926279
4d459e79
16dd5479
3e54cd79
fa155f79
cda89779
990b8079
1ea4e579
4b801679
d47dd47f851879
55c9f479
a385f679
a3f4d579
4a611779
d22e979
baa7ce79
d2a6f79
105d107cf57f79
31e94879
29454779
f666e679
8e754579
558aff79
edfb0879
9e7e5c79
98b94279
19ba1a7d686279
f816fd79
d2085679
11aa6879
6d74c979
afbca479
99cc379
a08bfb79
ff3b8e79
68d89179
975e6d79
4a408e79
4d02eb79
c1440279
96db2779
89c88279
9ae0c279
e144fd79
fafe1879
380edc79
d7927979
84040079
520e1d79
70a9879
93ec3079
19d5b179
860fa179
a859dd79
912c8879
ebafd079
cd4d4c79
f4d9a179
d0616879
ac942e79
9d511079
e1559679
15e017a794b79
480f2f79
ceeae679
a668f379
545a079
b312df79
2e234e79
2658be79
50ff4b79
de0e4f9e
261a19e
b84ec9e
dce9a89e
3335739e
e7abfb9e
39aa7a9e
3fc1329e
ad071c9e
2b53d39e
8dd40e9e
db90739e
f8417d9e
f007728609e
d923069e
4a8057b74b59e
6b1c0f9e
80ae049e
85e6e79e
b378909e
e1e09d9e
f108969e
8265099e
64c46b9e
bc8abd7f28809e
9337f39e
912be99e
cef3599e
567bf09e
e6d86f9e
bfcdc59e
2d02589e
eec9529e
2343e99e
4966f59e
b99b939e
341f609e
22b26a9e
803a8a9e
5cf8609e
e081a19e
2521049e
c7ffd89e
9084f49e
8557789e
e267ed9e
16d8259e
8d16e9e
271bbd9e
1b90d19e
23987d9e
8dec599e
c0e07a9e
a27cdc9e
5be3cf9e
6f3f7a9e
45345d9e
88052d9e
320e399e
6b11959e
1bc4959e
8de2789e
42a689e
cbed39e
16a75a9e
61173b9e
40075bb239e
fdd1529e
569f9d9e
5680069e
51652d9e
ec49629e
536229e
420f019e
f4f50a9e
1007512059e
2733259e
65b9869e
28abe9e
63c8009e
11eeb19e
4580029e
10074e77a9e
6d87409e
1faed29e
dc90229e
ab75149e
9bd4909e
15c0f69e
692e069e
abb8019e
8498979e
40b62e9e
14b1799e
14d7b59e
2593649e
ee7c0c9e
3eae3f7e0ef49e
e6b4459e
2d36769e
95e0249e
ae11e29e
8b9ccc9e
cb2fe49e
cf4a5d9e
b89d749e
cd2cac9e
9019d79e
5086cc9e
ca01f59e
1b65b29e
65f9c49e
5de0bb9e
7156939e
94ca709e
3d6a989e
6b896c9e
d1ec0a9e
b88f089e
39e7229e
a2c89a9e
a096c29e
147e79e
fc1e349e
a429d39e
d424179e
6b7af99e
28a73d9e
ffa5729e
438e2f9e
e146149e
b563199e
a0076a33c9e
b6f7899e
f9ed3e9e
6b33079e
91c7449e
a620899e
9875d49e
e370bb9e
477aa39e
972ab9e
8c43719e
bfa7169e
38acbf9e
c751e09e
c6c6f59e
c2f7fb9e
5f04549e
c0402a9e
1c99bb9e
6b3be89e
c7450a9e
8157359e
80c3359e
b319659e
41e4739e
85c9049e
4cdac327
2aecd827
29303799f1127
f8743427
6e66e627
94c90d27
377c8f27
c9f3ca7dfc7027
aa118727
d04dca27
5d69d027
42fe5d27
af86a627
94f4e627
e5011527
cfb30527
51445c27
b9281227
86291427
102dd127
6a6ce927
9cd82f27
849dfa27
50780c27
35524827
1a3bd727
af608f27
dde4427
fda0c927
bd200227
f856f027
3de8e227
bf390727
711b6727
7142e827
313bd827
337a337c9ecc27
61f1b927
329c6027
c39d1eae
be6fbdae
9b2cb5ae
e11582ae
106d8ae
ea3d9aae
f8fea3ae
3ea2b5ae
66150fae
efc455ae
c756c5ae
9f134cae
e696b7ae
ca621dae
6ea7f0ae
b48b5eae
f629fae
dbb9b5ae
eee22cae
1edf3eae
ef9a94ae
35c6cbae
b9c285ae
c2aac9ae
493edae
8d1251ae
4e1e9bae
e49f50ae
a3b965ae
5977f3ae
479274ae
16812cae
406099ae
2eaf93ae
2be956ae
ca3288ae
370078eac6ae
a377f1ae
57ec5dae
ede829ae
401b91ae
57fec3ae
4a46a4ae
a122faae
1c299eae
4a30e0ae
dfd33eae
9474f0ae
81111fae
e0332dae
58a796ae
f093f17fed5fae
7bc81ae
fdba6cae
cd59aaae
1fb7daae
e8b721ae
fe449cae
334359ae
39275ae
2d524aae
bf2dcbae
ba1941ae
31fecfae
f38ec3ae
3bb52bae
5f8778ae
a93e2aae
e0cd77ae
17541ae
20702bae
138e06ae
351c24ae
93f05bae
1adcb8ae
1c24f9ae
aa97bcae
92e4fbae
66ff51ae
386181ae
23967bae
1581d9ae
960c0aae
4ca978ae
109b71ae
2acf79ae
e3e2b2ae
643c9eae
2ee2aaae
97339dae
6b4c84ae
f86936ae
a5ed80ae
cf5935ae
ad35a0ae
86ed56ae
8f3079ae
a1b82cae
50bddae
f06373ae
191586ae
43c37dae
e07ba2ae
f42f8ae
fc2ba5ae
1f9f4bae
e9759fae
6d0e0fae
be9f2bae
d1471ae
3beccdae
9383c9ae
b5dd54ae
31b102ae
c72778ae
1df027b1237ae
9b9ce7ae
fca3cfae
c2d876ae
57f0f6ae
f333f9ae
c6e038ae
da10c1ae
b212ae
201134ae
8b2d38ae
afd962ae
55e057c201dae
321f93ae
5f172fae
bdb61bae
d20ceae
564e55ae
39df36ae
7dc087c822fae
b25e9dae
dc22baae
1b007837d2ae
d9c376ae
58c780ae
5e0b02ae
21f418ae
2a28ae
249b4cae
3e8b06ae
320817ae
73eb5ae
53bbfdae
6bcebdae
2e1fc9ae
9d45e3ae
6b8a35ae
c8965cae
de5f9ae
63ea5dae
1e5ec0ae
c84c6dae
f76887ae
dbcd2ae
dd35d7ae
d01753ae
c90f53ae
1ce923ae
392989ae
eec35dae
b16e9ae
9e1787ae
b13b03ae
c00537ae
cb49a5ae
250e0bae
824381ae
f2e6ecae
f9479dae
649a1e25
4760ac25
a1755625
8ea35125
d14ab025
c141ef25
23637125
d3132c25
67bfe625
14dd5025
5b0c4c25
3d696125
c6850525
6f7dc625
9a3af325
4e6eaf25
35ec2d25
bbe0c77c28625
da07f625
9b52db25
6c24e625
405af225
6ea35d25
fc83f925
3b9c4825
2fb8f025
a1a50925
6a5f0925
c9d75925
a5af6e25
3782f225
17df6c25
670074642325
f3dcf47acb6c25
32502225
66361425
56969f25
9fa02331
8c3cb331
e3822031
2910731
80937831
b0eca131
95689731
4ac2f231
29642431
f027431
db69a131
73949931
c397fc31
84813b31
a22c1f31
c388c47ebf5c31
d28cfe31
95dc7731
9a7e2331
d6ef1531
f0c04231
6e753931
b525eb31
60c75131
d9d0e231
6f39be31
2bd1f731
dc573d31
9970a7bbb2c31
2941d431
aabc8031
cd366a31
326f327d64df31
a854fa31
af8ed731
49ada131
25675731
cc1c9131
17686431
26776f31
9eac6031
de669231
50627d31
94c60c31
ab1d3831
68333331
730078ad9631
3c74fd31
281a5731
a369d721
68b54821
25466621
4ce24521
5d4d9521
aa861721
2b51c721
2ec19721
4c313521
cc65321
20644f21
b006dae8721
b62a2921
45574021
aaf49321
c476c4761d5d21
ca8b9821
8c05bb21
26dc921
dc469021
c007b421
105b2b21
f140aa21
21d8021
d3a30221
4a93321
f5f2e821
a49cc321
2c7be321
3b7f3b74ec5921
b7910c21
5dfe8021
ee533621
8d7614b7
a1b5ceb7
20d1a5b7
f443eeb7
da3797b7
9601a3b7
e68a54b7
61153ab7
dac581b7
58d3bb7
bdc2eeb7
2c80ffb7
ee1746b7
f57b52b7
8a90beb7
5d3553b7
4ca51fb7
93915ab7
9e51edb7
c2c532b7
d2bea7b7
2ca5bcb7
ee6a03b7
bd6166b7
645d86b7
8dae3cb7
5a1329b7
4d7711b7
a5eda6b7
46077bb7
599664b7
cbc22bb7
d5b545b7
61971ab7
27d42b7
8809b1b7
2d750eb7
d92104b7
1f4843b7
c27a4ab7
d08fb4b7
51694cb7
add5dbb7
51c978b7
a6ba12b7
a880b7b7
a3ac99b7
e37f57b7
2a2777b7
cfa311b7
69d0d2b7
c60d9db7
a9c077b7
abb4bfb7
8023b5b7
be4180b7
e8c747b7
5936ebb7
90f711b7
7b4f0b7
e880deb7
6fc2707c505db7
be1eb7b7
9033907c91f6b7
21e852b7
351f6b7
196df5b7
adcce5b7
aa6b2db7
473d0b7
cb07cfb7
a6cd70b7
e9710bb7
fac1b6b7
8ab8db7
fb4a93b7
b55087b7
c682d1b7
30d606b7
d74c2fb7
3a283b7
b0bd54b7
681c92b7
50b706b7
6480f4b7
579b23b7
c64b82b7
6088b0b7
d71fb7b7
8953cdb7
6a8f6ab7
ec3127b7
9abb17b7
90425db7
9bdb2cb7
8ffd2ab7
b6a419b7
a16fc0b7
f9e6e8b7
4f39d2b7
e7cfc9b7
b8b88ab7
8d47b9b7
5310a3b7
84f21ab7
431da1b7
d50f01b7
8f8714b7
27373bb7
80ae8cb7
e69dcab7
a00745a0bb7
e9bb5ab7
9fd886b7
27c9ddb7
3fc19cb7
bf784b7
203ea7b7
fd3944b7
63baeab7
ae1e6ab7
c58fdeb7
dd2b1ab7
e36631b7
8dc279b7
2b87aeb7
9505afb7
96c13b7
592c82b7
c6473db7
c2f5e3b7
d23f8b7
61f177b7
100725584b7
cd8126b7
4c3840b7
dbf831b7
3c4144b7
332951b7
d5bac3b7
e7ff86b7
b51ad0b7
405ce9b7
c705d5b7
a2b1adb7
396d09b7
a258f1b7
1775b7b7
1fac66b7
d18783b7
6f12d7b7
812182b7
a5c43b7
637116b7
266eb9b7
e3db5b7
c68ffdb7
30fa67b7
9fd6b0b7
999d80b7
bd25cdb7
1ecfd8b7
92e7dcb7
a1af09b7
ffbae5b7
e709fbb7
e0641cb7
8be0dcb7
3c0e6bb7
94922cb7
b10e20b7
2d706b7
936bb7b7
92ed3cb7
fe3c5ab7
c80e4ab7
707bcdb7
9aa8dbb7
e7e394b7
2b672fb7
19c8cb7
eed99eb7
c94692b7
8dbc4faf
a6a98aaf
30141af
e6169caf
e9fa28af
d7efeaf
6036b7af
234852af
4da0caaf
53d7d9af
874203af
36d037c717faf
be2b94af
17ed70af
4244e1af
f1d071af
f55c34af
1ce069af
8ce139af
ab36af
25b50aaf
8c5fe5af
d98dc2af
118e19af
913ed4af
cfc5b6af
938d7faf
5ff067d0071af
101a17af
e29215af
32c63daf
19c027bafadaf
401357af
d398eeaf
c8d1ccaf
75d18af
83533af
dd2ffbaf
34bfb8af
3a87ffaf
d3a714af
4bdaf6af
c81990af
669b4daf
ed1867af
b6b3e9af
c08704af
3d0e1aaf
737325af
1af5eaaf
370cc4af
e39d1af
cb9beaaf
693f5caf
36da09af
591090af
bae175af
9e2bcdaf
cc844af
cf5776af
cd8760af
53c5bfaf
57ff3af
d065daaf
840307af
efdc79af
914f01af
6b14c7af
95a35aaf
202f6daf
12e085af
f4c335af
61396aaf
359ed4af
aa1a89af
9b2e0caf
b68fa3af
50311caf
93a2f8af
37947baf
6d176d7fe74baf
c0efefaf
4840cfaf
84a5e6af
74db13af
37cbc8af
45fee0af
bf3a6faf
1a6f3af
cb229af
4382d3af
900175af
e90ba0af
48ae5baf
bcbe0caf
51ec01af
26ae70af
6d4822af
726f727ff3d8af
250890af
830558af
f26e17af
c1d226af
28d5d4af
6922efaf
edf712af
d903ebaf
f16112af
5fe415af
14526baf
abd364af
3ec79aaf
1dcf72af
2e3037c4562af
a3c429af
5f97b2af
173b34af
b742feaf
9151beaf
886a62af
dd3105af
f97af7af
e0e7e5af
bfcf3baf
b775abaf
1116117e0dceaf
42ba2af
fb343aaf
b9e366af
500775c61af
280104af
39190baf
2ad26aaf
f396c6af
b3adf9af
193537af
be2801af
a66711af
fb4e56af
b9bed8af
c4bbfdaf
5f13f3af
c08cc1af
ee1d9baf
96be72af
bf56cbaf
cdad53af
3ad21aaf
37b83caf
703937af
d195af
5c9c0faf
c2b03af
16b030af
5ab6b5af
73c7f3af
eed41aaf
b6017ade8daf
96c20baf
5e9c5faf
ff2247af
107027af
aa2abbaf
a7b7a8af
94182faf
eaaf61af
60f2a1af
690a24af
d0ebb4af
c2658baf
9eee98af
a8d707af
bf017aeb0daf
2f79c9af
3ab30af
8d178664
8e6e3c64
e6c25964
5f947364
353d6664
cab3ed64
c56bcd64
b72b5d64
1e659f64
4ccf4e64
bf746e64
6b709364
700d4864
dc88c764
f112ff64
9b2a8864
fcd54464
fb179564
60075fa5564
adfd3964
b72adc64
c2a92064
3538ff64
466fb664
6d045964
2131b664
56975564
3504bf64
48584364
82366564
99166364
d505a564
892f5964
2ecaec64
532cee64
f7dab764
8fde9064
29d94d64
16d84c64
362f6364
32b12264
a5f01664
15de9664
a9e5a364
36a50464
f9c11464
136a3864
4b03d964
4a2c1a64
b2d7b264
6b202564
a1c63064
d683d64
3169d264
61ea5864
2bf8f364
2cd83a64
d2ffc164
6c77fc64
96453064
87219364
c3f1a564
23ff8964
1f51ee64
9683864
619bf164
92412064
ea6e0f64
704c707e7cc764
8fae907ebc4064
82f32a64
addb7464
b4ed2f64
9e2f9064
bc54da64
e3b64
c2ab5764
504db764
9a957364
db133064
bbdb4e64
f568e964
5b8e2e64
2cd29864
1e832f64
f68d3e64
2b8d0b64
b5d4e964
9e2a6264
8a490364
4bee8564
2307d864
f4225864
9cdd9464
f153064
b5f8964
54d9c464
c161ef64
371d3564
717e264
9484057b
38cf617b
38007313b67b
100071d20e7b
e9d5df7b
6c54ea7b
f607fe7b
f64aac7b
1006ea2a17b
2654827b
2320387b
27e1417b
15383b7b
ae82997b
1046da7b
42a6737b
3b139a7b
19561977d3567b
f583177b
98fe4c7b
2153857b
9c6a4a7b
f17a117b
844ad87b
2fb8d57b
6a078b7b
b6dafc7b
9c27497b
bb6c6c7b
1428827b
8823c87b
9daa967b
43007341217b
8fa7137b
3bcea37b
c2eac27b
1d011b7b
a250fc7b
fe86aa7b
a429347b
1a58f37b
a38d57b
94ae3c7b
d98e57b
f15a7e7b
e526957b
de22a77b
3912e67b
e4480a7b
8239987b
915a917992677b
5466547908197b
b61bce7b
c329d07b
b018377b
27d8137b
5221397b
e972a87b
a0cf847b
248f497b
2be20b7b
ebca7a7b
f6a6f57b
3bb4c77b
99144e7b
c606f87b
4a69327b
e431757b
a4cf557b
50df207b
e2b3057b
c9174f7b
3d59557b
8381ec7b
653b967b
206ecd7b
c87e827b
e55a507b
a7202a7b
dcd3a57b
b284ed7b
b837c47b
a39a1e7b
4f599c7b
47be897b
83b6747b
d707fd7b
2bfe407b
8078687b
94a3347b
6354d47b
b751b7b
b24b967b
d7bbab7b
6cc32a7b
ef2be7b
3036507b
360d137b
8170007b
30f4b77b
a2a4c57b
c882a7b
c04c0d7b
12d2da7b
27dcd07b
bbb047b
5c007392ea7b
499b407b
f0586b7b
aa36877b
19a3917b
642d147b
c20d687b
2006fe4bc7b
de79f97b
9d8f9d7b
be67237b
23f02d7b
abee9f7b
50d7957b
b9370e7b
ec128c7b
84407c7b
20074e9872f
2a31772f
90dcc42f
90349f2f
b3901d2f
4744d82f
43007838902f
98ab582f
9983bd2f
1682b12f
a04a082f
689c212f
31b2c42f
8e48542f
e9f6552f
2628c92f
f857042f
f5b012f
b709042f
9b98f62f
4f8b522f
4bc7b02f
839c5c2f
ffbbff7f1ac12f
5be452f
e00a8b2f
1eec622f
a152852f
46e9e72f
f8d6322f
cfe6262f
8868822f
2be122f
85f74b2f
c0f9142f
196e082f
de2d692f
482c42f
fee7d2f
ee75d82f
4c59cd2f
40722e2f
caedb72f
1f090a2f
9242f
dc7b4b2f
a6d01a2f
d8e8624c
3fc64f4c
8732844c
7171c54c
40075a5f94c
b4ba434c
de141a4c
22911a4c
d84c154c
a24ef4c
1ee42f4c
6f94bb4c
ca44544c
6bdb454c
c92dcd4c
921d334c
3755694c
eb4ebf4c
1263414c
cfdfc74c
8aaa4d4c
71775d4c
de35c34c
92409b4c
91cca04c
6b92ae4c
b4c6634c
36eea94c
e0ec304c
bef5e54c
36a0764c
eb453c4c
51eed44c
482dde4c
ca20324c
1dc0cc4c
6eb4d24c
3362554c
855fbf4c
e7b2624c
d723794c
2b993b4c
fffcff7f24a04c
a434f4c
2dd5894c
60322b4c
b86e894c
5999314c
c5b3354c
d3a5c94c
c125ba4c
f092f34c
dd01de4c
d1ffe74c
2991b44c
91ef1b4c
3f7e704c
9026164c
f2a1a94c
3d7b674c
c44e544c
d812134c
a0ed654c
b9aa914c
a095864c
addd814c
b56cbf4c
e896dc4c
d498394c
2bef014c
e9d324c
51e6d24c
fa62b04c
d804544c
b339fc4c
3481554c
5a6f1c84
b29bfc84
863f1984
d31de684
9edcef84
b30c0784
34db4284
29d96784
d0734884
f2ccab84
8451ba84
f112f584
8bd73984
1fd41684
65c4e284
49c33884
8d554384
5fc72784
21439a84
6aa65a84
872a3784
55baca84
16037d84
11099884
8f9cfd84
a129f084
f0000584
4f0c2d84
cf127584
d004e984
72a94a84
2e7e7d84
cdeb9584
3491eb84
ecdafe84
cd7cf884
3d89684
299e2a7cb9a284
f08ec084
be906884
a8abc384
dc4e8c84
41161984
fdddc384
a6d39384
40770484
d50d4a84
9e64b884
1844ef84
de7b2f84
5f867384
a709984
28790284
fae64a84
e2146b84
39ccaf84
f3687384
cacd4984
71cb8a84
51d64584
cdb6d284
d11a4084
bc090984
87db9e84
8a90f684
4f548584
50d50784
b1486784
7a90b84
be6c6984
f3820584
c845b384
e8ee5884
aa11384
ea192184
20116484
2adf0184
48d22184
e71ae084
47056d84
9aa41e84
29396d84
42c88084
8201d184
39840f84
e1b70384
2f663184
ba2c2984
71040c84
8b418684
cc70c184
9183d884
786087b050f84
2fe95184
50e12e84
cb59fb84
3f64e284
1cdee784
db46a584
380e0a84
43d4cf84
ac0f6c84
34c6357cf78d84
6459647d9b7b84
10a19184
8a469584
420e0f84
4053d84
fc8e6784
6e8c8684
f4a87a84
19038c84
72566684
64bc3d84
5fd70c84
23c35584
232a1d84
6a11b184
e9e80784
35b5367cfc2484
9597ae84
2bf24e84
2355a84
bec6fc84
d0b4a984
449c6484
25579884
8007592ce84
a16ecc84
5b343884
aa471184
d724584
aa8ac294
327b2e94
9c08594
20071502d94
306d594
215be994
86181294
b5976494
4c5b7d94
d6efe594
4876e894
42586994
34dba594
3ed1b794
cfea0d94
3aac3b7a44d894
50517f94
c8589a94
6894a794
51f9df94
c055794
84d40e94
5487f294
4ceef494
cda65494
a214e194
5eb8e794
4668cd94
2d054c94
80072c04894
d9e6ef94
f250da94
be8eec94
b0f4bf94
8b051394
b5e78e94
30071fd4b94
d0bf9694
a47a4b94
ad1f1994
db990494
832cf694
fb2db394
9a3d8694
c973e794
681acc94
1e63e94
988c594
48c35394
15642f94
a620fb94
923fbe94
b0bae894
906f9594
bad6b794
baafed94
22334494
e946a994
376f3894
cf81d494
cd24bb94
5b6ce594
b8e87194
39d1a794
c6407894
8f056c94
50431294
d6cc2694
a27ebb94
d0d6f794
92b0bb94
204cd394
10070a0e994
b33bb494
95136794
a87ddb94
8c0c2a94
49d68894
b4123594
47ae2f94
4f7df494
1f30276dd0594
f65edd94
c33cc37b77d294
c06d6794
35294a94
eedc7694
5abb4194
fc782494
35f4894
170073cb8294
92b3794
efd85b94
34998094
81b7d194
34d14494
17128194
84bb3494
efb9c494
c361d894
f4e51194
bf985f94
d61ea94
d1945594
8d82e694
3a4b2994
8155ab94
18711894
b9607c94
4d12d794
21025b94
3da2ba94
9ebd5c94
8fec5b94
a8c7c194
8c03d94
4ca61394
61e6f894
ec3f5d94
3de9a494
70223094
2fc80c94
cdf0f894
c8ed0794
6343c694
c1281394
20e00894
8ef6a594
be206494
42163e94
e8476094
c363b494
a824c994
f5684394
2c35d094
ea295294
2ae294
f5a4e094
4efb9094
44846c94
3e6a7d94
2007183d394
460fbb94
339f6a94
294b7094
46754794
f8f16294
e1412f94
5acfe2ab
49d057ab
9e7f5bab
3c85d1ab
e30a93ab
be1aebab
dd2866ab
dc4861ab
97251cab
2af7aab
30073e411ab
3dd4c1ab
23002793125ab
20e0f1ab
ba4fe5ab
b86d85ab
d52d53ab
5f9948ab
9596d6ab
64696dab
28fd58ab
4110479cf59ab
ce87e5ab
f3ab3aab
c0fcf8ab
1f5edaab
4f987bab
616f5eab
47007720d3ab
d06890ab
59669bab
4f00773ad8ab
25ffedab
804f807d429eab
8557f8ab
a522daab
10072eadeab
a5bdccab
280244ab
8b49daab
c4506bab
c316e5ab
f58ae8ab
6f50dfab
669dbfab
17911fab
1e6d1e7bd1dcab
2007394eeab
2a219aab
aa4a86ab
1e689fab
8b9cf9ab
99be1bab
3fea51ab
df0bdbab
214389ab
140b47ab
37842eab
2d536eab
73d83ab
3bb664ab
8e8570ab
6b34adab
5f1c23ab
96b72ab
a5e0c5ab
267210ab
8271caab
dc32d0ab
2bfc7eab
818f22ab
37e694ab
264647ab
e8a665ab
225597ab
5cdf1ab
29eac3ab
414605ab
fb59fbab
cf1f4bab
fb395fab
d7227aab
59bd25ab
68c135ab
9a5360ab
47ba50ab
1e4bedab
deba95ab
8c7fb9ab
849cbfab
f855bcab
58a98aab
2dc7c5ab
32ffbab
14e3c1ab
d68728ab
511c3dab
913bf6ab
f011e4ab
c1b123ab
56f151ab
5c797cab
1ca0278fc44ab
21f736ab
e71d6aab
12901788f48ab
21d38bab
243ea3ab
e151d7ab
800751ab
bb6ebab
229d48ab
63578bab
12c3e9ab
266510ab
d2ad64ab
802b7fab
833e0aab
2035d0ab
a7d7fab
d83041ab
db3269ab
bcc2e3ab
97ebc0ab
9d25c5ab
9ff7f9ab
fb2665ab
10d7117b3b50ab
2348bcab
3ffe1ab
2f465bab
34e6beab
84b04cab
3c0606ab
4cdb19ab
56e990ab
b90c15ab
343e7fab
20073c2bfab
2b3d06ab
66ff69ab
d4df81ab
9a2ef9ab
2352e3ab
bcf464ab
afe27fab
4c77dab
d47010ab
fc171ab
ce8e80ab
fe639aab
8f2da3ab
96db24ab
8cbf76ab
30eb51ab
c87948ab
8dd658ab
3af43b7c7b12ab
f6d458ab
835c09ab
706f26ab
bbb25dab
27102794d6bab
fdfd34ab
67c1e2ab
c2ee38ab
92766cab
937097aa149ab
71a390ab
212bf4ab
44af2aab
34363804
4d97dc04
a22d2204
10000ff7ef9ec04
4f005395
d96d3495
8173eb95
aacbd095
b45c7095
9f7fd295
cb3ec995
70142795
da018f95
10073661995
c8b5d195
abd33c95
ba8eb095
9e222b95
bec2cd95
1027107c1aba95
c76d2395
100076914b95
40058295
3c8a6995
1e834d95
a3d53795
fb2f9795
337bd795
4d097f95
99700f95
65728495
24bbdc95
1535fd95
2c58a095
4d341695
5a23ae95
959e967e551c95
6ee7b095
dd3f6495
b4103a95
cb2e0995
ed30a495
e83c95
20e32495
c3be4495
7084e95
11fc7f95
e9b17895
e3d3f995
e3fb7f95
fa197895
a8c62495
5eede95
f4727b95
2e1afa95
5a1c5a7dd41b95
c3246f95
41988795
63d50795
e0282595
ad57695
887d0895
1f995d95
b0cad495
896a1295
1d41e995
58adc095
d4222d95
49724e95
4721af95
275a1395
9f1ed095
fe403995
4007548c095
b5046495
1007439bc95
87f4b195
d0c04595
bf58295
b3e88e95
3e4b9e95
6d930d95
d4465795
95b0f95
b856a895
300d8b95
f1063595
87685c95
a093f395
29ed1395
fd281695
653dde95
50075839a95
1eb39995
df184295
3ea98395
6ac64f95
83ca8695
a0021595
cf07e495
1e2b5295
dd671395
d0d41a95
fcdd0995
ccb53195
48de4495
a255fc95
124cf95
251e9c95
aebe3695
a0901595
c966f695
a9cb3795
12483595
4e9ca695
322c2995
39b7bc95
2ed44a95
3184be95
191a0d95
8ad8ad95
536e0995
3c9a2895
8282d795
87f44095
8376995
207d9c95
bf801495
849fa095
52b1b195
c9a86995
d9dbe495
f79af595
862a6595
829dae95
a45eec95
2a1ebc95
200745f6695
eb469395
2d6e9595
ef4fe295
ac7e8a95
4ce08695
18192995
923cd95
1f667c95
20074847195
ba72a95
942e1e95
b049f995
fdc6c895
4dc3e395
3cf54495
c1c18e2e
4e3edc2e
14006f77872e
93dc422e
bf085c2e
5418cb2e
114ea12e
a73362e
6aae42e
388047335292e
9b9a3f2e
ba532e
d8ac832e
c81a932e
43d4a52e
b255cd2e
4fd9cd2e
b861462e
ed761e2e
c383f2e
4e66cf2e
ff9fdc2e
d7be0d2e
58788e2e
12ef852e
27d0272dcf42e
4d1b7f2e
3a4cbc2e
c647ec2e
ff43052e
345b42e
e60f982e
b7722a2e
f9e7fa7777e92e
cb268a2e
96c1202e
1b633d2e
a51db92e
3150022e
3fc8e22e
85de6c2e
b2deaa2e
63cf112e
68b87a2e
f7c1202e
10d9e52e
e00565ab
5e063cab
c1c8d5ab
8272c5ab
fba61fab
9df54ab
806ec7ab
9023feab
ddb57eab
a007785acab
adbcddab
49d75fab
af8cd8ab
b091b17fea91ab
10075873bab
a225cbab
10c37bab
8a4630ab
eaf74cab
a6087fab
2d007901a8ab
4800797b3cab
679941ab
55944cab
813b8ab
3e810eab
6ee41eab
359c7ab
b4db0cab
1497157dc411ab
e09c21ab
49a06ab
c35955ab
d8fc08ab
e6472ab
fbad49ab
316bb8ab
495761ab
2830d9ab
b9edd2ab
538f1ab
56cabdab
9ade3bab
c2f5daab
37b6387ec3e3ab
9973ecab
9104ddab
745f4dab
f7076aab
827f2bab
edfde1ab
421b5bab
b7fe64ab
67f157ab
86372bab
a82f0eab
d0bf47ab
42a472ab
1300782b89ab
8a541dab
bd9e1ab
181adab
2ce69bab
a40450ab
9797bdab
b6ef97ab
98f3d8ab
10c09fab
96a130ab
be5cc3ab
310bd8ab
94f5aeab
245027b8f72ab
2d4d2aab
ead795ab
986a44ab
51cf9cab
fa87d2ab
bbbaa1ab
3400792647ab
c1a7cdab
d08465ab
a70512ab
81b95dab
a007793c5ab
42d094ab
d2249dab
d97ce9ab
6a84f7ab
832a94ab
e749cfab
1d9d76ab
981e42ab
9fedf6ab
b35ecbab
6d598ab
ccd700ab
d49f9aab
d4962eab
993bdcab
e97bb3ab
2edc82ab
8b0b52ab
a0dea9ab
2503c2ab
593774ab
e587c0ab
708dceab
9831eab
19c0e4ab
463334ab
1d3e9eab
a63d8fab
e7694eab
5d9d34ab
23420ab
23c91aab
28ea97ab
e5a3deab
b2f7f5ab
e03edaab
4b86f1ab
f7cd53ab
bc1b10ab
5c7a8dab
42d08fab
8fb2bfab
70fc0dab
452e44ab
7384b9ab
faa9c2ab
edeed1ab
110230ab
3ab20cab
81fe30ab
4ae18fab
864362ab
1bbdfdab
9a772cab
d56d3eab
18c695ab
ecf857ab
7342beab
930b0fab
8c21d6ab
e09592ab
188aa6ab
5a1837ab
b00779eb2ab
b8d325ab
e158ecab
d5c330ab
dba052ab
35e272ab
963030ab
3cfcd6ab
cd7162ab
92082aab
9c7fc6ab
36da1bab
d25df7ab
f4fdb9ab
d7380cab
c19ab3ab
411ce3ab
bcb9dfab
e80e46ab
40768aab
f9d92bab
3a67dfab
5aebb0ab
901c7451
dbed1851
d1215951
c89ffe51
e593fa51
cce03b51
a3be0951
6b41c951
b32df851
a324751
e5b27e51
db866651
e6f4b851
69e20f51
fb8ad051
9a0dcf51
bf458e51
ed0b5251
8d1f5f51
25801751
e04ad551
99ae6551
f330f79d90451
8b90cb51
449b9b51
14961f51
a92f8951
fd2d9351
18914351
e4f0a851
59e7651
8319ef51
3deb9e51
85540c51
6cbc9051
c41e6b51
fedbfd51
d6d46051
cd243851
1d603351
8e61b751
e12ae851
55cac351
db8e3051
da0c0b51
d2a79b51
e55af851
849cfc51
92a45751
bf684651
39c0478689951
8522ec51
f001df51
ed30ed7c980a51
f07fdf51
10071843a51
9dc09b51
14ef9c51
a4ebc51
cbd6e751
4e550751
b1059951
2d41f251
9b0ea051
4c70c651
54fe8551
a88c2651
e2ddd651
e5270351
65a8a151
2822bf51
25910751
3abe851
5054551
5cf38151
dc464a51
a7e70a51
82bfa051
103ffa51
db43d551
a1390f51
960fa756
46597a56
b8058156
234d8156
6258f156
932af56
96999c56
6b481256
ef717c56
65d84156
9cbab256
e6a9af56
b01dff56
9c664256
31277956
8472ee56
56eb7856
3981ac56
c6e3f656
44092956
27c43f56
ee9a1856
908b0f56
a30174dabf56
94959356
99c51156
2dfaf956
ac01c756
c6002156
ee752d56
431aef56
abc59356
b3727156
46638756
df37a456
4abafe56
5931e856
371d8456
b83dda56
90c23b56
ebd55c56
9485f256
feee9856
b176ba56
8aa19856
4ea5e956
16c4f056
3240376713356
da2e1e56
9768456
5e21ff56
25f5356
bd6d8b56
98401d56
b7ac7056
86620856
9aae7756
fbddfc7ad42156
ea755e56
103a4356
8a4fec56
b4472756
460c3c56
8897be56
b1b82b56
973b6e56
84366856
9c7fc056
d7907656
cfa8bd56
95c2f956
1104f56
eee4a056
6f479b56
90e53556
ba31e956
14a9d256
e3fdfb56
2f1d3556
e657fa56
6da2b656
fd848056
49be8156
5c0074489056
4a3d4e56
f2e16d56
c69fe471
ee852171
54507571
88561971
d34ad471
1f1d9071
93b83171
8825887f415171
3372f471
1293a371
a5b00271
60751e71
f54e7371
a70ddc71
e8eb9071
420078ff3f71
31ea1a71
3e9be271
327bbe71
ebc78371
c7c09a71
c341d171
2d032571
236ce371
14934271
6c154671
a4bbcb71
e1cead71
4100417e83c171
447c5f71
d007762c771
a7401771
9a967a71
6f41dc71
4f47071
94623071
674a471
4b83f271
688c9a71
f55aa571
4064cc71
70849871
bd89f771
3f18f71
67bbe671
b58f1f71
b18b3371
bec56571
80899771
6b150f71
8136071
3048dd71
a6ea4171
80e41971
6d318771
30075caca71
340a347e4ad171
b1d3d71
62943671
8c22db71
9475a371
396bc471
10de6771
439e1171
24d027b2db171
e71ba071
733ba971
9e76ca71
9c3c3b71
876a7371
f7041771
5c192e71
62324871
83946371
3129d371
3b495b71
250078673071
b7127f71
25a4a171
63722571
6dce0d71
51c89571
504c0971
f6913171
5c7def71
a4b54b71
26253071
4144e871
3f55eb71
144dd171
b05c4471
e53e1d71
14078e71
d0032b71
6d43e671
57924e71
a5809171
e007777c971
43172671
4115ce71
12a2871
25c28971
652b9e71
ac1c0771
5b761271
14f9b071
6b9ce871
b94dc371
bf4e5371
6167da71
afad7c71
b3973171
be73b771
39537c99
97028999
1bcd2d99
26dace99
5c225f99
6e9ed099
488e4399
459d7499
ccadd99
94025899
ca035799
15802599
9b05ee99
f7998d99
5b2d0e99
2bd35f99
1e702770e2f99
3427f199
dbad3e99
bb5d5d99
2f7efc99
f7629899
2aad3199
6d743099
cd5a8599
989c8499
2cd3dc99
26cbec99
fd489e99
cf0b6199
62ca5899
f8328999
31aa8499
c89aee99
f5b67999
92653499
e3d22699
a6d59099
8c60de99
6d7fb299
f0c99599
fdbf1c99
f3eef47be8e399
5838d899
69e61799
c0848c99
14251399
17b80b99
fb850899
971be499
c7fbb899
e123e899
ebe41b99
d4243099
b3b24699
2aaa2799
65516d99
e2853399
b0f68199
41ce1699
36361899
d7603b99
59cfee99
b7a1ca99
386c6c99
3547a799
970175e2bf99
cdb3e999
e9f77799
97cfab99
8de99999
96188399
e5ad599
e2476699
2ec4ef99
28570699
a20299
18182799
6b411699
8252d599
ec191899
5c537a99
16e57299
285f2f99
26d5ac99
eef4ae99
48c92599
3edca699
2f39ce99
fafa7b99
d66c1d99
b1d80899
8acf3799
5d23599
2250fd99
8e878b99
931b6d99
290bfa99
11583199
dd49d499
d0498199
1c6a3c99
4a240299
cc0d3899
95294c99
3cb5699
def3ac99
fa646f99
c9719099
39fafd99
71c1399
ffa0b599
b4f05999
1330f799
473b8799
555ca099
5f9db099
afe70099
d0972699
bbd47f99
6747b999
59f56299
b4623f99
2a660199
17634d99
f3535d99
1135099
5c142b99
56007551cf99
dbb3f399
20889f99
a20dcf99
5422ad99
a5cd7699
8bfc3e99
15335c99
93f0978a3ea99
1f5e6999
d6ecc099
8e33a699
2bbf0399
cacb3d99
4e259399
25993399
ab7efd99
9a1b4d99
15052e99
82b46099
1cf1299
1397ed99
319ae799
3e1a9299
b8ffbc99
9da92e3a
df62193a
e7458e3a
a533843a
460fe53a
59f6723a
157d993a
e579f73a
28ff1c3a
94fa223a
4bd7233a
acb18c3a
21adb03a
fe1383a
5834353a
90b4133a
5ba6833a
1cfc3e3a
1ae1283a
8bea413a
9123873a
ba98183a
1006d3b8a3a
ae428d3a
d8a1a3a
1b0f693a
d1b6bb3a
d76d2a3a
245d2f3a
e6f7433a
da23f53a
8db62c3a
e25c4d3a
1e582c3a
d42a0b3a
c6da513a
c6420b3a
15ba9e3a
84c3243a
cdffc33a
9619ec3a
da93d63a
94e8833a
2fa5c43a
f39883a
d0fe1e3a
c53cc3a
ffffff77ec6c3a
c001db3a
bea4c63a
eeecdd3a
9490103a
30bf323a
20786e3a
709b43a
c87b6b3a
24004c3a
9c50343a
6f5da4b4
fe77d0b4
e06c61b4
fc0b69b4
281719b4
88cfcfb4
b46038b4
73afd9b4
d7651cb4
887b7cb4
859921b4
b068f0b4
880ae1b4
d6611cb4
6fedd2b4
1cf515b4
d8de2b4
cb0744b4
a6b24ab4
a668aeb4
ced038b4
28d2297e4b05b4
122d6b4
2209c0b4
3bb34fb4
88e990b4
8df95fb4
5daddeb4
5c1792b4
cf3ef3b4
610a5b4
85cafcb4
9d69a6b4
22ac31b4
73f250b4
2f6711b4
6317a6b4
d472b8b4
e9adacb4
f9d303b4
f631a2b4
48eda1b4
ae89e3b4
a08c8cb4
a46839b4
97e31cb4
92950db4
1af38ab4
960605b4
925155b4
6f3c20b4
2e81dab4
a37291b4
4ad626b4
c7cec4b4
e61e69b4
950ff0b4
25afc9b4
e05d8b4
12c8c3b4
f36508b4
8a6413b4
45a553b4
fd56c1b4
3bc0a6b4
1ceeceb4
ae93af7fbf6eb4
5613fb4
65b76bb4
fa50c4b4
10074b4a2b4
ad35bab4
203b67b4
f38b3eb4
289223b4
5ea3bbb4
fc4221b4
1b4027b1f4fb4
ec6cc6b4
184c187dc76db4
5f2568b4
c39aa7b4
fad041b4
feb786b4
ff3ac6b4
6ce5b7b4
150674b4
65dca5b4
b855cdb4
a90c78b4
70188b4
1f289db4
cc4936b4
e79ad2b4
af9b80b4
10074f8d4b4
883cfab4
c9104cb4
5ad769b4
17a7e0b4
304cefb4
b9487cb4
f273a5b4
3d607db4
c072d5b4
4f71c0b4
ec848cb4
225307b4
b11ce2b4
a3847bb4
edd24eb4
905f1db4
d597d8b4
6b546ab4
8d81b8b4
cc91d9b4
56f160b4
8861bab4
987433b4
f9c064b4
406de7b4
92584eb4
e7a290b4
f95622b4
d1a1b4
b6f8f5b4
82cd57b4
4a3d37b4
28ea94b4
12feb6b4
f11653b4
b3164b4
f51068b4
2267cbb4
d29416b4
38dbd3b4
956203b4
16595fb4
1e47e3b4
1debe8b4
9e3b92b4
4eca49b4
2b298ab4
55724fb4
d83798b4
5ea3d6b4
bd7799b4
fd5a65b4
d6d0d7d2f86b4
c9946bb4
c202c6b4
5146b9b4
34dcdb4
8e5ab6b4
ca6993b4
8c83a3b4
f13e65b4
ec6361b4
a84661b4
5a8806b4
702356b4
dc80f3b4
97f2aab4
22e840b4
d2fda6b4
c2ce0bb4
db81db4
dfc2a0b4
f4e82db4
2d542eb4
a7dc98b4
e1fce6b4
b97e2eb4
12c017abe0cb4
f26eb4
76b5eb4
127517b4
a8167cb4
6602c3b4
b41eb6b4
9204fd9c
b7a73f9c
6d391e9c
adfa589c
fb76d9c
180ede9c
720a819c
2a6ad79c
4eaef9c
e70179c
d770169c
689d959c
c41a699c
c31e249c
c5e1229c
2c8b099c
adadfd9c
def1f89c
1bfc4a9c
f533a59c
14f0599c
50e5499c
e038b29c
67e8d69c
c136689c
87c52a9c
424dd69c
ef63689c
ce17d09c
60651e9c
cdfc569c
3217e89c
fca8629c
a3408a9c
21a8d39c
eeb7449c
cb16c89c
3d85c39c
fd8239c
bf006f9c
fac7a49c
c1e52a9c
e934bd9c
1846f39c
15ca4d9c
714a0e9c
2a30609c
aa6f589c
9e8429c
dc2f159c
83f9cf9c
4638939c
110d117cb6a09c
a553779c
4a6ecb9c
4057f9c
cfe5ed9c
93b8659c
9432d9c
6718a79c
ffc3b09c
68fad39c
6fae0d9c
e6d4e9c
70faec9c
c49cc57f28609c
ce7b149c
e3bf949c
ea4a8d9c
60bd659c
888fce9c
af2db79c
9d59649c
cf08669c
4e51839c
2589979c
4f2b629c
3659b69c
c3ac279c
1f79d09c
d296929c
bf08269c
1c0027a70979c
1cb01d7d3c839c
64180a9c
fa6199c
bcd0c7c58099c
232d889c
6fd80c9c
e7dc799c
6edb7d9c
3ab1689c
1fa7429c
658c889c
efbe569c
6f50489c
6521869c
b301a49c
a4bafa9c
a8fc039c
4c1dd89c
9bd19e9c
315ebd9c
9814899c
13cd5e9c
e4286d9c
6ec38b9c
3b918b9c
19af799c
9920b19c
e988c79c
2aefcd9c
3488619c
ec2aeb9c
8d773e9c
dfb8969c
1801fe9c
af8ed39c
781c19c
172bc09c
8f6e899c
51b5c59c
5afc69c
8ea2129c
d410d89c
41f2409c
3bb65f9c
bac69e9c
ecc44e9c
3216209c
2c92009c
e1f37e9c
5964e79c
ec5f889c
d4bfd19c
6382f19c
4181ca9c
bb14299c
651d2a9c
e1cd819c
baef2c9c
8476eb9c
5295119c
6d5a069c
68fbe19c
1d0a079c
bb90ad9c
1b0077a6929c
4b98c49c
8df6c9c
deea539c
f13ccf9c
a28c9e9c
5b0ab19c
141be49c
59b5039c
169c879e
f59dea9e
33a0a59e
8847999e
6b99559e
4234489e
a53ee19e
5c865d7f344c9e
4150379e
eb98639e
e8804f9e
8a1dfd9e
247c759e
a112059e
d7a73a9e
3d590e9e
3e22779e
c07a359e
db2ae39e
d268d49e
cda4089e
1bd11c7e016e9e
9fbf439e
f483269e
28da0d9e
22bec19e
c5d47b9e
bc1aba9e
ff8559e
8fcd579e
1b2dff9e
9f6fd39e
fb3aa39e
ff3a409e
1ab2fa9e
e843ef9e
5ee1309e
ad9ef99e
f0492b9e
f5dc809e
d518989e
41b0ea9e
498c4a9e
accd4b9e
47e01b9e
d103049e
c3dfac9e
d71399e
e4064b9e
d08fd89e
20f2919e
3007662d99e
889a9a9e
164b299e
326dfe9e
e7289f9e
71943c9e
c9ca0b9e
445f0d9e
5264eb9e
6b3d49e
bdd0a39e
67a4b39e
9c9ecb9e
fc1689e
83cce49e
24ae19e
ce2e689e
b27a649e
a509ff9e
b8ec49e
1e3e499e
e1c2b39e
e00db89e
53942a9e
110b849e
2e584e9e
90124e9e
e8df2d9e
e91fe69e
7bea09e
25f6629e
503c309e
46007960f99e
89e4649e
df57c49e
92f8c59e
baab709e
eb980e9e
c822e49e
60076e9df9e
8b33a49e
5a268c9e
3309119e
d7b7539e
d7702e9e
1e2d329e
87043f9e
cfbdfd9e
9058189e
467df39e
d143329e
c285ed9e
c7946b9e
469529e
d216449e
95a6a29e
ab71d99e
b512aa9e
72b3b89e
124017ace549e
5d1e059e
6852d89e
d8d5289e
972dc49e
847b0b9e
8389339e
724db99e
cae9649e
585c587f28369e
de91009e
96aa379e
47a1779e
aba75f9e
f739cd9e
d379549e
8a36aa9e
11dc609e
13927d9e
b6e57a9e
b21ae59e
b7fc99e
44f48c9e
be6ed89e
9815b79e
41aa089e
97257a9e
90c25b9e
81c6509e
563aff9e
e98fd59e
3be0729e
5bf4289e
c34e3a9e
b7dfeb9e
2ddd2e7e80929e
52139a9e
f845819e
89fb5d9e
81d9839e
c827649e
a79bef9e
150dae9e
e434ff9e
3a884a9e
29bb329e
72eca79e
2930f49e
a6f4a375
8c789a75
ae81dc75
ba3d9e75
b330aa75
9b6f5875
2bd0b75
74567275
9343e375
1547d075
84204a75
2bbe975
40795775
5b542b75
c7972c75
57749875
4ba53f75
2fa0a275
b2492a75
57c1e75
87a03575
ec846575
105bb975
377d8775
7436747fcd9575
81217b75
a459675
b3758d75
5766bd75
dd194875
2a45bf75
6e9bd875
1e546775
fb866075
102017b0f0a75
1b261175
230079122875
261cb75
e5be0675
260ca875
53e83a75
877a877ff56875
366a1475
43e07175
b482b975
4c3cbd75
3e684475
9ea2c775
2007633f275
dbcf6d75
41e98575
90264f75
6f9ab875
90976a75
4dbe2c75
410f0c75
b5812075
2a6b5775
87b4ba75
1bef2175
6c729675
9c4cd475
fcc0c575
44235a75
33dbf675
edcdf175
106f6075
b44bac75
50883a75
65a52875
4d4b6375
6787c775
68027375
6eb9d75
64a7de75
18c8d575
fd31fa75
9e3a3d75
d234af75
f6ddbe75
5ce57f75
5eb2c775
12508b75
4b908875
f7e1175
cc55a775
2c354675
28341075
100753bd375
ad050e75
e3017aed8e75
fa892475
3f4ebd75
e6f17875
66c1f975
f1af0875
d6f7d475
551ea375
b448b875
48543a75
bf8bb475
66d81775
d990e75
c7c22b75
69b63a75
8538f375
226027bd0df75
d7deff75
210079038475
44710c75
a9e8d875
6a47f075
16214075
83250b75
2a3d0775
4a8da875
2150b875
624d4685
30f9e085
54ff557fd38885
a15fa285
4bac4c7fb54285
32839a85
998f5685
20cc9a85
eafea785
46ce1c85
bd7bb385
e1b85485
754f1485
9403185
d2e69385
7bb0785
a9367885
33e87b85
210f217ee16e85
4247f885
fd7b5785
dee19585
32dc0a85
4e1585
68408585
5184fe85
b2cdd185
11b017b7ba085
5fd2ee85
f4ba0f85
965a2485
b8c61285
b2637185
2d602d7f338885
d9be9f85
a286a585
70cc5785
25fae285
5b7f9785
9c31b585
d4bd2785
c27f3d85
fe321685
93ec5d85
26007979eb85
10076008585
c603ee85
6a1fb285
95e18c85
c84fd285
97fffe85
efe33885
d8bdbc85
42567585
43170f85
53e6b485
ac60b7dc30785
2fbead85
de767c85
b83c3f85
7411e185
b147ec85
8fcb4b85
4a2add85
8874e885
1b338685
41080385
c2f9a585
2ed6f485
3693a185
5992cb85
85a8d885
2106c885
ed9fca85
94314385
eece0985
82a82e85
569c3c85
c4c8285
44c89385
287037c4f3985
f5aa7185
f1c24285
d7a38c85
85fd0285
d96a9a85
836d4a85
3aa8685
a43a2f85
b334b985
66382e85
5b6ebb85
284cbc85
243027c32bb85
e8ecc085
6e3d0685
69ed9e85
515cdb85
43a78385
f4fe6285
25e2c385
a3224e85
b69d3285
93148385
46eeec85
6acded85
5c69b085
b4282f85
98a2ab85
120078bb0985
cd615e85
bfc0f285
d1244885
9cb50985
3fb5e385
d7b59d85
f47da485
2d2f7585
205c3685
2fa1b685
4294dd85
b6bf6f85
ed131085
29b1cf85
c55f9785
6583b285
f3da3f85
b5d69c85
44ad5985
da2e9185
9bc62b85
57922985
d0b8e185
9102681b
faa6271b
2e26f01b
1578711b
8db00e1b
d2eccb1b
1320301b
1063421b
c2ba011b
e470fd1b
90a3801b
fcf7cd1b
ab26071b
34c24d1b
41357d1b
fffdff522aa21b
d3f67a1b
1f28351b
a3d1231b
a967241b
e594b81b
daf98a1b
f690bb1b
3004871bf1b
ac19261b
12db1e1b
baf5a21b
336a1921
fbd4fc7b967b21
60f83821
16e01766b1421
8c228c21
21576a21
ba8e3221
2be0377119621
2cb91f21
86972221
97713e21
6b3baa21
b44df121
ca4f3821
65fa8e21
82e9c721
954ad421
6271aa21
702d5521
4f0ae121
5fcc0221
f0d73021
62885721
80a66a21
c6d92121
a9483821
88e22221
1c163e21
3b23f21
19e60921
3861ca21
34bf7421
f0860a21
2007531d535
95713435
d303e335
c6dcdd35
be803b35
fe59ba35
d73fe435
a1604435
f06ea735
dfd8d335
2c9c0235
c00b7f35
fcb8ef35
198abb35
1157117cd2c035
57846a35
481d9935
815f2935
539a547e66b635
9ab1ae35
2da79735
50dc8c35
4dafa335
ce5bba35
ca212b35
1df6b435
5aa32435
baa48735
9d510435
2936fb35
b8069035
be10da35
2452f135
f0cf8535
a47c3135
ae8f4635
a3a7f235
bcabdc35
3e383d35
cf641b35
a574f635
d1bb935
40075f88435
bf89a535
8461dd35
e6411435
317a7c35
834ae035
4f644435
8dcce735
5bc6c935
a7a3a935
9b0a9b7f041635
d1cba397
5abcd397
2910d997
9cb2d897
d84a6e97
cb6b4097
ad042197
cf55fc97
a920ab97
f344897
a9fe9197
3e6ca997
d2da1897
4ad74b7e9ec597
104f1b97
939ccc97
becd6197
434cf597
63e77797
f75b8897
2ac3a397
5b713297
6104d497
5687b97
3b226197
d255ab97
91ed6197
5114cf97
a89bd097
3a8ac97
664d5397
ded9de97
6cfe797
40076338297
55c4f997
47aadd97
b37eb097
5d48197
1da2e197
2400785c6997
b764e497
19b6d897
70787b97
9355a097
4b6e7597
9362f697
6ba22d97
5e838a97
2eb77097
f89d3b97
310078a73797
e8c28797
4057d497
ebb02397
98f90b97
150a2e97
e9acad97
cd676697
e0135897
67ddc897
71ec9c97
f730b297
a21d5997
83687c97
67fd4297
4149c697
b40ca897
c81e897
a0b60697
6526b597
2a32297
214e8597
5adde697
31fdb097
804dff97
f28ba097
9fb09a97
93efc597
3ce6497
e29ca97
230c5b97
fd4c297
6e2b6d97
da7c6f97
17ce8097
6c056097
14fd797
20075a18197
1c16c997
842e7297
11a11b97
93d15c97
a84fa97
f3d9df97
d0790897
53c90697
b6c78097
c7eaa797
a9409197
71f7b997
80a71e97
57588597
ae61af97
a04a4797
7115b597
d9550897
2430cb97
19ef1a7d8f1597
c6af1197
535f1997
b06ee097
ba149597
23e15d97
faa7a897
210b4997
b59c0b97
9950a7c90ca97
86884b97
f3922d97
52a07797
eca7ca97
914a917f483497
6c6d297
8918d597
480a0a97
4ef52d97
3c580397
53820697
ea41397
e0fed197
586ad97
50743297
63a78297
9b324b97
cb8ed997
621e6997
82ad8497
4535e397
40e8cb97
dd359d97
4f63e797
7100e997
2cd81597
29030c97
d0ee597
14c7f897
e72d4a97
69455b97
d1d10997
d79ce497
210ce597
d613122e
b59f402e
16ed282e
b8208b2e
136ea22e
a001482e
599fa02e
7ca892e
99037f2e
46aec02e
d371cf2e
51d1cb2e
10006c7ed92e
10138f2e
347fce2e
8dde8e7437202e
a4aec12e
9105022e
f825682e
1215262e
900c332e
11a8cc2e
a7df9c2e
36178e2e
babcd02e
b6a0b71b28f2e
afa0e02e
66a76773e4402e
6fefa2e
35c3ed2e
809ba32e
1b76322e
e828cd2e
be88e22e
2c4ac32e
68d67d2e
8cc3792e
5fbbd2e
589d052e
b3bbd52e
4abff42e
3172eb2e
3b397b2e
2c0b372e
ea00fb2e
588f412e
25ddc61
52f3ec61
482c3a61
c52c4161
c927de61
66f00461
803bb561
ebc7bc61
416e3461
40b99e61
2c006d8f9c61
51f47761
33265461
94302a61
fe4c5261
1bd16361
3e5c1461
e9f35761
d5276c61
a1bead61
d0257d61
13013661
aa5c5761
8d7bc961
ec82dd61
608f9761
35e12261
6558c761
64498661
6448df61
ba5bf061
b1f21b61
2667b961
e1c70b61
82f4b961
38f55a61
decd3561
d2a3ca61
3f48fd61
99b12161
bd96de61
20e89261
22b40d61
aff74c61
e92be561
18b40f61
63d1b261
b00fe561
ff6e4661
f39ddc61
93d85661
516ed761
66c9aa61
21b57461
1e43fc61
ac1f2361
e7a32c61
5cf93561
562ad961
c8e63161
52ad4261
f5d72461
ae9d8161
db879061
e330b361
4d97b261
49997461
83311261
26a16061
b9225361
e52c3561
8c7fb161
d418d474aaa261
fe76fc61
5b2faf61
aa434261
1101e761
2e79fb61
f47f761
ccf3d461
abb0b71ae5061
3f422d61
cd61e661
c2651f61
aea09861
96531a61
a6ef9061
2828d261
21012172cf1261
121f8561
a1a28261
d1430761
abed2761
e1be5861
18b94161
33a5aa61
eacda861
11f9127caba9a6
dbc31ba6
dd7ccfa6
9c9419a6
bead74a6
d6e05ca6
8f5e7aa6
29edaea6
a701795bcda6
8db082a6
fa687fa6
2bfe65a6
d4afffa6
ee7c6aa6
eb32eca6
c1e66da6
4f9794a6
73a787a6
a7fe02a6
dbfca7a6
4d216ca6
19598ea6
deab6ca6
10914ca6
57cae2a6
f66636a6
f0076f4cea6
edae75a6
b57d9aa6
3cf0e8a6
287b2fa6
635ae1a6
b77ec0a6
cd8364a6
4bd45fa6
9cebbca6
9da73ea6
8876d7a6
db9381a6
f2ebbea6
e0076dfe6a6
63fd3ea6
1695e0a6
f2513da6
626f20a6
aff8dba6
b6bf27a6
dc2010a6
88cce4a6
cd52c4a6
f4a356a6
f5f834a6
9a6a75a6
1d4d32a6
9c2435a6
e7f47ea6
9bda40a6
c2edefa6
8a3024a6
20ea95a6
120077264fa6
56068aa6
234b80a6
aae14ea6
10c521a6
1a1188a6
6f380ea6
eaee7ba6
c1f456a6
9c64c1a6
648779a6
fca20ca6
5e7520a6
d8404fa6
235921a6
80eadca6
4270427dfa55a6
9a6adaa6
191d30a6
ec8ac6a6
d72f27a6
1200772731a6
1d4094a6
d5c8cda6
3aa400a6
d6b7cfa6
94144ba6
721a51a6
31dfaba6
c8f30a6
dc5019a6
a729b6a6
fb49baa6
6028d8a6
ca705ca6
cea518a6
9bf4e3a6
48fba6
40075a95fa6
de1ec7a6
96627da6
f83e2ea6
d1f4eea6
b1ed67a6
bfac36a6
a2256fa6
4c3967a6
34d9c4a6
837e78a6
c4149aa6
d4a7bea6
c1db2ca6
a1e0aaa6
9faa34a6
329f6da6
e53510a6
1c641ba6
6f0436a6
d26476a6
50c14da6
9d15cfa6
513af0a6
9be351a6
f3109aa6
9e4dada6
5224fea6
a07d95a6
6ef697a6
af5c9ca6
27b0d3a6
cc42f4a6
fd58dba6
e57647a6
12773fa6
17143ca6
8aac5ea6
c4cc7ba6
dc09eca6
c24695a6
417a95a6
a34997a6
d48267a6
d42b00a6
494392a6
a1a1bca6
9bbe87a6
be20c7c4318a6
735453a6
9eca9f7ed9eda6
803ac5a6
839284a6
10cceca6
528b91a6
4773f2a6
aa708ea6
ba3570a6
cf7375a6
ea039ea6
8bf15ca6
1e0e74a6
a88cbda6
5edbdba6
b35306a6
513a1aa6
deaef6a6
8bcadfa6
90b1c638
a24fad38
d3dcad38
e545f938
d00771ab038
d3f12038
34ef6438
6bc3c138
939e338
4e421138
18d80638
b79b6238
51e26738
2959297dbb9538
b7f5e38
10458e38
12685838
3c1e7c38
32d54f38
278fc638
617ce038
721e8438
a387a47f1b6338
344e4238
910a738
92233838
cb40dd38
c37ca438
12720e38
23d72138
e63c2f38
9ce04a38
1433638
a12b5a38
bbed1438
af31a738
551e7d38
fb6bfd38
bf82fa38
a19b9238
83b79f38
3c3f0738
30256b38
57978138
c2ccc438
91bf2c38
4ebb1e38
fc3b6038
1a5a8e38
a3a6d338
4d541238
3312337df21f38
d6a9f38
5f8c5038
89b52338
4f47d338
a0a9a91a
dbb2651a
daf01e1a
b8f62d1a
dee8ce1a
82dc801a
b8016daa521a
ca557d1a
9d1eb71a
4e5c751a
b2f2b41a
f826731a
5708d41a
c7d8be1a
8be6f51a
8440801a
1ef3f61a
8a47e41a
50844f1a
ac49d51a
ee4011a
ff48ff7387f11a
babdae1a
383cf61a
8ec92c1a
b8abc61a
eabd0d23
8d0aa623
ee817423
426dad23
ca7d3423
eb813823
44285723
9eb7c923
1fcfc423
402e4623
276ed923
e3b12323
a9623623
12b3ea23
4337f523
362f2423
dbe55323
34b26623
c5bf5e23
df6c9623
cd08be23
e76b3e23
39fe3123
3611123
3e818a23
5a2f4323
28c32975762823
82b9d223
2bc00623
5124ce23
d73dd777206023
af539f23
fd91c723
cbab6723
a4d6c523
92a03d21
fb423d21
3006616df21
388f5821
5f44ce21
b9aede21
46caf721
ca349d21
ab544d21
d727cb21
a077b921
db7cb621
e4b2ce21
ffb5ff6ff68d21
2700688e5321
1a6f1f21
ae92bd21
f34cab21
fc410421
24286f21
9c21fc21
24818921
4325cf21
bf1fdd21
a01a9221
5619f721
210068664621
322c1621
e3d59221
61eb521
afacb821
fd0a2e21
d2696e21
4599377
f066d977
d974cf77
ef0bdb77
90699277
65da2777
915dcb77
31e01077
63e1477
57107b77
5fbeec77
605b5177
4f2e8677
4ad54f77
6461277
5820377
8160f877
ece7ff77
9666d577
5dbba977
a088477
a8996d77
9bedbf77
b0c22577
66dce177
20c62177
dbe80d77
f34e0877
44865277
62e08a77
e3c18977
ed8a1277
14d0ba77
6f1e6a77
46ca3f77
b5866777
d3f6ce77
11eca277
a5715577
62ab1477
2a40f477
c80d6d77
27d7d577
977ad777
6b373877
ca8d877
b91fc177
e0900f77
88a4ac77
eec6077
edd5c377
f9109877
69fa4577
591d1477
32328877
13c03b77
d7463c77
829ea377
1da1777
4c9ff377
56cebd77
94686877
57b37a77
f00ed877
3c2f9077
8e836d77
2e07177
4a8abb77
24b0278e4f077
823bb677
36635777
580dd977
e8112777
90385d77
12332877
ba021877
fda9fe7d986077
21ab0977
8736677
cbbb7777
b461f577
b55dad77
9b837477
cb40ac77
da895477
1a594e77
7eccf77
400740c5177
9cbd1077
4cd98777
96053f77
9801fe77
98b29377
100728ccf77
b8a2f877
e864c777
7984377
3f9ed477
dc57f777
7007474ca77
6acbfd77
5da85577
57576b77
3a149877
dac26d77
3bfd0977
b8054077
b34b7277
f0bfb677
e4cc0877
f0031f77
6e7c9077
ef833777
ae885c77
3ae277
d4de3377
f55b5b77
1269bb77
f2f96477
c6858b67
e5cd8167
8da55167
fbe10767
ae37b367
4b4f5467
1790f967
9e7cf867
55df567
ff96b267
e498a467
c89f0367
b5e6e667
996aa67
c5cc0367
865ec967
490fb567
4e725767
d8182e67
20073fc4267
615ca167
1b72a467
2291be67
b573e667
eac20c67
daf51b67
f2ec0a67
95e60567
be9dd367
e7fd8867
9d486767
5b4f4a67
d94d1d67
3b079b67
e73b3c67
64e86c67
b7226d67
70d067
d1cb567
370077340667
f57b9c67
6cc3d967
405d9367
a3a57c67
990fa267
b5fac267
90790467
21d21f67
bed82b67
47cec667
1dee9567
bb816d67
d4938067
ac637967
ba68667
339e6f67
14f3e767
d32c0567
39002967
4d82ee67
8e7c6c67
b347aa67
6b3d9f67
84b8f167
34e76767
90f067
f05ccd67
6888d967
f0c267
438b2567
26ae4467
ce15eb67
a9247867
b0222e67
6da0d267
d3a93267
bfb15067
96abd667
6029c067
9d1a3d67
eeeca267
c13e5567
5f274f67
bf06b867
f82b2c67
d29f6b67
a78bdd67
c5d6f267
166a4e67
6c593a67
b9ce4767
86648367
1acfac67
ff65ff7e46d467
90f88f67
a5e71467
8b898b67
96d3ef67
988c767
620077c64467
1756f567
b6493e67
124c1267
f73f06a7
ebbaa7
f2f06ea7
a1bae0a7
c54b2ea7
274027aca96a7
219d27a7
c3f61ca7
43cd73a7
605005a7
22bf237d71cea7
bbe2dba7
580014a7
d70c40a7
a46a9ca7
ad841a7
e2fc46a7
b7fd8ea7
67bab8a7
668236a7
2030fda7
796bca7
64a1657e81d6a7
31b00ca7
bedacca7
665568a7
e4d75da7
9eef95a7
5defaba7
3826bca7
aac8a6a7
5fa564a7
164ca5a7
8dc564a7
2f2664a7
30ee1fa7
d33ee8a7
40d9b5a7
20d558a7
ca6fe7a7
9c2c9da7
98dabaa7
135a1da7
516e4da7
f55751a7
ccbfdea7
b31d8ea7
3dd65ba7
92c407a7
632a1ca7
6808a4a7
56813ea7
8bf688a7
4196da7
e93b61a7
50ee28a7
46eac5a7
676c6ba7
c55a39a7
b5b236a7
bbb3a7a7
5d85caa7
e718bda7
522a36a7
52b7a5a7
3a1c60a7
d9ccea7
fbb9bca7
6f4ba9a7
8c8d95a7
8660cba7
687fb9a7
d9c5c4a7
a5457ca7
de623fa7
280c9ca7
5683a0a7
bcc6c6a7
6d112ca7
184637a7
f40fb4a7
1d4686a7
cfda57a7
3ed2b9a7
9af86ea7
613dd1a7
6d798ea7
ab30c9a7
cbbcfba7
35290ca7
323009a7
aeacf8a7
f4eebca7
cd1d06a7
120077438ba7
fb84f8a7
8e1bfba7
d6fb93a7
d45dcca7
a0479aa7
fb976a7
51b9baa7
167840a7
356771a7
9a76aba7
90fee2a7
f1b754a7
2561bea7
d87452a7
5eba21a7
6b5f63a7
b565e4a7
53dfeaa7
8b82dfa7
e81ebaa7
d1841ca7
333f5aa7
eb52c7a7
ae9505a7
cff7eea7
d28901a7
5cb9f7a7
446201a7
db86b5a7
6ff9a4a7
f74511a7
59895ca7
b04b3fa7
950090a7
b49a5a7
c51783a7
105bcda7
f042fba7
cebe66a7
3ceaf9a7
1894fa7
60765ba7
80aa2ba7
f0f8eaa7
54f402a7
9a8af5a7
dfd85aa7
ed0e0aa7
3d851ca7
bd9445a7
36007859caa7
ed6dfca7
1b2107a7
89712ca7
d99051a7
2998f5a7
6130617e78b0a7
41ee0fa7
cb1b31a7
9aa9fea7
94ee69a7
cea7d9a7
cf2b0ea7
ecccb1a7
4ff042a7
843948a7
d36d19a7
14b3157cec80a7
17ff04a7
8f7776a7
c8d18a7
52c184a7
624067c976856
eb978e56
a57b5356
7a91b56
5fcc2f56
3732956
69b9856
41672356
5a749e56
b3c5cb56
2d6ed356
540a2c56
15949356
1a425256
6e1afc56
47bb56
d8002b56
25c06e56
e9cdf356
2e46a956
3ce50456
2eca3256
f11f0256
1437a556
f751f756
a2c46856
fd9a3a56
c67f3356
c55c0156
32a6fe56
b000a856
f2bbe156
f2773a56
226027b897556
1d831f56
ecf16356
b71daa56
f29e2e56
3d089256
e340a656
c8017a87cd56
c2c7e56
dbfc8f56
b146b17ff36456
16007856a356
c8762456
19f8d356
b44e1456
b987ae56
a6c39356
feaf9b56
97b4fc56
49155356
9ff3e256
53588b56
29874e56
4c061456
5f2c7956
46f09956
69f5b956
f1f8e56
b8cf3f56
ea05e956
4592467f038b56
a4b7da56
404af356
13ab5056
1e0b5956
b470c456
e47c4556
f8161156
b0cf7d56
ea1d8656
cce14d56
100eaf56
b2051256
b583fb56
aa7dd56
1b251256
c9d18156
c253f656
9c468056
f87b2a56
5d4f1756
24fb0756
4400b856
3aafcf5d
96ebf55d
c6fcf35d
b47cd35d
4d0ce35d
f8260f5d
dd48845d
37f2e5d
f498365d
fabcd25d
67b7a85d
ca83775d
2cff745d
62467b5d
9dc4025d
2a39775d
1735205d
de2d965d
2661795d
336c5b5d
42e2e45d
f4a58e5d
eb093f5d
5c59755d
4a24985d
a50d7e5d
13673d5d
6c24005d
cc5d195d
6b77805d
45ec295d
92a3245d
4a0078ad475d
3000783c8a5d
177017a4b445d
82ecf5d
84c2335d
4908ea5d
8210ad5d
c3397a5d
94952a5d
34d3205d
54ba875d
cb70b45d
6000615d
2128545d
b764165d
559b625d
55c1365d
41ffa35d
50a21a5d
b664655d
300757a055d
34e5c35d
278fd35d
cc1b4f5d
af51c25d
b5e72b5d
1a408a5d
f966f97f6e285d
53b51c5d
96ae395d
a84f085d
868e485d
c338495d
96319c5d
b4c9c85d
4ab235d
1bc2f85d
cc95a95d
713aa65d
940fd55d
ce38155d
97981f5d
7105565d
b4384a5d
9f4fa95d
4429255d
4b66205d
51a4d05d
f71fc45d
4a7057b73be5d
a51d945d
f4ff4c5d
e6fb765d
72b3ff5d
d1e3ed5d
87daa05d
228afe5d
f562f15d
2ff7e35d
fac7a85d
69dbae5d
d7ce3371
7632f71
a43d5871
38c4971
ee410e71
1f81e671
15609871
5ff3b771
e8cae97e24e171
6d18c71
b7089371
a285c771
c4556771
20073cb7571
8e1d1d71
283eec71
48c4a071
60075117a71
fe405971
45b9f271
f710f7b6efc71
c2e0f571
a9462071
53ce3e71
e0a9371
dbe82f71
49c40271
970c2a71
3dd61c71
c421e171
8e0a9771
c7c41a71
5a4fab71
c2055171
b1ce9071
b1665471
a5369071
a8af2971
b75b0471
929c9971
f8303671
bb6b3a71
91210d71
65160971
19985f71
2e2a9671
35fdcc71
d9a91b71
f07da271
dfac8e71
703d1b71
3567ac71
52d1c871
b9c53271
d13ff871
a94be871
eeaecd71
e4299b71
826df371
d11f8e71
e111e571
71569271
d622c571
9fd8371
5bbf3271
dd535871
c8bf7f71
b801785d1971
4b662d71
6462f71
9ac64e71
ad874171
23cf2e71
c6f69d71
1e30dc71
552b9871
a959971
6b894971
dbec8d71
892bbf71
53721f71
ff61b971
18224e71
6d039471
80f19571
2f80b971
a82a5171
931bd771
577e1371
943b7271
899dab71
6927471
b424bb71
e390cb71
51510371
b1ab7c71
253df971
1f65bb71
8e949b71
44a05f71
2a46b971
1f25cc71
cda60771
d6440c71
bcf78771
a4f49c71
db8ab971
e951171
d0075bb1271
49bc3671
d8658971
b3b3fe71
6f9077aa27a71
f6b7dd06
427f3906
3ddf4a06
9a6d4806
3016ee06
10000ff5b7f8a06
68bd84c
328a184c
dfc2b04c
599e694c
9052b74c
6a6a914c
b44a994c
5ffa604c
ceda584c
f6c3e84c
4913384c
c030854c
d913d44c
c398344c
c653934c
fbc5154c
e64f714c
417cc04c
4c34014c
454e674c
8b55744c
af62294c
a292054c
9540384c
e2c2004c
20dfe64c
e1a6e94c
34ac034c
6e256f4c
c98b4a4c
cead854c
da5e014c
cdb0f34c
d00c1b4c
c250984c
e66f524c
a22e3b4c
3d2fd64c
31d037886804c
849fca4c
9c17d74c
66f0984c
6959874c
f07f8f4c
dcc9a14c
9e7ea84c
8987b54c
193a64c
2734064c
ea80e44c
5c03df4c
cab0e94c
b8137f4c
57c07d4c
40ffaf4c
7500769c844c
8b2cdf4c
30a1f14c
fdcad34c
c8ba834c
55b9c94c
ee502e4c
5a8bdb4c
6b1fce4c
90a84a4c
3ca6524c
bc714b4c
55ceec4c
8bb8bf4c
4ec1154c
fc6efc7cec1f4c
d07c9b4c
8a95164c
c83e794c
4759984c
6502bf4c
e2b53471
bb68ae71
1fe8371
97fa4271
41d06571
c27df71
5e41a771
480e0871
26337371
efe04a71
a0075d10571
4a82a371
c7ce2f71
e7f93371
2dba6871
c5354e71
59dd4671
f5b56971
70be9971
f009071
9394a671
29741771
5e49a71
cd89d071
68e7a771
af796b71
a4e47c71
5404df71
1b0076bcf771
ed410971
f2e6a171
28917271
2faf7471
f4b91b71
8d2ffd71
61708571
b8a1d671
57b3ac71
5d456e71
6a00d771
a7af2771
cfdf7a71
aad30c71
a33e9671
f7143471
362c6d71
2f566671
1f45cd71
17e0f671
af24171
860c9771
90075b56971
82fdaa71
d441a271
a471271
cc78e471
fbf4671
93e78e71
f3bb5971
d0fa7b71
a70fcf71
8a4d5371
52fb0a71
47f1d971
d1286f71
6828e471
590b7371
20714c71
7265cf71
e6c98071
5a17d471
17449871
ef3c6171
62535a71
ffafff7e86ef71
57b32271
9506ed71
210076f5f171
db52fc71
e1e54971
2839b871
b7a2b371
edaf0371
26efb171
41102971
5fce2671
3d0a1071
ba1d6f71
c3219371
4062871
65f7cb71
8e29f571
fc5dc871
ae0c4a71
5f62e171
4e3c8171
2dbcae71
85a90d71
27e78471
5606f71
4c56d371
f8f5771
68648d71
5ecc771
2a853571
1750e171
8d02c71
9136d371
20074413c71
ff00a71
42130771
e0b0c571
3c432871
419e4f52
11db1852
323ff952
d2c1cd52
f6b73452
d4c24e52
726fdb52
33fd5552
2527052
1e7bd352
ace51752
8ff60952
14c57b52
e2468852
5fcc5252
6298d52
a994d252
cbedcc7f4cbe52
112da152
e2025b52
33007752
2f692f7dd6da52
70b00352
c3a40752
41457052
d36f3552
c7a23352
668ca452
de3e52
1d62db52
3199c52
160e6e52
1574d152
3df2ba52
36991952
6a42d852
3321d352
a6d06d52
6b238552
af9c3952
4adc9652
9aa44e52
250bfd52
ca3d9b52
73dfa252
6856a452
cbd7cb52
15b2f252
315ba252
231c252
71e2dd52
415f7752
7170a952
3cd0c152
ceba4d52
10572a52
b680fb52
ae836f52
aa22852
580c6852
5c62ff52
c8df4752
b9681f52
bb955052
210077f53b52
2e916f52
d0ca7b52
488057b7e3c52
92afa052
66898052
fedc6f52
f6412a52
9df32952
e004a52
92afad52
eb96ec52
8623e152
80418552
1ef6152
e282b652
338f3f52
71640e52
8fc4b16c
9621046c
9526d66c
a3642c6c
835cf06c
6817f46c
8576e66c
45a9ab6c
daad706c
4bc52a6c
ba51b86c
929fb56c
f3de9f6c
c409996c
81d03c6c
db14ea6c
9028d6c
dbaa516c
a397656c
47fac36c
9315c06c
f894866c
2a23786c
f5f8a76c
a46fb86c
36a3de6c
c1427f6c
c298516c
e1f89e6c
3043366c
fb79ed6c
37a99b6c
5fb0a06c
f6ab996c
9d39856c
805c9e6c
57e5816c
52dd456c
743bc76c
57183d6c
f8bb736c
a590186c
22a4ed6c
db025f6c
3b350b6c
313a4d6c
27faa6c
5200f86c
5714846c
e4bbb6c
f667386c
11ce756c
a7025e6c
6bc2026c
7355de6c
71d9bb6c
bd185a6c
8f92ef6c
15e43f6c
4ca5336c
5610c06c
63c8246c
844e166c
ae725d6c
573a446c
2fa54f6c
83994d6c
870c566c
a326866c
91abb06c
cd86226c
6e728f6c
1795586c
f0077a7e16c
241f2d6c
a84a416c
f6c8f77fee686c
c677b66c
11df996c
458047be52d6c
928e3f6c
aa87566c
c952886c
812d496c
9a2de96c
670a186c
9826ae6c
52a2476c
74af06c
8ef7ac6c
d9f8766c
cb48576c
a029936c
216c966c
6eb3f56c
44b8296c
ab69396c
2f53086c
71847b6c
8d145f6c
4d0057bff3e6c
9b16b46c
d4b7a56c
4659be6c
2004f46c
b7e06a6c
5c55f6c
82ddce6c
21bb2a82
241a5c82
a6b5b782
8ce18d82
e557882
efc9f07f650582
aa239d82
6bab2b82
c7596e82
840eeb82
4db58982
36905382
6c9e2f82
1f20b082
a3ec8382
3b6b9682
9695f682
5e13ed82
4b8bf182
dc3dcd82
d14f5c82
b542ae82
fd067082
c4bb4382
e304e182
7825582
51767582
19b01f82
22b6fb82
51f45682
d589e82
49be4782
9b9ecc82
88ecd682
9c9d0082
3f8b1c82
f1016382
a5cbe482
c4bcab82
3f5bf582
5bc8da82
59041082
628c4a82
37a8a182
24a93782
a0458b82
a130c382
35279982
bc416782
1563082
59f04d82
724a2b82
34995b82
bab49a82
30075a09782
222dc982
308fb282
c367a382
8c534082
c3121782
c640c7c6dff82
46b54c82
6e460782
aa5ee182
1b9882
ecdaf082
2630b182
84ede582
92fca182
52fd7a82
b46b7e82
d9cc1582
c197e382
498dcf82
33e2c182
3af047b380a82
56a3a82
48e8ba82
98e84c82
b2afab82
c4ee9282
e53cf682
b8d98c82
1aa7f782
fa32c582
44327282
f00771c6f82
43d3cc82
72f74282
c1ae1982
c76fe82
84899482
5ce54a82
10e0c382
c8044782
10074808f82
c5044782
fd2f9982
595f6282
e456f382
2007546f782
c57dd82
ac7b3b82
e3822582
34d81d82
e9435f82
43157a82
a45b1082
f347ae82
14589582
394d6982
3bba8e82
a5875882
10d38f82
a5426282
bfae6982
3ac21b82
2a675b82
ad82c082
aa3a3382
bd876282
2e6e5482
64a9de82
b4da582
fbcf7a82
100077257382
f8c48482
39849b82
4f4ff882
91706182
5bebddc1
1bdb97c1
10074bf52c1
9639d3c1
2bea58c1
9325bbc1
a2845dc1
c2c18dc1
669b9c1
a48875c1
ffef25c1
aac5d1c1
a83ce8c1
bdaa8c1
ab099fc1
6f0f09c1
41df8c1
b1d6cbc1
515c22c1
7f968c1
70a9c9c1
35bd3fc1
8a313ac1
c57252c1
a8a2b6c1
8374e3c1
d786b8c1
a03ba0c1
a3f582c1
8870f7c1
97d776c1
152128c1
3676dfc1
5880c4c1
20fd69c1
bcc239c1
cbe2c4c1
fe41b4c1
84cd2ac1
9eb024c1
4fc1b6c1
dfe365c1
cbe4a2c1
dae6c9c1
acc1dec1
1ceb02c1
e3c582c1
4898ccc1
65f651c1
d66673c1
a81307c1
9c479c7f7069c1
fc8141c1
6eb62bc1
d0046ec1
bafc9ec1
fd8fe4c1
408e18c1
88d0a5c1
38be20c1
e7fdb6c1
af8135c1
9e35b8c1
8f4f69c1
b67daec1
de8d88c1
e9f719c1
66e3dfc1
8f2e8cc1
bf92cec1
4719eac1
7260b4c1
694bf0c1
31618dc1
3bcf5ec1
844965c1
f6b263c1
80c053c1
3abf93c1
4a8a84c1
c817c7c1
df5771c1
a79b87c1
880052c1
c4ffa2c1
916899c1
b77472c1
e2b320c1
6bccc4c1
c3b20c1
950179d90ac1
61f556c1
fe676cc1
4875bdc1
d3def0c1
f9c1eec1
451bc1c1
2d88afc1
d833d3c1
1b6a68c1
81663ec1
8b7d5ec1
74131fc1
600ddbc1
463479c1
5c590fc1
2e2708c1
81b1bcc1
180c7ac1
29106fc1
c0a14ac1
4bc4a3c1
adab37c1
334759c1
86d7a9c1
15b1bbc1
15c017ab293c1
26b2c1
11c181c1
12ae137d505dc1
25edd7c1
817b84c1
c2371bc1
d7fff4c1
a8c20bc1
41ef36c1
e7169ec1
f3b528c1
6b4b41c1
1a4677c1
e969d1c1
445072c1
54b5eec1
f92861c1
f8f2c8c1
4007658f1c1
73612cc1
138d7fc1
c4bff2c1
5b552ec1
5245afc1
33cb79c1
70076e896c1
81a118c1
e5f369c1
28e132c1
a581d1c1
64d31ec1
f5e717c1
be9e1c1
c1d352c1
b25806c1
125b63c1
bedd2bc1
6261d5c1
583ff3c1
be017a18c2c1
15342ac1
1c99fac1
9acbdec1
df780cc1
dbeec1
b196e6c1
4e4b4e7ebf87c1
949c6dc1
469e99c1
4f0969c1
cc6440c1
babfc9c1
f68771c1
400762b55c1
2ddd1ec1
197fd3c1
6d0fa8c1
d84467c1
c685dc1
942603c1
4328f6c1
85c6c9c1
1abc14c1
100754dc7c1
5d1a82c1
2cc393c1
def448c1
e15f5bc1
10fc9bc1
22d978c1
d439a2c1
523ce7c1
2e61a3c1
f782dec1
ab10ccc1
8b6d7bc1
35f1f21b
5a32fb1b
6a655f1b
45d94676ecc61b
cc9fa71b
299de81b
10a6231b
1b21c11b
a81bbf1b
3dd26b1b
ff84ac1b
b560b751c311b
60e3c81b
aed0af77d8121b
420c6f1b
ad3d5e1b
e071d31b
bd032f1b
cbd5851b
60f4781b
e75c501b
684c3f1b
68cd2f1b
16df3b1b
265491b
fab76b1b
2847db1b
38947013
8aeba13
a442d13
bb39b113
1c66d913
fffbff59a22713
cddd1b13
c3bf7213
500503d0313
d3cb8613
ffbafc13
b015ab13
bc699f13
b26f7a13
f415fe13
4936b113
9312913
8a399313
93d0f413
6e441d2a
3c7f32a
e898c52a
96d63e2a
c885cf2a
a6a2782a
91cb042a
5be972a
57bc672a
a6b57b2a
18962a
1497302a
7021b62a
27618c2a
f038ea2a
a34f402a
318037b919c2a
f4d95b2a
190078212f2a
403f822a
b121a62a
58bf8c2a
ab31772a
207d2d2a
69a31b2a
4028c12a
1a0b1e2a
6656b82a
36f0722a
5d7fba2a
d043c12a
254027b49f02a
57421c2a
379f222a
ac2a252a
fa7afa7ff6b42a
b2d9752a
a8636c2a
c676e52a
f869e02a
10074e1972a
9305922a
ba167dac
5ed6b3ac
15c917ac
2ee351ac
ca02f0ac
67eacbac
29b0379bd84ac
83bf60ac
e6aac6ac
812dc8ac
ac8287ac
3c0b34ac
f1f3f3ac
b75970ac
4e5350ac
726032ac
f9988eac
12c303ac
d649aeac
ad531dac
a18664ac
19e535ac
65e621ac
e924a9ac
a37c9eac
806fbbac
29c7c4ac
d81fd4ac
7ca45ac
34d6f5ac
237258ac
384da0ac
86aa33ac
c1804eac
3c0af1ac
6dcdeeac
6f83daac
533390ac
d4e234ac
4fc0fbac
1000760cf0ac
9c9071ac
4b94abac
d0f513ac
d40cf6ac
3e9f62ac
fb392aac
ae9ae2ac
2ce33fac
e4d093ac
260dafac
f7e67ac
2355237c57b9ac
506b77ac
44114ac
f540a0ac
fb5449ac
fea550ac
b5827aac
80619eac
7076adac
1a384ac
2222f4ac
ef03bfac
6da5eac
f89639ac
aacd77ac
bf25f5ac
1c0076919dac
981a9ac
6e0fbac
eb3d8eac
486ed3ac
4ed84fac
84f97bac
f20474ac
f63616ac
3e59f5ac
58d4e7ac
ec7abcac
2ebacfac
63d09aac
4f8479ac
3d763d7ce51aac
6f8690ac
5dee18ac
133b78ac
70137eac
173ad5ac
987548ac
b13efbac
16e796ac
4cbbb7ac
3eec10ac
dae0e1ac
a79d3ac
af0952ac
93713aac
1477c3ac
46cdccac
e977d9ac
a25706ac
4ad68bac
609516ac
f0d6e1ac
983d06ac
cbac0fac
5d6c69ac
b1aed2ac
8330fac
b12fdbac
6ec234ac
95decac
8951a8ac
27f6d3ac
df914dac
e969deac
767077ac73dac
859841ac
f2ca1cac
fbe3e5ac
83e0c3ac
99bbadac
5800dcac
eb98a8ac
b658bfac
3db930ac
a94a15ac
d1e2d7ac
84a779ac
cc74d3ac
d13222ac
8e4069ac
be4996ac
1fc86cac
419b9bac
f86f6ac
eb7f4fac
4e1157ac
808a4aac
a75f6aac
bccb61ac
711235ac
14e6c3ac
d5853fac
21c59dac
f56895ac
201b6fac
44f4bbac
e80178adeaac
9114917dc185ac
8646cfac
352e09ac
b7a17eac
adec14ac
a7bc8eac
f88088ac
bece85ac
61ff19ac
59ed06ac
d2f496ac
2f968bac
d46915ac
e33307ac
d4d114ac
8267e8ac
2b50379c777ac
250e26ac
da6b4dac
1a6e66ac
550077aea4ac
f4fffdac
10000ff73456904
1220a204
f8ca2404
1a7c6404
b3b40d04
a1e64e04
10000ff516f1d04
9fd89d04
b0ddecc5
964928c5
b08348c5
5a123dc5
133d45c5
21a01cc5
e78545c5
8ae178c5
de8b52c5
55893c5
49fc86c5
fdfcfac5
9c8443c5
fb0867c5
4310f2c5
473002c5
bf03ccc5
8a0921c5
e4e482c5
624a2cc5
71d19fc5
d8716dc5
39f189c5
2a3d53c5
4e9b4f7f476ac5
1c499ec5
aedd4dc5
30360cc5
8bfcf9c5
f83313c5
110058c5
3550f0c5
927d39c5
da7e8dc5
239f84c5
4014cac5
630c8ac5
c063cfc5
cd6eabc5
e4a8bc5
e0d192c5
61ebc1c5
f50327c5
3a5ab1c5
49ed1c5
6bcc76c5
23cf9ec5
8fa606c5
4a98ec5
35f112c5
ade7f4c5
46295ec5
ea850c5
b2f0abc5
445cdec5
56a179c5
8a3df2c5
693b29c5
44e061c5
e796f7c5
e92bb5c5
d2484bc5
3443f2c5
9e4234c5
31ebccc5
2e1d5fc5
cf3dadc5
ca4c0fc5
3b4e90c5
50c003c5
9e405bc5
26be83c5
c89336c5
2e0515c5
ca22f5c5
4b0079b20dc5
30d3f9c5
456862c5
fcc79dc5
4c41e9c5
5fbd67c5
6cc783c5
a1b7aec5
2bd23dc5
9716eac5
99d765c5
dbc288c5
21b027ba965c5
1ffcfcc5
ccae48c5
1d0078c208c5
2a67d1c5
73e5cbc5
54e64ec5
570d71c5
2a8769c5
85b4d2c5
4fbcc5
dc97f0c5
20076021fc5
e563c0c5
28f9f5c5
da6f3c5
a6d5fcc5
a427cbc5
ae8a0ec5
e4acb7c5
195ca7c5
bc1cc6c5
eaca08c5
efe7abc5
704559c5
cdd558c5
58306ac5
27c20fc5
a7d53fc5
1c9cfec5
323037c0eacc5
51d1c1c5
235d54c5
4ebff0c5
11ef91c5
98835ac5
6aaa6b7f95b5c5
8cbab2c5
60360ec5
f59ca6c5
e48b0bc5
b7fe22c5
5717ec5
8030d5c5
644f8bc5
a9a76ec5
cc6625c5
6ee1ac5
bbf06ac5
e81735c5
d11276c5
113db7c5
9c1503c5
336404c5
a8ced1c5
2d88e2c5
d4c5a5c5
c0077ea1cc5
b654cfc5
5f3cb2c5
4105417f17bfc5
ed02f2c5
941a5ac5
efed59c5
ce96b7c5
b0efa5c5
396e67c5
37f159c5
e8795fc5
8e19a0c5
730370c5
1be7cfc5
c73e2bc5
699f6fc5
d55b12c5
4b5792c5
ec7954c5
519389c5
62efe8c5
f17a3c5
f0a83fc5
83cdedc5
298ad8c5
2f0a97c5
e1ac5bc5
d5be89c5
ba7544c5
56c0bdc5
144764c5
81f60bc5
3a9b12c5
101fc5
bdde2cc5
1028c4c5
f90326c5
da37a9c5
aa1926c5
5ff511c5
630f50c5
b4a885c5
702764c5
c5f4bdc5
73fd02c5
e790d1c5
86ba75c5
edb730c5
d887b2c5
c4187bc5
72b283c5
51ac74c5
